time,flux,flux_err,planet_number
1714.7644351777033,-8.119412379695554e-05,0.00011267513634797821,0
1714.7852674155126,0.00011178576160814457,0.00011270308533297992,0
1714.8061016014692,-1.0877065944125333e-05,0.000112774086303134,0
1714.8262408363694,6.215349249427167e-05,0.0001168103381138052,0
1714.846380760701,0.00035585024834716646,0.00011288162559194024,0
1714.8672135431123,0.0001317217222702661,0.00011289481529974783,0
1714.8873530511917,8.038837673893455e-05,0.00011687270039241801,0
1714.90749406776,0.00022852541488374207,0.00011287065895924157,0
1714.9283287960834,-0.00017437163469878305,0.00011283418934954904,0
1714.9490528770164,0.00011185915597117593,0.0001211484874721678,0
1714.9679125210453,-1.726686784280698e-05,0.0001166425019717525,0
1714.9894363967317,0.00013459418915169128,0.00011265128047553595,0
1715.0102725751117,0.00014083934516190237,0.00011261598997534744,0
1715.0304098138631,3.938747182903597e-05,0.00011656253329757553,0
1715.0505506521229,0.000145409808119574,0.0001126292387236146,0
1715.0713816552795,0.00012364063162861134,0.00011267882978057461,0
1715.0915194814438,-0.00011014664181849685,0.00011671631077269749,0
1715.1116637099271,6.316771712163941e-05,0.00011279153231777559,0
1715.1324933399421,-3.619537129848544e-05,0.00011286399744306226,0
1715.1526344308566,-3.273007991224216e-05,0.00011684626784388733,0
1715.172774459726,-6.50912224789145e-05,0.00011290205195593753,0
1715.1936098866008,3.550704929684297e-06,0.00011286479156845482,0
1715.2144427137648,6.010714087201221e-05,0.00011282010015039622,0
1715.2345822118964,-3.474443320417012e-05,0.00011668584022423013,0
1715.254720619878,0.0002394902532297725,0.00011266432387275329,0
1715.2755566168469,-0.00013522274287463117,0.00011257848512801087,0
1715.2956922405667,-0.00042329878887489034,0.00011646490134165336,0
1715.3158344428468,-0.0011653561276300567,0.00011243638949836294,0
1715.3366664451994,-0.001033890743578301,0.00011244123865942363,0
1715.3568044964763,-0.00134565501483269,0.00011637560649041038,0
1715.3769416912412,-0.001184170707801842,0.0001125104124468547,0
1715.3977766747812,-0.0010602924080814228,0.00011250359557092659,0
1715.4186052868106,-0.00029034768213108246,0.00011263631818878859,0
1715.4387472477877,6.569140383348095e-06,0.00011667494950872889,0
1715.4588863860336,7.471081745934587e-05,0.00011281430005871822,0
1715.4797177545197,-0.0001001204893311028,0.0001128780057268803,0
1715.4998611146125,-9.674380733556088e-06,0.0001169513732262148,0
1715.5199978326157,0.00019592391297362286,0.00011303808456856454,0
1715.54083430087,0.0004194749540144679,0.00011311562720467114,0
1715.5609731521645,9.349914231044806e-05,0.00011712966578784212,0
1715.5811141654333,3.8627655030770227e-05,0.00011319044060687635,0
1715.6019476924052,1.4024661635128089e-05,0.00011318131067849859,0
1715.6227824537857,-9.859787318535867e-05,0.00011318938797210044,0
1715.640835965051,-0.00018006593901274945,0.00013218111364460554,0
1715.665835593794,0.00014618531434592582,0.00013222250388530898,0
1715.6838930332187,2.4747460343448188e-05,0.00011322914825290729,0
1715.7040294317192,4.822407276434443e-05,0.00011720764206495401,0
1715.725558066197,-1.639450045098036e-05,0.00014622786488060991,0
1715.745002061279,-0.00010934522677986052,0.00011330779243947267,0
1715.765142327408,1.1970226772991258e-06,0.00011732601805308208,0
1715.7852816943455,1.8319962977575964e-05,0.00011339627245744508,0
1715.8061143330667,0.0001162666632055659,0.00011349126469157583,0
1715.8270465241292,-4.784013730264998e-05,0.00011751947333615696,0
1715.8470877149223,4.17704186459966e-06,0.00011758880992676155,0
1715.8672272305766,-7.527173266343657e-05,0.00011364226841614258,0
1715.8880621279752,0.00011521669212074861,0.00011367306535141796,0
1715.908200416382,4.5795043600677035e-05,0.00011762728382597304,0
1715.9283415076777,-0.0002282263847886486,0.00011357637637499085,0
1715.9463970168674,0.00014547298340431485,0.0001325767219524396,0
1732.5257765853241,-6.066899594366142e-05,0.00011556099992421343,0
1732.5466119729,1.5376166600843618e-05,0.00011569332681340204,0
1732.567444058996,0.00023281943820004257,0.00011582105455310596,0
1732.5875860903989,4.524125243325106e-05,0.00011996289215251903,0
1732.6077273796102,2.0510614753007033e-05,0.00011592426808442641,0
1732.6285591229423,6.902267473861629e-05,0.00011595164602249261,0
1732.648699929691,0.0002250351132463896,0.00012004706542062321,0
1732.6688398221836,3.749286492859575e-05,0.00011592641721127924,0
1732.6896744276874,1.7545900655345733e-05,0.00011595888424680409,0
1732.7098098517743,0.0002516701291399698,0.00012002759778627847,0
1732.729948185983,0.00013615471020727036,0.00011602095790972939,0
1732.750781059287,-3.3284613676626044e-05,0.00011611995044999328,0
1732.7716143451062,0.0002753583454315397,0.00011626780410048618,0
1732.7917509098666,7.467847254906665e-05,0.0001205353394642924,0
1732.811889408639,-4.6132708437723955e-05,0.00011662567106394984,0
1732.8327238437228,0.00012600965364827668,0.00011680680277708066,0
1732.8528639292545,0.00022418522796590127,0.00012108402780375957,0
1732.873004200865,-0.00019297178644020441,0.0001171039790869078,0
1732.8938407692856,-6.630833302554248e-05,0.00011719625256364447,0
1732.9139799228562,3.420983757968882e-05,0.00012131928877526493,0
1732.9341230427028,-2.5112956888749524e-05,0.00011716069546173458,0
1732.9549571891002,3.074288846714773e-05,0.00011707803099490428,0
1732.9757904690266,-0.00016917091294555345,0.00011692205210705004,0
1732.9959277273176,-4.75941910829855e-05,0.00012091563364875792,0
1733.0160662000783,-0.00019396072021335433,0.00011670303820047616,0
1733.036897817237,-0.00018260068099828396,0.00011668710381821602,0
1733.0570373492242,-0.00043693402346851103,0.00012078950666389645,0
1733.0771741704214,-0.0008258302218781005,0.00011672639671716736,0
1733.098006433528,-0.001243600003713233,0.00011680786793442688,0
1733.1181464572112,-0.0012665935903905254,0.00012103307692723078,0
1733.1382841610246,-0.0012814789836181955,0.0001170487465011337,0
1733.15911990428,-0.0010515934999954265,0.0001171742493016569,0
1733.179954806683,-0.0003263187539495696,0.00011722791811560108,0
1733.2000972474466,-8.704496828301821e-05,0.00012135458873210711,0
1733.2202371764793,0.00014897417580565575,0.00011714205674721031,0
1733.241069843272,-0.00012623777137057992,0.0001170253287832613,0
1733.2612107626512,9.72005156610112e-06,0.00012097835183538718,0
1733.2813491983754,-0.00010606273479032746,0.00011673574222903256,0
1733.3021828803016,0.00015941140922684545,0.00011660189428957806,0
1733.3223215439589,3.18643976072795e-05,0.00012058495616569822,0
1733.3424586149513,2.9580359083055277e-05,0.000116437319755319,0
1733.3632894438238,5.0544244229059464e-05,0.00011644552680361455,0
1733.3841214590414,2.1594058460023196e-05,0.00011646876899799352,0
1733.4042607787555,8.13615481293054e-05,0.00012065406064302003,0
1733.4243969871682,0.0001637947364966305,0.00011666724616736125,0
1733.4452305517523,-0.00012898557362119785,0.00011680792776331468,0
1733.465369916369,-9.151980989289753e-05,0.00012109301393565255,0
1733.4842929867284,1.2497266021619537e-05,0.0001603786870623461,0
1733.506341898508,0.00013590949258909522,0.00011732951147071749,0
1733.5264826553491,-7.245084990614285e-05,0.00012160624848255092,0
1733.5466211253172,-0.00014512348148089762,0.0001176305734909046,0
1733.5674544674523,9.41453884262213e-05,0.00011780821936120461,0
1733.5882891382046,-6.994996783208249e-05,0.00011795171566218778,0
1733.608428810999,-0.0001301120275274332,0.00012217904440489638,0
1733.6285697222281,-7.261545366466066e-05,0.00012222170970507443,0
1733.6494030905214,-0.00021459431963520952,0.00011813119155476158,0
1733.669540831968,8.233593494636321e-05,0.0001223718299954779,0
1733.6896805064403,0.00012031316610927255,0.00011828829970206097,0
1733.7077374859061,0.0002645585209099073,0.00013822841439090517,0
1741.4064275626727,0.0002383760176617213,0.00011320052610216861,0
1741.426864167443,8.113880611967274e-05,0.0001171881552468488,0
1741.4480919800155,0.00016757528196433772,0.00011321378610393173,0
1741.4682316491162,-2.5255104187478717e-05,0.00011718072276218041,0
1741.4883720273433,0.00010054010646171871,0.00011322474482595165,0
1741.509202895446,9.324537915937364e-05,0.00011322544827738704,0
1741.5293435606975,-0.00016595128921125852,0.00011720165771813903,0
1741.5498784530569,-1.937707473400781e-05,0.00011721735856139963,0
1741.570315724665,4.8951385303152556e-05,0.00011326652652754647,0
1741.5904546036475,-9.976276469334029e-05,0.00011724762275962882,0
1741.6105932045352,5.801851012552704e-06,0.00011326186837090331,0
1741.6314291657482,0.00013339717089016508,0.0001133004831285947,0
1741.652260188283,0.0001806304090708608,0.00011327457904183427,0
1741.6724030029202,0.00013658338164431266,0.00011726897448683997,0
1741.692542337831,-2.1444691057983752e-05,0.00011328113136638336,0
1741.7133732540865,3.163778835335702e-05,0.00011325871376988469,0
1741.733509970425,0.0001248078276968873,0.00011722497065792473,0
1741.7536480163787,-3.988928735094565e-07,0.00011330831396753439,0
1741.7744837046887,-0.00014705210125592018,0.00011328872133942179,0
1741.7946227813209,0.00011112614400111711,0.00011731580466044357,0
1741.8147633077747,-2.199607711536203e-05,0.0001133443230246075,0
1741.835593619389,-0.0002961293039399457,0.00011336442227990792,0
1741.856428493398,9.305998236159443e-05,0.00011338900349744723,0
1741.876567978875,-0.00013417609281472057,0.00011736888881633239,0
1741.896709207668,0.0001584681082976216,0.00011339381343683569,0
1741.9175420391941,-0.00011374537148493014,0.00011336043283562385,0
1741.9376822761267,-0.0005607732629082927,0.00011728988147838076,0
1741.957819206172,-0.0011741988382659833,0.00011324061964260652,0
1741.9786505784148,-0.0013713235562218804,0.00011321816510827192,0
1741.9987934895462,-0.0010851667243454305,0.00011723487429165413,0
1742.018929147927,-0.0012003045929177426,0.00011326856514509313,0
1742.0397612596103,-0.001141096862906688,0.00011328573055409566,0
1742.060594805559,-0.00026045990663591597,0.00011337905489238845,0
1742.0807364076384,5.1218252068613164e-06,0.00011738111485232538,0
1742.1008772323053,0.000116823839719157,0.00011341280057045852,0
1742.1217082441772,0.00014835427262352088,0.00011342955592574,0
1742.1418469789364,7.798242297526949e-05,0.00011740741128672664,0
1742.1619880061899,9.862635234880762e-05,0.00011341077624658186,0
1742.1828217445416,0.00038114214480332683,0.00011340766031394142,0
1742.202960559131,-7.318500882073052e-05,0.00011733288774090815,0
1742.2230993151568,8.695639443465363e-05,0.00011332587153133235,0
1742.2439338974737,-6.119531398898188e-05,0.0001133023902382312,0
1742.264764908838,-4.389117462770423e-06,0.0001132752865288697,0
1742.2849053679558,0.00020146309563929052,0.00011728120405666262,0
1742.3050418645164,7.819020846656272e-05,0.00011330513244413265,0
1742.325876778642,-0.000115251843217861,0.00011330508510891009,0
1742.3460143505001,-2.1403919699278016e-05,0.0001172774876871947,0
1742.3661531721275,0.0001860549489262093,0.00011334047696590917,0
1742.3869871129584,-0.00011155645603116288,0.00011331350245491291,0
1742.4071254836697,4.808402764974843e-05,0.00011734871672551196,0
1742.4272644485216,-7.287257707918603e-06,0.00011337652318623753,0
1742.4481005899793,9.035466777610242e-05,0.0001134005757447513,0
1742.4689335965693,1.2717691232553821e-05,0.00011339222461928124,0
1742.4890726358026,6.648926443442129e-05,0.00011741765182356111,0
1742.509208997086,-7.226897507811777e-05,0.00011345360145276295,0
1742.5300440505382,-0.00011069539349390713,0.00011348034146106284,0
1742.550182033606,-0.00016042836686634143,0.00011747614147900024,0
1742.5703218791066,8.25699894419556e-05,0.00011352716779843258,0
1742.5883776310936,-7.167346895511556e-06,0.00013260821570402389,0
1759.1690123345402,-0.00014578284454385982,0.00011472244067823113,0
1759.189846683039,-1.7896715372573722e-05,0.0001146821867305402,0
1759.2106822561477,-0.00018470171459995368,0.0001146094598212097,0
1759.2308176510426,0.0001713703559553425,0.00011861461341528235,0
1759.250957478132,0.00012090209681790312,0.00011455629507981776,0
1759.2717909299279,-8.020980886014742e-05,0.00011451714716554493,0
1759.291927125315,-5.684764294901896e-05,0.00011854076518262726,0
1759.312066586027,-0.00014743088452712523,0.00011452883157624622,0
1759.332897399508,-0.00021809723216522137,0.0001145964023725332,0
1759.35303967635,-0.00011030162296065854,0.00011865321566178122,0
1759.373177832774,9.702289144232695e-05,0.00011469396658682148,0
1759.3940093175622,-0.00014522762297211202,0.00011473591169931571,0
1759.4148426949537,-4.5578652584066785e-05,0.00011479019498986855,0
1759.4349836984866,-0.0003648062629924225,0.00011878124079189463,0
1759.4551219752855,-0.00012750976477690954,0.00011478588608726841,0
1759.4759560077673,0.00030604676271758964,0.00011481560403154707,0
1759.4960935556392,4.259237574094528e-05,0.00011882952693882929,0
1759.5162333001324,6.878504782849203e-05,0.00011484265361680152,0
1759.5370657405701,7.168561383114104e-05,0.00011490072875440766,0
1759.5572040090215,4.0774181821799444e-05,0.00011899520978200243,0
1759.5773432566577,-4.542744116634532e-05,0.00011500328727074152,0
1759.598175202453,-0.0001095749577248235,0.00011505802182525091,0
1759.6190108762526,-2.6613689023195297e-06,0.00011509668572564225,0
1759.6391496169267,-0.0002699559641873278,0.0001191749764234834,0
1759.6592878896959,-0.00010169487620007368,0.00011518524978325598,0
1759.6801238512064,3.492265330432582e-05,0.00011525016189105367,0
1759.7002604069032,-0.0007062892124131882,0.00011931814585643054,0
1759.7203991218007,-0.0008604238767968234,0.00011533950247643922,0
1759.7412326804465,-0.0013171108321621493,0.00011541962287381939,0
1759.7613708412086,-0.0011236679294642535,0.00011961041597502857,0
1759.7815075174829,-0.0011230539249940735,0.00011568802581558832,0
1759.802340739794,-0.0008784264093084535,0.00011584627174039583,0
1759.8231744016334,-0.0002703515970437354,0.00011601896007609237,0
1759.8433155325588,2.524692169705667e-05,0.00012019328787790763,0
1759.8634566838796,2.5623707918149897e-05,0.00011619600173956472,0
1759.8842925744357,7.671287728669796e-05,0.00011620457461815082,0
1759.9044330586657,7.856627390220568e-05,0.00012017826136000227,0
1759.9245722930773,-8.578857410225087e-05,0.0001200675794291462,0
1759.945404782151,3.6511171245455746e-05,0.00011587978802854508,0
1759.9655445310386,-4.7000326490692165e-05,0.00011985854214904155,0
1759.9856819696663,7.212723465101198e-05,0.00011571038380237655,0
1760.0065141786524,5.7709647386197173e-05,0.00011570505777039997,0
1760.0273459133005,0.00025534483891182105,0.00011574504777390697,0
1760.0474842478031,0.00017411743033932169,0.00011987251786563878,0
1760.067621727326,9.180657360182044e-05,0.00011591947668511266,0
1760.088455291659,4.8746694610954296e-05,0.00011600774633965608,0
1760.108592051898,0.00017929135005462688,0.0001201712425386645,0
1760.1287342261617,0.00011923148538723104,0.00011614410216285979,0
1760.1495708815498,-6.546212965827582e-05,0.0001161324234637493,0
1760.1697103111487,0.00011662316139301657,0.00012014905426037942,0
1760.1898489824976,-9.137761486491422e-05,0.00011597100225201638,0
1760.2106827005477,-0.00010917952299212378,0.00011589686802785659,0
1760.231516008867,0.0001754312736739824,0.00011582138906868603,0
1760.251654488468,-0.00013432717443119643,0.0001198083172493853,0
1760.2717911052086,-0.0001045319752180661,0.00011569118691407418,0
1760.292621850739,0.0002005674895702939,0.00011572179312831636,0
1760.3127628220432,0.00010573575360443651,0.00011984231766046054,0
1760.332901522983,0.00011517955475449769,0.00011582662099263199,0
1760.3509559584757,1.1276471764421597e-05,0.0001353161311786189,0
1768.0491361771747,0.00018137253507237926,0.00012317031516554606,0
1768.069005928938,0.0001158087953118035,0.00011469955296462601,0
1768.0898400183964,-0.00014928034235066418,0.00011467083722985855,0
1768.1099782770489,1.6459858281982865e-05,0.00011868520282632765,0
1768.13011686085,4.786173106101887e-06,0.00011469178013335735,0
1768.150953053695,0.00015255719828045032,0.00011468167251643183,0
1768.1717852700806,9.967990403613513e-05,0.00012317539656435332,0
1768.1912323885715,1.6989675928284585e-05,0.00011468560268583245,0
1768.2120606779688,0.00034635173325740765,0.00011468780974162572,0
1768.2321996223648,-0.00016935413306180355,0.00011867876521802742,0
1768.2530352511706,-4.9194107332296524e-05,0.0001186879493997465,0
1768.2731736886951,-8.236370919713809e-05,0.0001146702074920808,0
1768.2943042950087,4.75207777482706e-05,0.00011871452822596952,0
1768.3141464551793,-0.00010622802554923002,0.00011867394310387677,0
1768.3342817747875,-5.0484042237812734e-05,0.00011466111750067653,0
1768.3551182991007,0.00013923399917750335,0.00011467568318645796,0
1768.3744354596747,0.00029051406190005856,0.00013393344002760803,0
1768.395395943172,-5.749750790961982e-05,0.00011468890279037552,0
1768.4167249764164,7.129844624432121e-06,0.000118687622407882,0
1768.4370616025687,1.7671168969610016e-05,0.00011467184108963609,0
1768.457201746143,-0.0001528301654113634,0.00011869892164664868,0
1768.4773367711284,0.00011079059257093298,0.00011465919017189923,0
1768.4981699984921,-1.789902462908053e-05,0.00011467431606542652,0
1768.5183110890177,-0.0002850047394873176,0.00011870582409161745,0
1768.5384509713554,7.920538628527524e-05,0.00011467664963260148,0
1768.5595819667487,8.42803536405508e-05,0.00011868679610976071,0
1768.5780354403532,-0.00045337819974614085,0.00012817438593513828,0
1768.6030318315372,-0.0009385155291704064,0.00014038653925783868,0
1768.6203966903067,-0.0011306620783457474,0.00011463415244520834,0
1768.6409267173317,-0.0007933251001111712,0.00011864680094491535,0
1768.6609920710864,-0.0012880353117690432,0.00012311424525142083,0
1768.6815059326034,-0.0009151616101276297,0.00011462675426641606,0
1768.7023394501432,-0.0003770841178262059,0.00011466437565162435,0
1768.7224782663643,5.799104440841334e-05,0.00011865806429877266,0
1768.7433100570256,-0.00017491805447301625,0.00011868131698441774,0
1768.7635564738152,0.000256799415980286,0.00012316117166836048,0
1768.7835878225571,3.915270308084806e-05,0.00011868654651110842,0
1768.8037258943511,8.585247809538146e-05,0.00011464779488873524,0
1768.824559721237,1.627190236692724e-06,0.0001147019953168159,0
1768.8454979293322,-0.00013416724625510385,0.00012316722025197726,0
1768.8655323510354,-1.68855451613465e-05,0.00011866680276565285,0
1768.8856710858315,-3.0025964503831526e-05,0.00011465908443700241,0
1768.906303789115,6.764406635851423e-05,0.00011869400420396342,0
1768.926643185435,-0.00010608068324341951,0.00011866256474110209,0
1768.9467803872833,0.00019235079475665988,0.00011464256935422642,0
1768.9676178897496,-6.459129097324988e-05,0.000114669538199155,0
1768.9877526382895,1.153460888419568e-05,0.00011867796289750814,0
1769.0078942956904,0.0001647129375797027,0.00011467479918313266,0
1769.0287249730272,3.210046348220705e-05,0.00011465746878381226,0
1769.0494583671552,1.0543804702940894e-05,0.00011867917375297302,0
1769.069698916238,-0.00010200392531755788,0.00011871540434584038,0
1769.0893408544514,0.00014736098854847756,0.00011873726753720232,0
1769.110670959273,0.00010090374180318449,0.00011470257784857273,0
1769.1308059904977,-0.00011470283965992751,0.00011870079134650707,0
1769.1509486729547,-1.5300965965704674e-05,0.00011465622386891365,0
1769.171778401814,-2.4689083602628513e-05,0.00011467855086834018,0
1769.1919208586505,-0.00019508889898458588,0.00011871848781286113,0
1769.2120579309935,-0.00014947342972175626,0.00011467882692260285,0
1769.2301167613912,-0.00030063007253848816,0.00013391363254872167,0
1785.8091956881406,-6.719639752700979e-05,0.00011514014032291758,0
1785.8288734767277,-4.705381733062273e-05,0.00012872997118766364,0
1785.8508631100326,0.0001530999256725821,0.00011517810008345266,0
1785.87159096913,0.00023028753278930548,0.00012369452526494803,0
1785.89113933869,9.676480308188148e-05,0.00011514435027306436,0
1785.9119735293084,0.0001072951477725163,0.00011514197788471224,0
1785.9321129823347,0.0002060560109776359,0.00011915667315902423,0
1785.9522535314409,-0.0003130635656446494,0.00011510031321809345,0
1785.973085011343,8.264841442981143e-05,0.00011511063239767649,0
1785.9939186044658,-3.775297489570653e-05,0.00011512157048781798,0
1786.0140569126686,6.554831068321294e-05,0.00011914297294397982,0
1786.0341956518569,-4.433391938592491e-05,0.00011515711819570353,0
1786.055028639624,-2.846965422587962e-05,0.00011516937006349225,0
1786.0751676382702,-5.51919061810821e-05,0.00011922868791632004,0
1786.0953070373926,7.578606394719924e-05,0.0001152127105525964,0
1786.1161397085361,0.0003513153138503952,0.00011525047596794412,0
1786.1362788759577,0.00017654585735745948,0.0001192767327397751,0
1786.1564183796818,-3.579585849798048e-05,0.00011523452436281756,0
1786.1772544600321,0.00013990129249874774,0.00011524507632162832,0
1786.1980818916618,-0.00013088409089920903,0.00011519449355522235,0
1786.218218824169,6.450330249621294e-06,0.00011926477488256512,0
1786.2383617391156,4.534598952850408e-06,0.00011520610045176067,0
1786.2591932133669,8.12752763857411e-05,0.00011521025100128576,0
1786.279334049567,0.00023645742018791197,0.00011927505422001994,0
1786.2994731323383,3.1238064317299986e-07,0.00011522568134296032,0
1786.3203026144784,-6.678625029126577e-05,0.00011524270774606159,0
1786.3404990579306,-0.0005882669335986512,0.00012373450307824534,0
1786.3605804750969,-0.0009327691498540359,0.00011520284056126171,0
1786.3814139777623,-0.001329405099107608,0.00011519543758897636,0
1786.4022471273056,-0.0011728058720886455,0.00011522719202874071,0
1786.4220128683264,-0.0009446734310897688,0.00012381268654192102,0
1786.4425277444918,-0.0011791439768749292,0.00011526591800626365,0
1786.4633593487688,-0.0002999492763911313,0.00011532402933953949,0
1786.4834980196863,-8.792379915784815e-05,0.00011937627665868274,0
1786.5036354287083,4.6621639662750644e-05,0.00011537550577812533,0
1786.5244684234833,0.0002047607869059858,0.00011535909981706956,0
1786.544605634847,-0.00012514573325199152,0.00011942420139382093,0
1786.5647473703243,-4.2902940258392335e-06,0.00011537981961985607,0
1786.5855800564166,-5.27140644815607e-06,0.00011541791713998322,0
1786.6064132154454,0.0001550955927800626,0.00011544450670369827,0
1786.6265514895333,-2.100015599434287e-06,0.00011947661028340541,0
1786.6466917048501,-1.002842107108686e-05,0.00011545106855666625,0
1786.667525550435,-3.4868475602516746e-05,0.00011545190236282373,0
1786.6876614375951,-0.00019077772811512057,0.00011950389209158552,0
1786.7077988999765,8.673818386971399e-05,0.00011549829714636468,0
1786.7286334918656,-2.608044074436817e-05,0.00011546528083453249,0
1786.7487730580062,0.00011464601523972208,0.00011957234133100103,0
1786.7689089837495,-6.939708433040277e-05,0.00011554886823137126,0
1786.7897472733664,0.0002678051660263448,0.00011562341072741727,0
1786.8105770559584,-2.890783405164754e-05,0.00011563555599818249,0
1786.8307176010821,0.0002433900937492495,0.0001197025136738197,0
1786.8508565560542,-6.052512542877904e-05,0.00011567323758598503,0
1786.8716887431829,-3.9945176119607137e-05,0.00011564595565289384,0
1786.8918283352868,-0.00010171990071528985,0.00011966689637987257,0
1786.9119687423408,4.210858135804136e-05,0.0001156175265104162,0
1786.9327996188786,7.643482732127042e-05,0.00011559857065011756,0
1786.9529371618466,-0.00014080236812992074,0.00011963231417874217,0
1786.9730773008544,2.8903448318808412e-05,0.00011558736517245169,0
1786.9911311394262,0.00013890399611384365,0.00013500242871721644,0
1794.6938477906574,-8.521698372200281e-05,0.0001495221964945553,0
1794.7144823629978,0.0001716081176494508,0.0001547609499669981,0
1794.7355049985322,-0.00020446365916003607,0.0001495101379380025,0
1794.755649939269,-9.529728598086931e-05,0.00015476840124548766,0
1794.7757858891605,-0.00010028121402169557,0.000149467496414553,0
1794.7966193906461,0.00012932183143313532,0.0001495319312960748,0
1794.8167606961176,-0.0001370412112785769,0.00015483673121523194,0
1794.8368949352391,7.31476638403804e-05,0.00014947305836505547,0
1794.8577337528475,5.1175979165225874e-05,0.0001495793433314321,0
1794.8785608797543,7.499112263592983e-05,0.0001495583885000277,0
1794.898102491703,-5.399426776606756e-05,0.00016076460811385935,0
1794.9188465504196,8.875023207086487e-05,0.00014955276792864361,0
1794.9348149428433,0.00042491067908466813,0.00020491581183731408,0
1794.9598136193686,-8.786143217834879e-05,0.00015469605808232637,0
1794.9799496255646,4.9373187952860323e-05,0.0001494932611014638,0
1795.0007860566209,6.031488912888838e-05,0.0001494650880367195,0
1795.020921289944,0.00011248686587462038,0.00015473322781382146,0
1795.0410539694299,3.673420175598509e-05,0.0001495111451504306,0
1795.061894327489,6.902206320769752e-05,0.0001494896080113627,0
1795.0827197922165,5.082481061250207e-05,0.00014955001718537796,0
1795.1028580582783,0.00017118252426331907,0.00015475216411875843,0
1795.1230087752654,5.57268199904682e-05,0.00014954822983248984,0
1795.1438393775932,0.00010354314675253232,0.00014960075521480828,0
1795.1639801438803,2.8568962734977566e-05,0.00015476748297456086,0
1795.1841104330092,4.7174436531907463e-05,0.000149514335871365,0
1795.2049518699457,2.2426516674352643e-05,0.00014952316553096641,0
1795.2250832337886,-0.00027022792694341043,0.00015472904442737447,0
1795.245226112154,-0.0009623443175890351,0.0001494793241399528,0
1795.2660502761464,-0.0009308528000257935,0.00014950607311825116,0
1795.2868906045417,-0.001187972824132309,0.0001494123864986337,0
1795.3070313020673,-0.0010885155704992693,0.00015472781951604862,0
1795.3271677380553,-0.0009615464128976525,0.00014938556447128464,0
1795.348000658833,-3.279010865460948e-05,0.0001494829945184629,0
1795.3681391065716,0.00023276626604636406,0.00015479448962365234,0
1795.3882806145539,1.8069142992553266e-05,0.00014957812697461115,0
1795.4091176682452,-3.1531168115563605e-05,0.00014954174868500039,0
1795.4292513145106,9.827248958022125e-05,0.0001547906406733905,0
1795.4493890515378,3.724115708770613e-05,0.00014953615161599734,0
1795.4702238963746,7.780384883955045e-05,0.0001495491158407863,0
1795.491058469575,0.00015224241053378047,0.00014951579301552802,0
1795.5111993189773,0.0001096973686414128,0.00015494242922061254,0
1795.5313355900898,0.00014176606077603705,0.00014947504859795873,0
1795.552162313721,-0.0001487509932921991,0.00014951927190907788,0
1795.5723023438343,6.691376741000897e-05,0.00015480184496105052,0
1795.5924463148433,0.00010311019722289445,0.00014955889328253593,0
1795.6132757178161,-2.5682236339482638e-05,0.00014955143230616072,0
1795.6334125397607,8.828175550179718e-05,0.00015474024351514612,0
1795.6535544413734,0.00011532349626382632,0.0001494209154413742,0
1795.6743927893872,-0.00014248796537759439,0.00014951380973149403,0
1795.6952157238763,-0.00013804336691625106,0.00014951322569112705,0
1795.7153621750717,0.00010442286087084058,0.00015481890181480616,0
1795.7354961375047,-5.388117342395895e-05,0.0001496108340158449,0
1795.7563281447474,-0.00010446350968909886,0.00014946095899776024,0
1795.7764630207896,-5.8846740342443314e-05,0.00015474415830215468,0
1795.7966105250582,4.48319475250562e-05,0.00014951385654102457,0
1795.8174376949748,0.00010177334741306368,0.00014955521995085142,0
1795.8375714794397,-3.05665642099365e-05,0.00015477479368482014,0
1795.8577153352844,3.372640902913956e-05,0.00014964220838336003,0
1795.8757688835847,6.41337535081105e-05,0.00017460589964980305,0
1803.56873594513,0.00018466364945071153,0.00014963385585916702,0
1803.5888702809732,8.154914825491117e-05,0.00015485426331734891,0
1803.611097095294,-1.7362262511051797e-06,0.00015475381283305332,0
1803.6305451235248,-3.787183863060589e-05,0.00015478302418645264,0
1803.650683169137,0.00013321957540708647,0.00014947156719017325,0
1803.6696652012151,8.271318900345127e-06,0.000167193867862332,0
1803.6915100956624,-0.00011643424479807133,0.00018317679433450918,0
1803.7125387387048,-0.0002000523504251441,0.00016065166544089162,0
1803.7326272333398,-7.839790468971549e-05,0.0001495399004014765,0
1803.7534526961795,0.0003695814437780664,0.00014962175358670778,0
1803.7735984909566,-0.00010487104281412618,0.00015479790078010906,0
1803.7937433903053,-0.00019963423716080694,0.00014954366220269584,0
1803.8145702976149,0.00017016036746616417,0.0001496261399275141,0
1803.8347043309548,-5.5782876012319584e-05,0.00015473870988627514,0
1803.8548505935055,-5.133831714799077e-05,0.0001495081307904146,0
1803.8756773920873,5.970559410734527e-05,0.0001495637135816518,0
1803.8958170319308,-6.644212559367852e-05,0.00015482007051381173,0
1803.9159639369013,0.00018669713627864282,0.00014956934147483073,0
1803.936785086515,0.0001242369720871343,0.0001496357266438654,0
1803.9576283360932,-0.00013360069878567724,0.00014951565946917067,0
1803.9777619570389,-0.00012981193227038203,0.00015489577730450158,0
1803.9978974600526,-3.605782976749796e-05,0.00014954366544455726,0
1804.0187328812729,8.787213073124017e-05,0.0001494921772322338,0
1804.0397955853161,0.00033485576635318334,0.00016714767728552219,0
1804.059009008003,8.988732334728832e-05,0.00014948685473801436,0
1804.0798471136807,-0.00013595570830112575,0.00014948601647654344,0
1804.0999846973282,-0.0005000209325034434,0.00015482450002051365,0
1804.1201163558694,-0.0010711396925910362,0.00014947198759247647,0
1804.1409542867507,-0.001288493311074796,0.00014963084527778965,0
1804.1617861900777,-0.0009757403390467593,0.00014952370369230523,0
1804.1819210816159,-0.0010552117734621857,0.00015477292318203035,0
1804.2027602146104,-0.0008237717008933818,0.00015489773376413182,0
1804.2228891629802,-0.00030135129369475417,0.00014959906937418501,0
1804.2430298882389,-0.00010809975178304063,0.00015479363101052868,0
1804.2631693354926,-1.6121465834632228e-05,0.0001495228195868099,0
1804.2840077266846,-0.00015553378042976637,0.00014956571008603183,0
1804.3041434097086,-8.094014742512152e-05,0.0001547559341925914,0
1804.324287383412,-1.123785005219564e-05,0.000149541459278661,0
1804.3451144250207,-6.003098233008442e-05,0.00014944525368338566,0
1804.3659470067726,-1.902102234969965e-05,0.000149524528654805,0
1804.386096289614,6.850696339978564e-05,0.00015482608834036757,0
1804.4062304635604,7.627172915284214e-05,0.00014961216860050945,0
1804.4270623943444,-0.00014920722521229887,0.00014956216015745493,0
1804.4471979437667,1.4167042696580758e-05,0.00015485208402401797,0
1804.467342163462,-1.2841866764827944e-05,0.0001495828784005474,0
1804.4881687587226,-3.883350565832015e-05,0.00014953469534453948,0
1804.5083090130909,3.040551292856817e-05,0.00015472753650374037,0
1804.5284432469125,0.0002962397227266933,0.00014958349356391717,0
1804.549276017329,5.9379134197547106e-05,0.00014956200278907266,0
1804.570109225902,-2.999693547153087e-06,0.00014952014777933753,0
1804.5902505197628,0.0003749211258911269,0.00015484956611354635,0
1804.6103960518992,0.0002640058129056471,0.00014953450674095881,0
1804.631223913158,1.968848721561523e-05,0.0001494795347660863,0
1804.6513643313604,0.00013826003530639162,0.00015488200034061047,0
1804.6714976240755,-3.6448622344588414e-05,0.00014957375782316656,0
1804.6923263497717,-9.498586637825579e-07,0.00014951902649184027,0
1804.712474463013,8.640160166659098e-05,0.000154846445647811,0
1804.7326067835174,0.00018573450865053004,0.00014959016405241703,0
1804.750669596518,-0.00025070733717005107,0.0001745662127390252,0
1812.4519313823573,-2.6370047227888714e-05,0.00014978108823848342,0
1812.472071028692,-8.576007537815542e-05,0.00015503623184704544,0
1812.4977640144145,-0.00018030660253033547,0.0001933951656987521,0
1812.513734456605,-3.205453299063695e-05,0.0001550113002862431,0
1812.5338716664728,0.00020123902174515562,0.00014986060483475021,0
1812.5547056400655,-0.00011993934564071451,0.00014983543755999078,0
1812.5745838498253,0.00036890624675893285,0.0001609173249395362,0
1812.5949742135274,-3.538739661320002e-05,0.0001499702652506906,0
1812.6158127003025,-0.0001315387653310178,0.00014974942914577685,0
1812.6366500795318,0.00018842732884635197,0.00014990139878435466,0
1812.656787577727,7.047489246983831e-05,0.0001551237370764506,0
1812.676923044228,5.227770241273698e-05,0.0001498667699015174,0
1812.6977672438027,2.5983500173667134e-05,0.00015000483897764747,0
1812.7176307337775,0.00026000776559548103,0.00016105405382898973,0
1812.7380318841385,-0.0001408501030730715,0.00014998478838144246,0
1812.7588675524785,0.0001084514082793562,0.00014996194674815993,0
1812.7790110000055,-0.00015224160775588333,0.00015526820318550858,0
1812.7991559320426,-9.003457721963037e-05,0.0001499612389048984,0
1812.819983517658,-0.0001604227522824217,0.00014996433966554432,0
1812.8408170313273,-0.00021504272913306223,0.0001500315157652152,0
1812.8609496133056,-4.1197916374827906e-05,0.0001552852132562562,0
1812.8810926313668,7.70959792541817e-05,0.00015003695163654069,0
1812.901331021832,0.0001612244094890004,0.0001551583728747316,0
1812.9220582798582,-9.608913265849635e-05,0.0001551921710706151,0
1812.9421961865562,2.978384098419541e-05,0.00015001432936853322,0
1812.9630332261468,8.393657258415276e-05,0.00014997580469696683,0
1812.9831680853104,-0.0005942587125156238,0.00015529102573955407,0
1813.0033114584062,-0.0011868668733388446,0.000149988628253319,0
1813.024137408196,-0.0013005592380950508,0.00015000240771658444,0
1813.0449737216597,-0.001183431645231011,0.00014999319016883772,0
1813.0651119899178,-0.001199166853931085,0.00015536865066201357,0
1813.085254642201,-0.0012116501315799313,0.00015012602934861297,0
1813.1060883170258,-0.00033253524180701176,0.00015005990529432203,0
1813.1262195033394,0.00013546899863502068,0.00015552320414334534,0
1813.1463639282324,6.085154629310604e-05,0.0001501742142581123,0
1813.1671921893842,2.080118362343486e-05,0.00015022222923929176,0
1813.187336129225,-7.844232578824013e-05,0.00015546853953548272,0
1813.2074722263656,-2.006579517505923e-05,0.0001502692958127033,0
1813.228311894528,1.2960201138981794e-05,0.00015020641059243834,0
1813.2491473986395,-5.7457112927701806e-05,0.00015024433008309842,0
1813.2692801753853,-0.0003484616806154836,0.00015555178195996084,0
1813.2894216395853,-3.250950887096114e-05,0.000150222985880381,0
1813.308855420139,-0.0001646678069577679,0.0001614417385817281,0
1813.3290051666745,0.00021528331691989807,0.0001840856037691933,0
1813.349901886105,-0.00021508947902217516,0.0001755288437823968,0
1813.3685819509626,0.0002869306250211748,0.00017553986606649643,0
1813.3920882895354,8.16828355120077e-05,0.00016150710738691015,0
1813.4122451820251,1.9572500986870886e-05,0.00015575872488213265,0
1813.4324645647896,-0.00028950402988180254,0.00015038640534583282,0
1813.4533055016063,-3.811854110212177e-05,0.00015039482888358924,0
1813.4734449512653,-1.527052818935802e-05,0.00015565763063776186,0
1813.493576885686,-5.154932282578908e-05,0.0001503391276673178,0
1813.5155648842122,0.00031435942885083684,0.00016819099552024277,0
1813.5345577013127,0.00044701752970151477,0.00015585728791652476,0
1813.5553847666765,-6.0519715204850355e-05,0.00015574503382745214,0
1813.5752011798252,0.00028177150215971685,0.00016157920325273432,0
1813.5966998253477,0.00027155969863038623,0.000206218800184632,0
1813.615806491657,9.326182077109203e-05,0.0001505173756776196,0
1813.6338557768029,0.00017030323075613408,0.00017588492453022715,0
1821.3295560197964,-0.00011262704074398322,0.0001170148197217322,0
1821.3503881287158,0.0001124773803202863,0.00011702678232363625,0
1821.371220827234,-3.342424011971664e-05,0.00011700778611146782,0
1821.3916256065793,6.035319114228799e-05,0.00012568909078551375,0
1821.4114993867386,0.00019213358099732603,0.00011705362744582573,0
1821.4323330594834,0.0002069527595829546,0.00011703521733563962,0
1821.4524688974243,-7.744078038677327e-05,0.0001211184774150137,0
1821.4726099345803,3.45608479937887e-05,0.00011700859833334645,0
1821.4955250434507,-9.50273717524253e-05,0.00013080449208360207,0
1821.5142733913751,-0.00011666516621921994,0.00011701471929949333,0
1821.5344124572225,9.047223505795861e-05,0.00012113742913729229,0
1821.5542549317133,1.0261125175916143e-05,0.0001211407893775907,0
1821.575385603209,-0.00027418262679890747,0.00012112260262320032,0
1821.595521889761,-5.34612089998191e-06,0.00012113834536863876,0
1821.6156601073615,-3.597846395487382e-05,0.00011704582747725008,0
1821.636491999341,4.330778783006918e-05,0.00011704658661973584,0
1821.6566303328825,0.00015617367043992928,0.00012113216383050287,0
1821.6770677996767,5.128441464787699e-05,0.00012113276725975531,0
1821.6969069023671,5.8616819460886635e-05,0.00012113115645110429,0
1821.71843608537,0.0003600937206370192,0.0001170442772889012,0
1821.7385716285974,0.00022236066441092223,0.000121144856976975,0
1821.7587127688437,0.00018319658255413313,0.0001211556628083587,0
1821.7795479649176,6.445572422352134e-05,0.00011703165507232281,0
1821.7996827070021,6.027262393884764e-05,0.00012115328143002614,0
1821.819821125433,1.6893270082789692e-05,0.00011702756538605198,0
1821.8406574986827,8.911612072819886e-05,0.00011702568809438831,0
1821.8607958778423,-0.0005094973733108305,0.00012113438720926919,0
1821.8809295408787,-0.0009636100627021233,0.00011700331388495072,0
1821.9017639368658,-0.0012752329784050274,0.00011697807352844911,0
1821.9225996696146,-0.0012400884285093195,0.00011697592681262057,0
1821.942734001831,-0.0012749679867935678,0.00012107915289225387,0
1821.962875022733,-0.0012007635747761812,0.00011697216881170493,0
1821.9837088809356,-0.00011292874059290002,0.00011703398692282152,0
1822.0038467208185,-9.34224672861187e-05,0.00012113404218810399,0
1822.02398429257,-1.3419149692801484e-05,0.00011704402914038357,0
1822.0448177356002,-4.435132822936167e-05,0.00011703284564989722,0
1822.0649565759486,-3.789894219596336e-05,0.00012111851457186895,0
1822.085095839583,4.089488957753373e-05,0.00011701198241582631,0
1822.105929831491,0.00011827592074689393,0.0001170303372267361,0
1822.1267609409779,-1.04253280955764e-05,0.00011703085346134765,0
1822.146899462315,-5.595295825844336e-06,0.00012115493339065734,0
1822.1670369132296,-0.0001032016440836591,0.00011704272818570765,0
1822.1878718994315,0.00021997079190246518,0.00011704758622336372,0
1822.2080134022801,3.692079076460025e-06,0.00012114949791401034,0
1822.228148169695,-2.9451646150132596e-05,0.00011702645988651105,0
1822.2489811672408,4.5606642197813384e-05,0.0001170589434468838,0
1822.2691185207816,-6.202214384796362e-05,0.0001211525132502398,0
1822.2892585659952,0.00016217426845089144,0.00011705646833520816,0
1822.31009143313,-8.4660466870351e-05,0.00011705198674473028,0
1822.330925724353,0.00015139761116078176,0.00011703019837813137,0
1822.351062880487,-1.2135886352609326e-05,0.0001211560408046363,0
1822.3712022979857,1.6579531709761837e-05,0.00011704572706945335,0
1822.3920343988054,7.275948733804572e-05,0.00011704294151045058,0
1822.412173387144,0.00015231116346868526,0.00012113438109919633,0
1822.4323105853966,3.6823159552970875e-05,0.00011701838954060417,0
1822.4531424552035,0.0001224618756581466,0.00011706720726851474,0
1822.4732838886118,-8.433305271252889e-05,0.00012118017431188288,0
1822.4934202074708,-0.00012627887968701568,0.00011700570338447371,0
1822.511476171583,2.8274541461924902e-05,0.00013668294640276513,0
1830.2127215968442,0.000181631539498262,0.00011722245513285759,0
1830.2335535114996,-3.1547953146501783e-05,0.00011722249121659538,0
1830.2543885840685,1.1747889931417032e-05,0.00011724449277696573,0
1830.2745273436715,7.976785640899446e-05,0.00012135410315999798,0
1830.2946664544017,-9.779645422864547e-05,0.00011723271343724604,0
1830.315495849223,3.286268948895917e-05,0.0001172259174555267,0
1830.3356369052499,1.0827102880867647e-05,0.00012133841485012635,0
1830.3557715114516,5.219166473041612e-05,0.00011724651036473915,0
1830.3766062339232,1.977929596669065e-05,0.00011723240631225168,0
1830.3974375641385,0.00015722004179417624,0.000117246589393149,0
1830.4175791766404,-7.59461472461184e-05,0.00012132701511110571,0
1830.4377143895633,6.971512954069767e-05,0.00011723649229400186,0
1830.4585500724822,4.150759362048547e-05,0.00011725527995993871,0
1830.4786884713785,6.186989550026384e-05,0.00012134201012083958,0
1830.498827893117,0.00010008534246852277,0.0001172402099369591,0
1830.5196577856925,5.675478923211555e-05,0.00011723445660627794,0
1830.5397973771317,-8.899779180239178e-05,0.00012138750166332416,0
1830.5599360330182,2.8873848027798435e-05,0.00011723767152887883,0
1830.5807716943616,0.00029709859929239645,0.00011724439764390906,0
1830.6016017266454,0.00023147271137230832,0.00011724743584618055,0
1830.6217407701956,-1.9730567574357006e-05,0.0001213581257798714,0
1830.641878664541,0.00011773531580485493,0.00011724932738515394,0
1830.6627130471136,0.00016202806412966828,0.0001172297203966454,0
1830.6828505241128,-1.7255646823740765e-05,0.0001213354341038547,0
1830.702988134199,0.00015780665547699712,0.00011725513421893078,0
1830.723820501166,-0.00014610540598747557,0.00011723979644990099,0
1830.743962653777,-0.0005356639114375236,0.00012130758687743349,0
1830.7640973708512,-0.0008622894627931388,0.00011719805093336602,0
1830.7849321178346,-0.0012946535262987314,0.00011719126401052785,0
1830.805764938656,-0.0013149731300996915,0.0001171483632342546,0
1830.8259027461886,-0.0011202610038257921,0.00012129719834252781,0
1830.8460407087805,-0.0009457804025633653,0.0001172146777018661,0
1830.8668712085885,-0.00029072563709209585,0.00011720569336925177,0
1830.8870115326706,0.00011408247168591444,0.00012133365996188065,0
1830.9071517977823,0.00028871406072327897,0.00011726150307149402,0
1830.927985096967,1.5534569989065096e-05,0.00011722131459732152,0
1830.9481196320332,-1.6518010500209253e-05,0.00012134502717938323,0
1830.9682614235996,0.00010387364743421464,0.0001172572857202979,0
1830.9890923428595,-3.205935834526703e-05,0.0001172358330884831,0
1831.0099253998164,-3.688331522576893e-05,0.00011722758639643786,0
1831.0300643549363,0.00011501036634074254,0.00012137119143381199,0
1831.05020271399,-4.8865801614739445e-05,0.00011723099834059829,0
1831.0710377706807,-0.00018076253985331207,0.00011722716842858923,0
1831.09117503954,5.3812899898216666e-05,0.00012137345279297715,0
1831.1113134948298,-6.428924880493909e-05,0.00011722808146588908,0
1831.131551323103,1.3127722504323467e-05,0.00012132873836993457,0
1831.1542141211867,-7.833597092712303e-05,0.00015133235096147544,0
1831.1724239551552,3.227981417759174e-05,0.00011723566077284903,0
1831.193255986567,5.976164481722634e-05,0.00011721363885595999,0
1831.2140872379082,-2.0643921274933404e-06,0.00011720235160663155,0
1831.2342271261446,0.00010066989833932653,0.00012132137255776098,0
1831.2537491201713,2.1171398744516553e-05,0.00015132215996003237,0
1831.2752008253387,0.00011842872664967077,0.00011721759025333202,0
1831.2953385268668,1.1287297909720363e-06,0.00012134475923323494,0
1831.3154750336785,0.00012148022530055032,0.00011720311547634914,0
1831.3363073200085,4.178956090175271e-05,0.0001172118394669632,0
1831.3564478260016,3.323002692651734e-05,0.00012132197389047068,0
1831.3765841796649,-3.2895716411604115e-05,0.00011719295420928578,0
1831.3946398010387,8.896677466698621e-05,0.00013688751383498138,0
1839.0916967212768,-7.301379794155726e-05,0.00011715127112013972,0
1839.1125303717158,0.0002988666205863977,0.00011716836695370055,0
1839.1333631523012,-0.00010177697884903036,0.00011715812625631735,0
1839.1535000443748,-0.00013868060352909264,0.00012125105102571207,0
1839.1736414208322,-0.00010241691073928367,0.00011712842490176452,0
1839.194474255105,-8.493606980670725e-05,0.0001171269905029293,0
1839.2146088458196,-6.137514404985146e-05,0.00012126249144198917,0
1839.2347504696718,-0.0001643577134045124,0.0001171501270326496,0
1839.2555827103984,9.719543302507534e-05,0.00011716723538751662,0
1839.2764163085458,0.00012111826991215326,0.00011714045659263155,0
1839.2965515396631,2.658989236063739e-05,0.00012126656456294606,0
1839.3166924318436,4.5063650321215693e-05,0.00011714926294083344,0
1839.3375236038562,-0.0002087576607167761,0.00011713736514288191,0
1839.3576645070827,-2.2366869878157047e-05,0.00012125771653940753,0
1839.3771097230008,-8.486218129532646e-05,0.00012126523422356608,0
1839.3986372148509,-1.2762197781788624e-06,0.0001171503613702173,0
1839.4187770482943,0.00015276958984799307,0.00012127830925554546,0
1839.4389116524526,0.00019785163653474643,0.00011715139521115435,0
1839.45974669538,0.00012325481273811492,0.00011716205279277068,0
1839.4805789340091,0.00031674006886582285,0.00011716045773801319,0
1839.4965502898453,-0.0001859481164829306,0.000160394206322596,0
1839.5215485304157,-2.0265598119170752e-05,0.00012125335165002019,0
1839.5416876739716,-3.3583492482627616e-05,0.00011715529437410532,0
1839.5618278182856,-9.744198065547417e-05,0.00012126330690554439,0
1839.5837028105555,-0.00012716474619085328,0.00013094690358111602,0
1839.6027986222264,0.00028026009672083897,0.00011714344967983513,0
1839.622938234375,-0.0007006313051365255,0.0001212518541266958,0
1839.6430768199746,-0.0010303530477184806,0.00011711636819773381,0
1839.6639077395987,-0.0014063135838886867,0.00011709162991496926,0
1839.6847410255705,-0.0010960423319324726,0.00011711437004087436,0
1839.7051483089954,-0.001129826788591622,0.00012581624987067594,0
1839.7250175621152,-0.0009140868865562988,0.00011714596192616153,0
1839.7458477627292,-0.0003015290293966987,0.00011717672252704163,0
1839.7655273580126,-0.00012350287983770285,0.00013101818511626625,0
1839.785017098798,-0.0003370942413122348,0.00014354979565081718,0
1839.806957531276,-0.00026054840446565437,0.00011719591173327077,0
1839.8268296568226,-0.00014420190115188082,0.00012592053980967609,0
1839.8472346750796,2.3735044095526556e-05,0.00011723821012934432,0
1839.8680693897513,0.00017193737664184528,0.00011724344731913149,0
1839.8873895864315,-0.0003228094153164971,0.00013689311003178874,0
1839.9101978825695,0.000131952684620977,0.00013108157523045782,0
1839.9291838177746,3.474619320342027e-05,0.00011725329897983999,0
1839.9500145108823,5.958457445965825e-05,0.00011727964618345643,0
1839.9701505767703,-4.8342417605900346e-05,0.00012139410485314542,0
1839.990785333725,-1.4383256283967902e-05,0.00012140978735243216,0
1840.0111210678374,-5.231947026456688e-05,0.00011731747079377174,0
1840.031261686804,0.00013290629731136644,0.00012148043481531132,0
1840.0514008927646,-2.5730824555383356e-05,0.00011736729978694076,0
1840.0722308721492,-9.662670136214937e-05,0.00012149653541276576,0
1840.0930657805616,-0.00017542977982389776,0.00011739666341079226,0
1840.1132045302259,0.00011011054700712392,0.0001215246300315553,0
1840.133339677643,2.4115275399819003e-05,0.00011741735229837196,0
1840.1540766312658,-5.7191906310593456e-05,0.00012153779221501065,0
1840.1743146589438,-0.00012069483523641269,0.00012154976042403544,0
1840.1944517605807,2.524457823369461e-05,0.00011746854210096573,0
1840.2152839106866,1.436918106422982e-05,0.00011749718578175817,0
1840.2354236299825,0.00012782615121532422,0.00012167680205764216,0
1840.255562696301,0.00017948130418199459,0.00011756857820787826,0
1840.273617616876,0.00010165085503364835,0.00013728442426502025,0
1874.611750746341,-0.00014418924580918315,0.00011257505335410966,0
1874.632582431683,-0.00012736356515475532,0.00011258636978432917,0
1874.6534188324677,-3.971266881827046e-05,0.00011259194801927474,0
1874.6735551896618,-4.3572258856650086e-05,0.00011655803593549418,0
1874.6936940728392,3.0587243186183156e-05,0.00011258067394847913,0
1874.7145254831682,-2.7849858436048595e-05,0.00011256343785681496,0
1874.7346638049228,7.416107343520824e-05,0.00011656743328426004,0
1874.7548034201589,1.4565256069432923e-05,0.00011257407788449468,0
1874.775635733374,-0.00015601007286535513,0.00011258259315875711,0
1874.7964682692075,0.00017269619088208392,0.00011260696674677263,0
1874.8166072165363,-3.4331031257773083e-05,0.0001165369778648613,0
1874.8367461658531,5.938128714131841e-05,0.00011257933446133194,0
1874.8575806852782,9.707086404531883e-05,0.00011260802171044455,0
1874.8777153261417,-6.328852689333877e-05,0.00011653372766351559,0
1874.8978566178043,2.9414059942573373e-05,0.00011261073509411524,0
1874.9186857473549,-2.5283311212663077e-05,0.00011257115624214783,0
1874.9388256771117,0.0001294959577692649,0.00011653599584830589,0
1874.958965222468,0.00033330061617524464,0.0001126045575021537,0
1874.9797989238496,-0.00017808224041828387,0.00011259437127022039,0
1875.00063212468,9.273273167480009e-06,0.00011260247969800628,0
1875.0207708496566,3.3787503393741195e-05,0.00011654535719479265,0
1875.040907731899,5.975357618539033e-05,0.00011256515927479114,0
1875.0617404776253,6.301226702164108e-05,0.00011259379380826894,0
1875.0818778241128,-3.5090907227502464e-05,0.00011654045071046712,0
1875.102018291635,9.431632178774385e-06,0.00011257729322650027,0
1875.1228533895237,0.00017092631898540136,0.00011260350794230655,0
1875.1429911697771,-0.0006288851311759455,0.00011649561332981334,0
1875.1631286237605,-0.0011510529742025113,0.00011254540502684449,0
1875.1839621011372,-0.0012446687923725666,0.00011251298431484783,0
1875.2047928791744,-0.001459889207619426,0.00011250413724542866,0
1875.2249315108334,-0.0009810815919677682,0.00011648333701751204,0
1875.2450712501518,-0.0012843122771506396,0.00011252631891851439,0
1875.2659015807894,-0.00031483121709490955,0.00011255597363989593,0
1875.2860412545108,-6.671916965223251e-05,0.0001165319134051711,0
1875.3061808450536,-4.0658989453002966e-05,0.00011258733330271904,0
1875.3270125559386,-5.117180933288835e-06,0.00011256651764330919,0
1875.3471500078178,0.0001380087414973828,0.00011652888600691389,0
1875.3672919577502,-0.00010727379194390413,0.00011256365209389472,0
1875.3881262179925,0.0001631919432912344,0.00011259778569544141,0
1875.4089574704656,7.465521478405986e-05,0.00011258130827140712,0
1875.429093750798,0.00011377864202278466,0.00011653865783421196,0
1875.449234660774,-4.8318145567812606e-05,0.00011256854239721671,0
1875.4700661591019,-1.8067401488066678e-05,0.0001125704919359543,0
1875.4902020657885,0.00014817491511946398,0.00011652748927659918,0
1875.5103428865132,-0.00016224977687970342,0.00011258894522067999,0
1875.5311766115706,-3.085109641100208e-05,0.00011257575824199137,0
1875.5513129166688,-0.00020166848097194032,0.00011653514479013378,0
1875.5714540166216,-8.58429554615071e-05,0.00011260504794182199,0
1875.5922883248847,0.00024205106024854413,0.00011259314013128144,0
1875.6131200334767,-7.752033412875349e-05,0.00011257152647431488,0
1875.633257875711,-0.00013831692729021156,0.00011654301146526006,0
1875.6533941725925,-5.172553315572544e-06,0.00011258748860726877,0
1875.674226257872,4.7509612636712975e-05,0.00011260300486007994,0
1875.694367055216,0.00015423590476933217,0.00011653424351004372,0
1875.71450329308,0.00011806963909776616,0.00011256999266409942,0
1875.735336087808,-0.0001704086257580041,0.0001125573244500858,0
1875.755473869946,-0.00019807078459766682,0.00011652442206235236,0
1875.7756145961675,-3.3135250726142986e-05,0.00011257813443112067,0
1875.793671054452,0.00018872052543653933,0.00013145881089297377,0
1892.3738986163428,8.496078452933296e-05,0.00011270512637784017,0
1892.39473314286,0.0001855819358093349,0.00011270833156494399,0
1892.4155641082607,7.955849664284821e-05,0.00011269509917713508,0
1892.4357035080432,1.38344100313023e-05,0.00011665044886416101,0
1892.4558414227881,0.00017051963922780442,0.0001126996816130168,0
1892.4766748437476,-6.36716114426606e-05,0.00011267888745641248,0
1892.4968141356346,-2.113871382437759e-05,0.00011664933110980924,0
1892.5183412943848,-1.0128013393555774e-05,0.00012107189213827461,0
1892.5377846086724,-9.315279211958034e-05,0.00011269741688905871,0
1892.5586181086412,0.00010035838129974581,0.0001127124729979718,0
1892.5787545829558,-0.00017025670614013457,0.00011664548980414415,0
1892.597720194206,0.00019252377870036843,0.00012105581559140973,0
1892.6204228202778,4.0745027010161716e-05,0.00011664117595135446,0
1892.639867234498,-0.00015826861542067507,0.00011665096998697955,0
1892.6600039130672,3.3769854905156955e-05,0.00011271979332057243,0
1892.6808367949068,0.00023154087551338273,0.00011271077588612843,0
1892.7009788734406,-0.00014861056352486862,0.00011664619081212308,0
1892.7211161078544,0.00012042510766221906,0.00011270278392389446,0
1892.7419490767777,0.00013900035477696702,0.00011270135044799991,0
1892.7627812275266,5.802814678872219e-05,0.00011269380747341582,0
1892.7829189710083,3.0088157122774688e-05,0.00011665107188118132,0
1892.803057264432,-9.688005614809e-05,0.00011268430098660868,0
1892.8238922960575,6.934093847964362e-05,0.000112691428984529,0
1892.8440302779009,0.00011849423102325411,0.000116653025806805,0
1892.8641687777906,6.99306634698903e-05,0.00011267887231397883,0
1892.8849996810231,0.0001515752816416445,0.00011269651454357838,0
1892.9054079701593,-0.0005474636811357889,0.0001210227595553252,0
1892.925279170617,-0.0010372521912699888,0.00011266138591106772,0
1892.946110894465,-0.001290127673370664,0.00011263398333375397,0
1892.966943361738,-0.0011814492096125738,0.00011263794057291964,0
1892.9870851537835,-0.0011566545827658625,0.00011658066195902257,0
1893.0072207128326,-0.0010790527355916933,0.00011265953904500856,0
1893.028052956293,1.0858934006632114e-05,0.00011269333145303536,0
1893.0481943523575,-4.282029589550971e-05,0.0001166406195881878,0
1893.068331343466,3.316100776558439e-05,0.0001126934918376246,0
1893.0891626230764,6.291801789491729e-05,0.00011271568591167942,0
1893.1093016758837,-0.00020360599497530347,0.00011664088179286523,0
1893.1294419992141,-5.468557435818961e-05,0.00011270110527881262,0
1893.1502751168628,0.00011376789851816734,0.000112691938115593,0
1893.1711068494535,0.00010158435441771429,0.00011271560150961437,0
1893.1912430125908,7.185212631303939e-06,0.00011662986601742383,0
1893.2113859704873,8.802103581600235e-05,0.00011270114525692138,0
1893.2322178522436,0.00015820024144066612,0.00011270223680723672,0
1893.2523558194953,2.8111022873095496e-05,0.00011663775279254523,0
1893.272497075823,-0.0002231278300008276,0.00011267738591277646,0
1893.2933278360501,1.3714143870014968e-06,0.00011266834584857042,0
1893.313464841132,0.0002606431653783622,0.00011664762195412195,0
1893.3336045358083,-6.477878054082591e-05,0.00011270128153408602,0
1893.3544372901463,0.00019233389939113214,0.00011270549023304913,0
1893.3752703903588,-9.021335614734494e-05,0.00011267095048031761,0
1893.3954091843093,-1.4547072904977497e-05,0.00011664121949762698,0
1893.4156478520515,0.00016075468401865564,0.00011664799661662349,0
1893.436380361329,0.0002465657799164807,0.00011269847271156263,0
1893.4565218075606,-7.332353809807687e-05,0.00011665125708165973,0
1893.4766551417617,-4.09534034113602e-05,0.00011269829569996753,0
1893.497490087535,-5.971204756379197e-05,0.00011268255570544076,0
1893.5176310859554,-2.5772914653060353e-06,0.00011662895741677993,0
1893.5377700324361,8.943524616894328e-05,0.00011272805188606395,0
1893.5558251261702,-2.4616243275836937e-05,0.0001316047372785205,0
1901.2543089134026,8.882207056635054e-05,0.000113774152579508,0
1901.2751412861799,-2.0850089986169305e-05,0.00011380995948461255,0
1901.2959784645373,0.00012457932356662135,0.00011380111295691123,0
1901.3161157747243,0.00016738235496188084,0.0001177557776461037,0
1901.336254678565,-0.0002448279836545158,0.00011367049100704533,0
1901.3577822477448,3.750623484386242e-05,0.0001176371886099843,0
1901.3772262134585,-9.389589875342002e-05,0.00011755705865022058,0
1901.3973629947634,0.00019026688756623033,0.00011350456472076546,0
1901.418197919626,-6.56853830874913e-05,0.00011344743102445338,0
1901.4390278295407,-1.7746571045828048e-05,0.00011340835019561174,0
1901.4591664003817,7.736263771259627e-05,0.0001173864830705782,0
1901.4793057748666,0.0001775075254549107,0.00011339961341924311,0
1901.500139443402,-0.00013647504578959336,0.0001133682638514807,0
1901.5191213487703,8.124967085513858e-05,0.00012677191319671591,0
1901.540417731752,-9.152220890424363e-05,0.0001133934567792237,0
1901.5612485776257,1.099424499583002e-06,0.00011339774103122907,0
1901.5813886961403,7.766477706869399e-05,0.0001173805279624164,0
1901.6015254412166,2.2835400757101028e-05,0.00011337497337178996,0
1901.62235977291,4.278200956187099e-05,0.00011331741012248513,0
1901.6427957608103,0.00011656691316603531,0.00011729000657956038,0
1901.66333322258,0.0001585860004739896,0.00011727714313088995,0
1901.6834699463784,-0.00011890646158204584,0.00011328630985452322,0
1901.7043011122887,-0.00021129959737610195,0.00011327334857931481,0
1901.724439779609,0.00021902462815619395,0.00011726348947983972,0
1901.744579054411,0.00015113473345189677,0.00011326619953932138,0
1901.7654137197285,0.0002456859857394419,0.00011328689047316465,0
1901.7855538926747,-0.000682494042140043,0.0001171856421620141,0
1901.8056908490948,-0.001141286277699923,0.00011316987946870671,0
1901.8265237307232,-0.0008912903660836663,0.00011317377696443438,0
1901.8473568390216,-0.0012207500373475199,0.00011312580116351004,0
1901.8674934168257,-0.001035389232635669,0.00011709755587587823,0
1901.8876326931018,-0.0011009048337870925,0.00011313597754721466,0
1901.9084632002198,-0.00018917937587080015,0.00011315251706470162,0
1901.9286042793703,0.0001234672923104897,0.00011712658353713654,0
1901.9487437062237,0.00017973945862358065,0.0001131363535661999,0
1901.9695766118161,-0.00013389786114686384,0.00011308687084787677,0
1901.9897147404336,1.9522326538413815e-05,0.00011706706920469202,0
1902.0098513921557,0.0002896114284562274,0.00011311937230143927,0
1902.0306828385203,8.233592150055486e-05,0.00011313307925129826,0
1902.0515190434185,8.727716644385474e-05,0.0001131268251816919,0
1902.0716580809694,0.00015340946030601194,0.00011708865895584161,0
1902.0917958780105,-7.281356339173247e-06,0.00011312766670264053,0
1902.1126293896418,0.0001641010820254291,0.0001131239046092019,0
1902.132768017704,2.9788382674101025e-05,0.00011705840211966873,0
1902.152906495648,0.0001985059989269929,0.00011309495062115112,0
1902.173739090331,-0.00018470876501917806,0.00011304396193486439,0
1902.1938774234836,4.440873945517631e-05,0.00011700841253757412,0
1902.2140147779367,-6.491121506919471e-05,0.0001130388224333226,0
1902.2348491876508,3.5775854260803774e-05,0.00011302674951249083,0
1902.2556817948532,4.457538334619715e-05,0.0001130482974108605,0
1902.2758190765328,-0.0001546312783827874,0.00011700631891861947,0
1902.295958242684,6.834671014110982e-05,0.00011304988119189819,0
1902.3167914839266,0.00019723580295842436,0.00011303852866458288,0
1902.3369309376894,8.193719336365834e-05,0.00011697907575891865,0
1902.3570683005369,-2.3210723273211047e-05,0.00011300020432875634,0
1902.377902039883,-0.00012352503290441686,0.00011296342711897467,0
1902.398038497841,-4.412560773387585e-05,0.00011691671831412632,0
1902.4181791369265,-8.739048057432228e-05,0.00011294853536099619,0
1902.4358180623558,1.3589816910267542e-05,0.00013830720645638744,0
1910.1333458072857,2.6176987291133235e-05,0.00011263999175748449,0
1910.1541790407648,0.0001931969898255545,0.00011263158368449478,0
1910.1750116532166,4.578647868973402e-05,0.00011264973991057758,0
1910.1951504821202,-3.118013657576226e-05,0.00011656706132300354,0
1910.2152903209992,-2.437697813956251e-05,0.00011262550840558544,0
1910.2361222695272,2.6827022072440995e-05,0.00011263161237544288,0
1910.2562587638001,0.0001577130018913987,0.00011658801505544615,0
1910.2763996054903,-8.006415229426461e-05,0.00011261789926011534,0
1910.2972288749975,2.0845917370943608e-05,0.00011262084611282912,0
1910.3180680414837,-9.138856016647046e-05,0.00011262209562916494,0
1910.3382033590472,0.00015349229096137498,0.00011656494933264138,0
1910.3583439104414,-3.172872715969103e-05,0.0001126293964473437,0
1910.379175581453,4.052931962039203e-05,0.00011260999850235161,0
1910.3993161541728,-0.00016059519906884548,0.00011655872931849038,0
1910.4194520482754,0.00016286610866912874,0.00011263300813498507,0
1910.4402869747169,-6.011025316925844e-05,0.00011263537694695012,0
1910.4604243957112,2.571767413980896e-05,0.00011656551744488352,0
1910.4805649780308,-3.13511797718468e-05,0.00011261335137767827,0
1910.5013947572656,0.00017349167670082337,0.00011262277686272964,0
1910.522227407413,0.000362419690071778,0.00011266822145469842,0
1910.5423703052695,-0.00022250527384169835,0.00011655724951458772,0
1910.562507018982,4.5005320824155816e-05,0.00011264388988201053,0
1910.5833393965195,3.6218618222285415e-05,0.00011261500538347573,0
1910.6034775596827,-3.730573440404499e-05,0.00011657867129948258,0
1910.6236149643103,2.647729137636736e-05,0.00011265069831113664,0
1910.6444480636492,7.985652910668494e-05,0.00011262651497118156,0
1910.6645892545243,-0.0005557263278291192,0.00011656805106396419,0
1910.684727102084,-0.0012990995931958398,0.00011255662347909082,0
1910.7055628275614,-0.001140803765252437,0.00011256280149152736,0
1910.7263928745356,-0.001265083029068659,0.00011256737565313397,0
1910.746529644082,-0.0011642024512285194,0.0001165122360758983,0
1910.7666713379938,-0.0011484839155800476,0.00011256681689871385,0
1910.7875007959597,-0.0003219736323667124,0.00011262034211223991,0
1910.8076433076126,0.00017894618951101997,0.0001166070523182228,0
1910.8277824573258,0.0003785196470918198,0.00011266179249652433,0
1910.8486137633408,-0.00017034434496471191,0.00011265546122216186,0
1910.8687536445295,-5.1369349395697964e-05,0.00011655820154880368,0
1910.888892917597,3.437386320872615e-05,0.00011261186676267717,0
1910.9097274444948,-1.6332659768813325e-05,0.00011261149341396302,0
1910.9305595671754,-2.486188132578898e-05,0.00011263508355440381,0
1910.9506963632841,-4.533096852391051e-06,0.00011658126336475932,0
1910.9708378030746,0.00022338400276353886,0.00011263555026970061,0
1910.9916677489043,0.00023781748590187606,0.0001126200848588929,0
1911.011805885633,-9.399203195696148e-05,0.00011657399897621334,0
1911.0319462785546,1.4079819883175366e-05,0.00011263075447178523,0
1911.0527779924967,7.617128495267589e-05,0.00011262882700149118,0
1911.0729171220355,6.5909223782735785e-06,0.0001165694148368444,0
1911.0930557813824,-0.00014978060093375438,0.00011262555224142554,0
1911.1138892940535,-0.00015078165258701126,0.00011261759409795324,0
1911.1347198409494,0.00010150712762611496,0.00011263198014381703,0
1911.1548640809112,-6.876539504824151e-05,0.00011658719594045235,0
1911.1749993423296,0.00043285581490924864,0.00011263650264307402,0
1911.1958330155974,6.280478033971016e-05,0.00011263438477944529,0
1911.2159696320225,-0.00016193258737798194,0.000116566305995893,0
1911.236109498589,4.854417171185058e-06,0.00011262126202360505,0
1911.2569417585364,2.1417266754857283e-05,0.00011260682799056073,0
1911.277082876826,1.2226166392581621e-05,0.0001165828243461052,0
1911.2972223008683,4.5574879778762585e-05,0.00011262869890523878,0
1911.3152758892486,7.551179281730039e-05,0.00013153530056306202,0
1919.0124092663725,0.00012725967638183393,0.00011289626950988484,0
1919.0332417255884,8.322795461738312e-05,0.00011284789045686117,0
1919.054075779827,-6.117466845841019e-05,0.00011285867194189759,0
1919.074214570251,5.5333714438393266e-05,0.00011681441419981541,0
1919.094749710701,-0.00032315780811534593,0.00011680487960085606,0
1919.1151861962455,5.87263520989434e-05,0.00011284285832655882,0
1919.1353229048823,6.454280528803175e-06,0.0001168273440596559,0
1919.1554612600232,-5.092534260888725e-05,0.00011285318932372587,0
1919.176296210837,8.75395711768255e-05,0.00011285173661372461,0
1919.1971285007023,2.5394276573894478e-05,0.0001128162237341353,0
1919.2172665825465,-0.00011098284131711847,0.00011680448358136503,0
1919.2374049300954,1.948381628457967e-05,0.0001128154741169663,0
1919.2582374875506,-9.482010481949566e-06,0.00011282123653973009,0
1919.27837695071,-1.0795168051649749e-05,0.00011679277927937266,0
1919.2985161604815,0.00010061366967899233,0.00011284295484143315,0
1919.3193489591858,-1.3731289666605468e-05,0.00011285306598444076,0
1919.339485822895,-0.00014316829239856757,0.00011675623135691952,0
1919.3596232257735,8.988004845307264e-05,0.00011281061947824272,0
1919.3804586117626,-3.177360703779951e-05,0.00011282377526275063,0
1919.401293712448,0.00031242817925966404,0.00011282227450135287,0
1919.4214312611987,0.00015540250775343748,0.00011675693944011263,0
1919.4415712392597,0.000191811034020918,0.00011282570194399916,0
1919.462402771727,-9.605342875690563e-05,0.00011281450192512018,0
1919.482540244302,-0.000238032685466126,0.00011672043651827664,0
1919.5026790135703,5.870500860261019e-05,0.00011278422611465332,0
1919.5235122755505,0.00017620687175759313,0.00011282609971323067,0
1919.5436539903458,-0.000496670686779674,0.00011673230808202046,0
1919.5637922852407,-0.0011715747570683864,0.00011273961232626161,0
1919.5846243712635,-0.0012044796766825562,0.0001127264448197273,0
1919.6054579880665,-0.0012349180359939277,0.00011272938732158854,0
1919.6255972865422,-0.0011769042650836515,0.00011665435553717876,0
1919.645734598566,-0.000989262730766875,0.0001127513813479969,0
1919.6665676364344,-0.00019650250390514277,0.00011277153214028353,0
1919.6867053391359,1.3860770688054171e-05,0.00011674660294615058,0
1919.7068439265895,-0.00012301902522918152,0.00011275054550260065,0
1919.7276804811463,0.0002007403751755183,0.00011277416650523348,0
1919.7478168705459,0.00010063121860517185,0.00011675575735382454,0
1919.7679543098714,0.00011900123307849319,0.00011277799274725869,0
1919.7887924866604,-2.932812320414591e-06,0.00011276914954128631,0
1919.8096237060724,-1.8945103980216377e-05,0.00011275838255436878,0
1919.8297605865228,-4.29141378537369e-05,0.00011672190797262453,0
1919.8498976857347,9.082095065149353e-05,0.00011274968293683499,0
1919.870732018704,4.194272314048228e-05,0.00011276416937079679,0
1919.8908717905347,-6.398530849977281e-05,0.00011670434342195746,0
1919.9110102875857,2.2589055569343548e-06,0.00011274353032540196,0
1919.9318437194706,0.00014463487886454257,0.00011273666745981767,0
1919.9519808396215,-2.1700280184541e-05,0.00011670191120132469,0
1919.9721230446878,-3.750913275610058e-05,0.00011273210290539376,0
1919.9929564604029,-7.293709918682875e-05,0.00011273723207367054,0
1920.0137870224053,3.238938617273623e-05,0.00011273829534674278,0
1920.0339266443464,-0.00014688370320155425,0.00011665302162829513,0
1920.0540639470262,0.00011265951718544546,0.00011275015782538727,0
1920.0748973658124,3.746869507446273e-05,0.00011274576827804165,0
1920.0950339361084,0.0001282804778870859,0.00011669549695557271,0
1920.1151761185702,0.00019018449437757515,0.00011273855745181244,0
1920.136008397154,1.0910501567518566e-05,0.00011272606500503155,0
1920.1564121695171,-1.568277858075108e-05,0.00012107269087573283,0
1920.1762852836453,0.00030992094423222836,0.00011274190794158225,0
1920.1943387447925,0.00015276689783461143,0.00013164742175031667,0
1963.4140368253131,-4.295524550287691e-05,0.00012675675410467552,0
1963.4345257094499,0.00040376648203103,0.00011341176250996313,0
1963.4553574621875,0.00013116235109096724,0.00011338621360828072,0
1963.475496446993,0.00023649776377835115,0.00011735135521938957,0
1963.4960284514257,0.0003983523128066755,0.0001173414128419827,0
1963.5164693087993,2.0380682472852196e-05,0.00011332441951842717,0
1963.536872875943,-0.00024456455050805235,0.00012172971154774995,0
1963.5567468368288,6.797252032697697e-05,0.00011334991604064452,0
1963.5775797686601,4.741461416864183e-06,0.00011335718048326708,0
1963.5977186385799,-0.00014977423936805067,0.00011732514113741692,0
1963.617856796242,-0.00020433405404364946,0.00011333223005431275,0
1963.6391858489185,-2.0781008487581812e-05,0.00011738210938554261,0
1963.6595254691756,0.0002163140362684905,0.00011341197625516583,0
1963.6796633652007,-0.00020540853505298404,0.00011739566316045934,0
1963.699804179146,5.973709562472535e-05,0.00011338742484434067,0
1963.7206352753103,-8.120330507848647e-05,0.0001134005772686755,0
1963.7412553060808,0.0001332460542071406,0.00012186252410505694,0
1963.7609146982063,0.00011749270330662753,0.00011345134868176712,0
1963.7816509989411,1.2539808408739443e-05,0.00011743970002854031,0
1963.8018863318814,-5.789448203426852e-05,0.0001174165237051151,0
1963.822023471928,0.0001533503470089783,0.00011343870319795887,0
1963.8433555464014,-1.199237651599637e-06,0.00011746410942127239,0
1963.8636962479547,0.00011926688935975233,0.00011347285546578788,0
1963.8838319953954,0.000133466323678246,0.00011743294287813277,0
1963.9039706412502,3.362293071346392e-05,0.00011343000674250032,0
1963.9248037870912,3.06203668619991e-05,0.00011343621144492074,0
1963.9453168834118,-0.0003929892334439488,0.00012183357306044192,0
1963.9650811284519,-0.0011296363157680448,0.00011342028549393967,0
1963.9863147865403,-0.0012530516354078338,0.00011738081114181809,0
1964.0060539222618,-0.0013373142069582403,0.00011736075403724271,0
1964.0257945254596,-0.001168623543442842,0.00011737379850513586,0
1964.047023244948,-0.0010941084266565145,0.00011344069076409933,0
1964.067860560604,-0.0002736174458451076,0.0001134369676704131,0
1964.0879983827717,-4.421548920941488e-05,0.0001173927511889682,0
1964.1081378286747,4.902957047576953e-05,0.00011339897904876231,0
1964.1286757732544,-0.00022045284015193389,0.00011738764242682283,0
1964.1491112289073,3.203969751013303e-05,0.00011736281861455167,0
1964.1689534457332,6.881273166953523e-05,0.00011737895478164288,0
1964.1900827491986,8.509626469732481e-05,0.00011334681457751974,0
1964.2102224091152,-1.575574449277543e-05,0.00011730575473498447,0
1964.230358539353,-6.025347518685468e-05,0.00011335287025682439,0
1964.25119268461,-6.166415384959268e-05,0.00011337211333696279,0
1964.272029990451,-8.619995878375892e-05,0.00011335401611994953,0
1964.29217111496,0.00011496004018151827,0.00011732667841832512,0
1964.3123077127182,0.00026181469228877044,0.00011338811779602224,0
1964.3336355463778,-0.0001492448112525625,0.00011736624121318739,0
1964.353279735103,4.36341418859853e-05,0.00011737141099933698,0
1964.3734198744103,-0.00018482729118960467,0.00011330959551459156,0
1964.3942511801401,-0.00015154185183188177,0.00011333143612606682,0
1964.413909557092,4.6859537866554524e-05,0.00012171610802276022,0
1964.434530722536,5.552172435052634e-05,0.00011332274027617586,0
1964.4553659145445,2.4358211991493126e-05,0.00011330473777952962,0
1964.476194447667,0.0001766951492583977,0.00011329630890397604,0
1964.4963350677342,-5.0046736540388055e-05,0.00011721422597608284,0
1964.515974633117,0.0002511160108480718,0.0001172619274587023,0
1964.5373067677028,5.3257754206948056e-05,0.00011329464601104083,0
1964.5574454867556,-0.00014319872156005298,0.00011725706154002823,0
1964.5775846956212,8.176385321747566e-05,0.00011330913201309082,0
1964.5956402119448,0.0004479939068345107,0.0001323775970017746,0
1972.2948118669465,-0.00013003620634269254,0.0001188376912563341,0
1972.31505123965,0.0001509513897912732,0.00011878379119902553,0
1972.335984212961,-0.0001477204678073026,0.00011467790678890912,0
1972.3561207651169,9.13230597610056e-05,0.000118684154117054,0
1972.3762613576023,7.041903446818309e-05,0.00011458474162357786,0
1972.397094358414,0.00015806839415016596,0.00011453937369742056,0
1972.4172358280316,0.00018839767150946165,0.000118512306300403,0
1972.4373728831163,-0.000220198166763917,0.00011443127774644901,0
1972.4582061747722,-9.16736589999269e-05,0.0001144292788217858,0
1972.4783444614359,-3.3397257037381965e-05,0.0001184618854150543,0
1972.4984841050054,-8.350392438525804e-05,0.00011443675971625792,0
1972.5193174360688,-3.233153428924117e-05,0.00011442242247347651,0
1972.5401498358701,2.669022687673167e-05,0.00011443633579294594,0
1972.5602355610179,4.1958495977151216e-05,0.00012295001491493195,0
1972.5804286305258,4.082391841102389e-05,0.00011448919532053453,0
1972.6012633297005,0.00014080887624785807,0.00011450891638981946,0
1972.6213995989178,9.004251144991081e-05,0.00011854291966042457,0
1972.6415406660417,1.7217951387000253e-05,0.00011451991793712049,0
1972.6623730809451,-0.00011840707570317303,0.00011452042584127096,0
1972.6825121703002,0.00010099993495712,0.00011857608903950378,0
1972.7026501535147,-0.00016233177626653167,0.00011452925871719377,0
1972.7234835853071,-6.979747053725561e-05,0.000114548333000607,0
1972.7448166414185,0.0001797224326422609,0.0001185710157289036,0
1972.764457043622,5.133316011265456e-05,0.00011853956211185421,0
1972.7845944828184,-4.979062499880264e-05,0.0001144877344938985,0
1972.805429952732,0.00024355747232176976,0.00011450119362442848,0
1972.8253047404662,-0.000611718667579291,0.00012294530089959678,0
1972.8457073373384,-0.0012645127496785252,0.00011444149985671964,0
1972.8665391620957,-0.0012157558626743462,0.0001144810506736848,0
1972.8866795560868,-0.001506121232235026,0.00011848366361594309,0
1972.9066204253772,-0.00114661780140238,0.0001184784044206348,0
1972.9276527132452,-0.001260823259159425,0.00011446758571273752,0
1972.9484870871245,-0.0005566128434131171,0.00011448799574840806,0
1972.9686264505306,2.3670939334706754e-05,0.0001184740342702933,0
1972.9887686956915,0.00021067333319783985,0.00011447790730637585,0
1973.0095993396953,-0.00012730206818438856,0.00011442211780094567,0
1973.0295771307403,-3.872766470945626e-05,0.0001228760754813652,0
1973.0498761523052,-9.120833077021628e-05,0.00011437373360236674,0
1973.0707086594314,5.086929336238379e-05,0.00011431431434482424,0
1973.0907957960344,0.00014424835960251886,0.0001227726823266083,0
1973.1109896838193,0.00011848263145166775,0.00011430789985042776,0
1973.131821640628,6.914113129705722e-05,0.00011429366691701098,0
1973.152654635058,-0.0001444451680311923,0.00011424514068055682,0
1973.172099512942,0.00012623240587930122,0.00012271476982339002,0
1973.1929354988335,-0.00016109134503282374,0.00011423230513243272,0
1973.213768212185,0.00012758303537566197,0.00011421544342864052,0
1973.2339042287374,-0.0001828144388265864,0.00011821680600580798,0
1973.254044101429,0.00014533438194483508,0.00011420766686199493,0
1973.274877719458,0.0002542304077983828,0.0001141919049524538,0
1973.2950194679515,-0.00013122352481126514,0.00011814847337494003,0
1973.3151581285417,-1.0103940594244905e-05,0.00011412647960815806,0
1973.3359911194068,0.00010890732369876154,0.00011408577398195373,0
1973.3570244845625,0.00014016215431846032,0.00011806687882998462,0
1973.3769644668553,-3.0199016414692407e-05,0.00011803386679266529,0
1973.397101506585,9.691921654746003e-05,0.00011399446741703751,0
1973.4179345112414,-2.3885975986055638e-05,0.0001139529502479919,0
1973.438075044836,-3.3144954605571755e-05,0.0001179409064451208,0
1973.4582123675411,-0.0001471902862643721,0.00011394571066459008,0
1973.4762670599926,-0.00021235638392949326,0.00013301893761754257,0
1981.1749607266158,-0.00011620540157756228,0.00011330278478994575,0
1981.195792667138,1.4767105122955873e-05,0.0001132703637471198,0
1981.2166256663866,0.00011179177102607888,0.00011327723843016033,0
1981.2372467550283,2.9116620418897776e-05,0.00012168239966796302,0
1981.256904490608,-0.00016804378407626387,0.00011325677476602125,0
1981.2777375501546,-6.831338690017116e-05,0.00011326604568853982,0
1981.2978781545019,-2.8827395352999274e-05,0.00011724578707489337,0
1981.3183137877975,0.00016764924311623403,0.00011731390499782013,0
1981.3388493929756,-0.00016282974778843127,0.00011329899143054745,0
1981.3589883636832,-1.5989992097338847e-05,0.00011727306623767066,0
1981.3791264067693,3.935216607788868e-05,0.0001132576639202994,0
1981.4003630817429,6.50660866824169e-05,0.00011724179327341665,0
1981.4207950315401,-0.00010389687482419458,0.00011322602313123384,0
1981.4409378213486,0.00013341715478312923,0.00011716483242408023,0
1981.46107694925,-3.022729730986038e-05,0.00011313441891805635,0
1981.4816114946711,-6.172317205762117e-05,0.00011707309151095674,0
1981.5020464173094,-0.00010399147523095412,0.00011708058864402409,0
1981.5221867981265,7.621619712180064e-05,0.00011308870796785426,0
1981.543019241173,4.44123246752374e-05,0.00011307541700902801,0
1981.5631572333807,0.000198745981788121,0.00011705107038989118,0
1981.5832978094975,0.00042836300762332945,0.00011309359055094892,0
1981.6041314070771,0.00011246023389122006,0.00011305712836357454,0
1981.6249682052985,-9.853214233508955e-05,0.00011306397324862729,0
1981.6451040438387,6.4766210162289e-05,0.00011702503909352356,0
1981.6652438153178,0.00010870914182601067,0.00011306454613934459,0
1981.686077693669,4.887146846456808e-05,0.00011303157619765839,0
1981.7062159601062,-0.0004049679982131857,0.00011697704142797826,0
1981.7263592357892,-0.0011508414397181494,0.00011296366231114981,0
1981.7468915535067,-0.000986806732374914,0.00011693521979706034,0
1981.7673307554364,-0.0011107914649072337,0.00011691864499563405,0
1981.7874697808616,-0.0009768072039897978,0.000112946238851508,0
1981.8082999320143,-0.0011933698397333346,0.00011291235867198634,0
1981.8291336683023,-0.00031040971771891267,0.0001129300094098353,0
1981.8492747054781,-5.162451002799088e-05,0.00011689132782654239,0
1981.8694160599925,-0.00016349335068406405,0.00011290020725799311,0
1981.8902475039715,-8.829970121085356e-05,0.00011288755307215226,0
1981.9103856682873,0.00022222551199699427,0.00011685633574735049,0
1981.9305265219584,9.14024280425079e-05,0.00011284550570223356,0
1981.9513610145739,0.00019603499890978785,0.00011283879770178282,0
1981.9714985962776,-5.240406546341597e-06,0.00011675380558782977,0
1981.9916377922332,-0.00010134471991925645,0.00011273824804085926,0
1982.0124721945542,-4.36249709825438e-05,0.00011274335138000704,0
1982.0333066183039,0.00012097851847824212,0.00011271823377855686,0
1982.0534442372173,1.3764893336409123e-05,0.00011663193184665994,0
1982.0735837837515,-2.2857830368828627e-05,0.00011268845090278958,0
1982.0944144607754,8.793871329532006e-06,0.00011268433654268321,0
1982.1145559141742,0.00023004850970925566,0.00011664571049356092,0
1982.1346953833527,-7.879453241021031e-05,0.00011266685451618352,0
1982.1555269550731,0.0001633255735392938,0.00011268194975346363,0
1982.1761500137936,0.0001315088903499425,0.0001210610659956939,0
1982.1958065374938,-6.983484002960109e-05,0.00011268380832410621,0
1982.2166392215881,1.185559378611095e-05,0.00011267641336846293,0
1982.237473776334,0.00019408571761481713,0.00011268513798433607,0
1982.2576129560755,0.00012011190251647531,0.0001166447176048149,0
1982.2735875307076,5.6162220787129446e-05,0.00014549115913665688,0
1990.0556292123854,6.825975441682268e-05,0.00011587364864665422,0
1990.0764614084944,0.00041604112914119803,0.00011586991692368627,0
1990.0972971714689,-0.0001495179747537849,0.00011584005731877438,0
1990.1174333044646,0.00018092377651864213,0.00011989245304910734,0
1990.13757290873,3.631317015046994e-05,0.00011585044425801998,0
1990.1584042449886,-2.4101610071559712e-05,0.00011582400908758443,0
1990.178546016987,4.4141162991185505e-06,0.00011989112870149363,0
1990.1986838036507,5.485621246637189e-05,0.00011580606226852326,0
1990.2195181142595,-4.95729275211469e-05,0.00011584664410913524,0
1990.2396554194206,1.0329637933960565e-05,0.00011992015536430424,0
1990.2597959219165,-2.7935995353937428e-05,0.00011587531353601692,0
1990.2806281933874,-8.775140152000005e-05,0.0001158625140803944,0
1990.3014628250887,3.6558525560973706e-05,0.00011586775936286,0
1990.3216043450261,4.839124427245266e-05,0.00011994270804881521,0
1990.341742865035,0.00012598104858395825,0.00011583457219767047,0
1990.3625769161258,-2.2742232814047497e-05,0.00011580628170115257,0
1990.3827162985112,9.828415036437512e-05,0.00011985043358424751,0
1990.4028552494829,9.138529125581593e-06,0.0001157443273027984,0
1990.423688589257,-0.00010751652053066048,0.00011575376772568594,0
1990.4438289180182,0.000251895160545899,0.00011979802914403526,0
1990.464460990052,-1.7086252604446185e-05,0.00011977457433303268,0
1990.4847994018514,-3.1337899949311065e-05,0.00011569327799888955,0
1990.505632864713,0.0003543029006218276,0.00011573635833568426,0
1990.5257733239187,2.4678920588385714e-05,0.00011979557195818493,0
1990.5459111374446,-6.201871429643983e-06,0.00011574453398678833,0
1990.5667441854973,-0.00017966276578138684,0.00011576661306929947,0
1990.586886141397,-0.0006923189619735198,0.00011983574035558101,0
1990.607515695705,-0.0010987109996078818,0.00011986944585011228,0
1990.627855985525,-0.0011514422072211182,0.00011585127020203029,0
1990.6479943865816,-0.00125694002183286,0.00011999537229664308,0
1990.6681336629829,-0.000907939732172409,0.0001159644021231223,0
1990.6889707536407,-0.001324356802026042,0.00011593692268361022,0
1990.7098009800836,-0.00019225713282262674,0.00011603279889525745,0
1990.7299420239567,6.535909688708787e-05,0.00012011743545581812,0
1990.750082392228,0.00015666815098742945,0.00011604826742377294,0
1990.770913185809,8.387541072681093e-05,0.00011598966802481255,0
1990.7910540065086,6.798177359153423e-05,0.00012003988152638616,0
1990.811194343634,6.299716081298029e-06,0.00012003970594426114,0
1990.832028472397,5.382061915712116e-06,0.0001159694244849072,0
1990.852165874835,-8.93283799900593e-05,0.00012000971247441323,0
1990.8723065410734,0.00018806671984330703,0.00011597127978032225,0
1990.893138193174,4.732669250292541e-05,0.0001159399524787996,0
1990.9139712650178,7.35839309579851e-05,0.00011594282714749021,0
1990.9341127774528,4.423016126875944e-05,0.00012000056526065782,0
1990.9537557983476,6.007530748055944e-05,0.0001200177944933538,0
1990.975083159704,0.00015900334438439132,0.00011591033034503836,0
1990.995222680157,-0.00017751675031446107,0.00011994641433435298,0
1991.0153635726967,-6.815804139943586e-06,0.0001158984517479157,0
1991.0361967381116,-1.4425729180476012e-05,0.00011586776322310129,0
1991.0563371293872,7.82039608561e-06,0.00011991480899068116,0
1991.0764743093869,-0.00021335862413459348,0.00011581453001290948,0
1991.0973072088386,0.00023063662789037968,0.00011582446699148759,0
1991.1181419990735,9.017435520293471e-05,0.00011582729493089678,0
1991.1382824184034,9.394581365296361e-06,0.00011985294756376242,0
1991.1584213008664,0.0003383161519163906,0.00011579608277046821,0
1991.1792540012766,-0.000209708441009806,0.00011578300928547769,0
1991.1993909809378,-0.00018507162871305607,0.0001198554254948396,0
1991.2195316621808,4.783262482893584e-05,0.00011583245706790758,0
1991.2375884850514,-8.151812643836721e-05,0.00013527483476929216,0
1998.9353605349095,-3.439577075956281e-05,0.00012577083594653913,0
1998.9557670133474,9.222162199984235e-07,0.00011706482702613954,0
1998.9765985222723,-0.0003191693757875477,0.00011707637443644398,0
1998.9967388316225,2.7508008822264525e-05,0.0001211177389634115,0
1999.016879593635,-0.00016771586874252754,0.00011699888920945969,0
1999.0377146519033,-9.003121927565573e-05,0.0001169951527071791,0
1999.057850363799,0.00032160932102558767,0.00012107406321984734,0
1999.077494202226,-0.00012854258843774443,0.00012106411854177146,0
1999.0985257726732,3.846012723471668e-05,0.00012105216221647423,0
1999.1189661363583,0.00044881649984333257,0.00012105218437341955,0
1999.1391008632672,3.662038351507191e-05,0.0001169260406728857,0
1999.1599347846095,-8.381938304405766e-05,0.00011688356183363253,0
1999.1814634644315,5.786170991972363e-06,0.00012100178637685842,0
1999.2012853212927,2.958857085993537e-05,0.00012555116820472424,0
1999.2210492805789,-8.400882054497475e-05,0.00011685376126201991,0
1999.2418819658335,-4.47960901927426e-05,0.00011682399419487029,0
1999.2620210237958,6.219997202141822e-05,0.00012088298272078142,0
1999.2821620670986,0.00010238265540445129,0.0001167100401302876,0
1999.3040382103302,2.760146262720323e-06,0.0001304290066423651,0
1999.3231352568853,-4.753054350349012e-05,0.00012068247900928175,0
1999.3432722714522,7.330693768021936e-06,0.00011652234080963749,0
1999.3641056470722,-2.5037979426995383e-05,0.000116439191358964,0
1999.3849414601718,-0.00016868774417285148,0.00011640353621456653,0
1999.4050795653375,-3.3221135646470015e-05,0.00012043141332622618,0
1999.4245250506206,-0.0001247083644591013,0.0001203989384005129,0
1999.4460565533557,-1.868782422983729e-05,0.0001163162878526126,0
1999.4666723072953,-0.0004822742063197964,0.000124877924030971,0
1999.4868246827118,-0.0011561493169745846,0.000120300540591191,0
1999.507163202883,-0.001226618952325084,0.0001162131884668636,0
1999.5277814284045,-0.0014506969616003625,0.0001248864246706964,0
1999.5475388460616,-0.0010388891481611768,0.00012037784987337556,0
1999.5682732213138,-0.0011694345005565808,0.00011633621192230867,0
1999.589106290667,-0.0002477963914849941,0.00011640527710835388,0
1999.6092468897607,6.600868404429581e-05,0.0001205597224210203,0
1999.629386093653,0.00017467366630402443,0.00011649839638124649,0
1999.6502193296374,7.78704070552692e-06,0.00011652097857223127,0
1999.6703610939874,0.00018202366568386354,0.00012064513669963339,0
1999.6900022711986,-9.275192501839307e-05,0.00012062002177406189,0
1999.7109356051405,0.000252857495418509,0.00012070194492063537,0
1999.7307756443802,9.935216590404982e-05,0.00012523287920562798,0
1999.7516104870165,-0.00017332667569540605,0.00011659677955224137,0
1999.772446664786,-9.263054246400899e-05,0.00011659767174399258,0
1999.7932802268513,-6.814939168057582e-05,0.00011661772606153653,0
1999.8134173834487,0.00020717834869579324,0.0001207139996404477,0
1999.8332598728844,4.213820707217278e-05,0.00012073106580539602,0
1999.85439159268,0.00018106411183026094,0.00011662401150415955,0
1999.8747978316594,0.00011082433079473731,0.0001253038301680851,0
1999.8948671108747,4.3456374350813774e-05,0.00012075204902636605,0
1999.9155008022462,2.826713857215137e-05,0.00011664296043842825,0
1999.9356393959456,-0.00017845509968814007,0.0001207548872280415,0
1999.9556821515896,-2.5260919955938198e-06,0.00012070602443451601,0
1999.976120211279,-9.909826921144099e-06,0.00012072104654435971,0
1999.997448173115,0.00018767019525393956,0.00011658979664629742,0
2000.0175866673853,-0.00015986789909478236,0.00012065939833196332,0
2000.037727728155,3.916202731735139e-05,0.00011656075800080059,0
2000.0592544361157,0.00039626600684581736,0.00013030604784742883,0
2000.0787015992082,0.00018691051443653017,0.00012062274693477836,0
2000.09883966607,0.00023062165981043388,0.00011649484725653461,0
2000.116895867171,-2.465497417533913e-05,0.00013602013983467725,0
2007.8156384774413,0.00011152135842742708,0.00011668479944281244,0
2007.8364691813656,0.00011278464292988539,0.00011669824685327518,0
2007.8573080450162,1.508988784603252e-05,0.00011668498321629238,0
2007.8774459963663,-0.00010807351840455139,0.00012076484392852309,0
2007.8981805701249,0.00020553318965626624,0.00012078488705393336,0
2007.9184198621592,0.00012330677344771175,0.0001166398292111452,0
2007.9385581036618,-9.292665135006894e-05,0.00012070751966111784,0
2007.9586969795637,-9.227702690219127e-06,0.00011657721149691072,0
2007.98070539571,0.0001610150943090607,0.00012521230379898917,0
2007.999670646405,-0.00012726375880014914,0.00012064387818589406,0
2008.0198074453913,0.00023801397829153166,0.00011654916927038242,0
2008.040642970114,4.369769435615616e-05,0.0001165225410613899,0
2008.061478166579,5.483651720979608e-05,0.0001165084542486937,0
2008.082094257656,-0.00015633315714397238,0.00012513058421201139,0
2008.1017561618742,-0.00020415210347837903,0.00011643162921789184,0
2008.12249299839,-9.050752351395736e-05,0.00012048910991876462,0
2008.1427299607283,-0.00017464710823081688,0.00012042804142044439,0
2008.162867444208,-5.0576595354463243e-05,0.00011630484245433655,0
2008.1837018935569,7.634649020672582e-05,0.0001162708584162728,0
2008.2038374445065,-8.414000269821187e-05,0.00012034263774662513,0
2008.2239800242844,0.00016495035215083125,0.00011629414963023936,0
2008.24481534662,-0.0001119131118247578,0.00011623798852540763,0
2008.265325114894,6.333702735603601e-05,0.00012485613373511926,0
2008.2852004912945,-0.0001882534408335647,0.00012480538478846367,0
2008.3059254704583,4.794458301025364e-06,0.00011620441847314003,0
2008.3267573659355,0.00022773986914070466,0.00011619519715741315,0
2008.3469007972599,-0.0006601966798148269,0.0001202121179012997,0
2008.3667421902521,-0.0009300561668639155,0.00012018860185446749,0
2008.3878715610801,-0.0011467317352902547,0.00011604838043388073,0
2008.4080121623715,-0.001448625161479623,0.00012001874740214846,0
2008.4281510722415,-0.001192224020249346,0.00011591342845985574,0
2008.4482916785769,-0.0011084006225378223,0.0001198861536474564,0
2008.4698195954945,-0.00030946536423424507,0.00011583246427982766,0
2008.4899595691204,-0.00015911513900991424,0.00011980413584964235,0
2008.5099999382248,6.125280771295106e-05,0.00011975381552728571,0
2008.5312289050207,6.724642850839942e-05,0.00011967866477848432,0
2008.551658078456,8.574629777230082e-05,0.0001241662758944724,0
2008.5712110374654,5.724822998349235e-05,0.00011553221868639768,0
2008.5915503395684,-0.0002158706812015503,0.00011952155938745234,0
2008.6115947431779,-1.9790920415367734e-05,0.0001239581537565851,0
2008.6323216016865,-0.00031864996738728893,0.00011534891314350013,0
2008.6531568120786,-9.766797418210608e-05,0.00011529095869363379,0
2008.6734559819552,0.0002667183467352316,0.00012376156926259085,0
2008.694129939625,-2.1442995600368673e-05,0.00011919341307970077,0
2008.7143700361307,2.3629207465829605e-05,0.000119135327817118,0
2008.735102424165,0.00020399601533811063,0.0001150072277875238,0
2008.7547620751795,9.051444725426754e-05,0.00012347275096005853,0
2008.7753806505539,-7.234977004506907e-05,0.00011490114498820097,0
2008.7958158076258,-0.00014811153159677336,0.0001188904683344319,0
2008.8163538933559,3.596268094540393e-05,0.0001188671765572255,0
2008.835796885987,-0.00013805588119288534,0.0001188231199374574,0
2008.8573273295283,2.1274644771561297e-05,0.0001147704422638921,0
2008.8776648952337,-0.0002260787598488113,0.00011884216267326342,0
2008.8982985600294,6.711787117141142e-05,0.00011883971429327702,0
2008.9184400456616,-7.185521940734635e-05,0.00011480127917301778,0
2008.9399664696336,1.7430364960122816e-05,0.00011882754317173736,0
2008.9594127940215,-5.710007337117738e-05,0.00011882977630506012,0
2008.9801456426546,-7.715452404441585e-05,0.0001188163702740999,0
2008.9976086644908,4.083968406531958e-05,0.00013409326620748203,0
2425.1916404264252,-8.081906330120929e-05,0.00010854154131846373,0
2425.2121276257258,-4.2912572253276414e-05,0.00010913935201793859,0
2425.232500017541,7.600002321281069e-05,0.00010906130390605572,0
2425.2528707340884,7.694130601059305e-05,0.00010895803766083053,0
2425.273171549998,0.00011262982052916636,0.00010934830558600835,0
2425.293733099598,0.0002449424136685205,0.00010790135842006249,0
2425.314220229826,9.439860062735466e-05,0.00010823977316308544,0
2425.334588950785,-0.00020991128750928872,0.00010800530988230176,0
2425.354958809042,9.800283318745353e-05,0.00010784254768919225,0
2425.375327451721,3.60507490092045e-05,0.00010773436023350565,0
2425.3958108149664,-8.706098733521876e-06,0.00010706889347938912,0
2425.416298104215,3.514469068965352e-05,0.00010768509095882162,0
2425.436665795556,-0.00011521071077731591,0.00010767823164025065,0
2425.457034330762,3.619742920682647e-05,0.00010778343061811036,0
2425.477404126542,0.00012651316929274966,0.00010795012891115961,0
2425.4978897677893,5.8849023973806113e-05,0.000107552708523947,0
2425.5183734368575,6.76182806564839e-06,0.00010841249859410135,0
2425.5387437759728,-7.164927576725776e-05,0.00010873060778768299,0
2425.559114322528,0.00011736287777844614,0.00010904900661513508,0
2425.579487601785,-8.560488861253404e-05,0.00010937877831094012,0
2425.5999738028986,6.285577414977287e-05,0.00010904130732706502,0
2425.620540710631,4.347406925336779e-05,0.00011050085510855638,0
2425.640833403716,-4.859386274259172e-05,0.00011004486200703032,0
2425.6612025927493,7.421462400757046e-05,0.00011024204101289637,0
2425.681574873623,-1.583789687106671e-05,0.00011035743384750724,0
2425.70206438646,-7.059625261880019e-06,0.0001098356926920902,0
2425.7225535884504,-0.0003168585870681145,0.00011050245366104273,0
2425.7429735920177,-0.0008703145910381042,0.00011117171429798186,0
2425.7632947105153,-0.0011943476098376297,0.00011052565526466898,0
2425.783665571569,-0.001099053128413421,0.00011055028123906752,0
2425.804227030159,-0.000856939805036601,0.0001105708592361983,0
2425.824637346968,-0.0008734442075374754,0.00011057317029706481,0
2425.845008987206,-0.0003884540545956785,0.0001105956924555782,0
2425.865382050521,0.00026760172905599425,0.00011058685344891897,0
2425.885753718638,-2.1898024766515247e-05,0.00011050309555324829,0
2425.906242224577,-7.828823972050719e-05,0.00010973399585099729,0
2425.926728656359,2.8204209572819643e-07,0.00011018138107267551,0
2425.947101542594,0.0001818643874607049,0.00010997737659081576,0
2425.9674727586166,2.515601904322941e-05,0.00010972897648881706,0
2425.987843995553,1.9579489671933457e-05,0.00010947447975945889,0
2426.0083282880596,-9.413751464434946e-05,0.00010863328513788721,0
2426.028811830258,-2.9071626747968113e-05,0.000109107295431235,0
2426.049172475203,-1.4405531799358592e-05,0.00010910036394619211,0
2426.0695489458903,-0.00012471817274254567,0.0001090695393545659,0
2426.0899208583114,0.0001636770501064763,0.00010912819465049946,0
2426.110405761225,6.486730927512687e-05,0.00010857928402691817,0
2426.1308956581856,4.780361898848279e-05,0.00010935168530051351,0
2426.151262526847,0.0002881074001424632,0.00010937589058086204,0
2426.171634028995,-2.3779148476824254e-05,0.00010945577920401159,0
2426.192006365587,0.00040452700986692294,0.00010951836004924112,0
2426.212494957227,4.682789917054856e-05,0.00010887015112997963,0
2426.23298493272,0.0001281361206318444,0.00010937635774359583,0
2426.2533558682303,6.839548562248936e-05,0.0001091939266419398,0
2426.2701352700483,-0.00019313150495739415,0.00015077903704938702,0
2426.294099516912,-0.00010488825660234165,0.0001087189539240833,0
2426.3145874990805,0.00027727321876908566,0.00010788892825044203,0
2426.335071115795,0.0001248293379019404,0.00010824475624461293,0
2426.355441220449,3.164266964326122e-05,0.00010804149502752631,0
2426.3733787894635,-5.240641469555108e-06,0.0001236535278099257,0
2434.072826270497,0.00012428831183242497,9.879264231203391e-05,0
2434.0933135639884,-0.0002966465724029917,9.942406892720088e-05,0
2434.1136849252175,0.0003417940687162299,9.952606494859217e-05,0
2434.134054729704,0.00019548929977396173,9.958043014098123e-05,0
2434.154427091844,-2.1203717422693068e-05,9.961738386692664e-05,0
2434.174915654234,3.0095288551478758e-05,9.904597743196402e-05,0
2434.1954000253554,2.120508259477725e-05,9.960191296570089e-05,0
2434.215787346584,9.082266683228381e-05,0.00010019517533959216,0
2434.236143141336,-3.4993814785457476e-05,9.961154278539683e-05,0
2434.2565136056614,-1.1335094034660938e-05,9.959299004750273e-05,0
2434.2770000938704,-4.532071782210548e-05,9.904224630775855e-05,0
2434.2974838790024,0.0001553254450150383,9.959250067811474e-05,0
2434.3178569038864,4.055112230075417e-05,9.96194651904191e-05,0
2434.3382259217556,8.811452845699799e-05,9.966048554314373e-05,0
2434.358596633524,-1.630538631950217e-05,9.966536706720998e-05,0
2434.379082288858,-0.00010314843038097325,9.912221843781633e-05,0
2434.399568701121,1.1566597857812443e-05,9.973107034396287e-05,0
2434.4200445605106,0.00012794976127154418,0.00010034468238869117,0
2434.4403082699837,-1.5546847182196154e-05,9.979525644965286e-05,0
2434.4606883811907,-4.840297082093463e-05,0.00010037040512457954,0
2434.4811658820663,0.00021348920254822662,9.929753259942933e-05,0
2434.5016544361056,-8.574635017624313e-05,9.987446739549233e-05,0
2434.5219472501008,5.620800006148282e-05,0.00010048459184488953,0
2434.542396609913,0.00011028989730243151,9.993587733912179e-05,0
2434.562761053512,0.00010275893751868583,9.999871048703674e-05,0
2434.583252961867,-7.023681792567837e-05,9.941033006128035e-05,0
2434.603741657511,-0.0004857579254933149,9.998906232364335e-05,0
2434.624112495048,-0.0009694331576382567,9.99479930516961e-05,0
2434.644482545154,-0.0010482621077026351,9.995091728327667e-05,0
2434.66485207463,-0.0011269668231127115,9.993152564906693e-05,0
2434.685340559867,-0.0009470342440675542,9.939261368903287e-05,0
2434.7059058124746,-0.000927052350555586,0.00010053654744580951,0
2434.7261968439657,-1.4796627559298895e-05,0.00010002892395923124,0
2434.7465660960806,-4.856746881088727e-05,0.00010004854470283555,0
2434.7669356319498,4.1068350073088675e-05,0.00010013578230683437,0
2434.7874208426697,0.00017013241343193035,9.965512953705347e-05,0
2434.8079100514283,-3.0324778868936025e-05,0.00010030755101080022,0
2434.8282797248476,9.991091698915592e-05,0.00010034324761744324,0
2434.8486514642436,-0.00015354745372040695,0.00010034154822002346,0
2434.8690218262445,0.00011024360954234006,0.00010035591824497224,0
2434.889506791936,-5.617280327021915e-05,9.979988162507462e-05,0
2434.9099962936143,-3.456901896609872e-06,0.00010036407190849923,0
2434.9303670286968,8.163506154867142e-05,0.00010034184023433161,0
2434.950736850347,0.00021081480264710704,0.00010033985844569413,0
2434.971107077743,-4.433775455605516e-05,0.00010031087214366825,0
2434.991592147163,0.00022435256691017376,9.976933178984115e-05,0
2435.012077293823,6.658336577426274e-05,0.00010038064742529659,0
2435.0324489239424,-0.00019543733404001336,0.00010042854095184549,0
2435.0528174955894,-6.742165387829538e-05,0.00010053040825125449,0
2435.0731888182486,0.00016787537743496024,0.00010063688979053376,0
2435.0936765152073,-5.852362713796619e-06,0.00010017995899260518,0
2435.1141631109735,2.9929086552908928e-05,0.00010084623434219164,0
2435.13446592391,0.00011289183312624012,0.00010148929124219227,0
2435.1549069881116,0.00011487372297790078,0.00010092124864899083,0
2435.175279004178,-4.771557213499471e-05,0.00010090175995089648,0
2435.195765716871,-6.500479436937246e-05,0.00010031220381103886,0
2435.2162538824036,3.1083701464829774e-06,0.00010080551250422058,0
2435.236624681031,-9.263350169472565e-05,0.00010071144517446109,0
2435.2546789817548,6.164964423347705e-05,0.0001144773478995468,0
2442.9530776146953,0.00023411828138171612,0.00010566421216206375,0
2442.9735642771425,-7.173024434024021e-05,0.00010603782148740863,0
2442.9939349281076,0.00012415059629892355,0.00010586683850137771,0
2443.0143057323353,0.00011477146898324233,0.00010569870259717329,0
2443.034674367192,0.00017854738008716534,0.00010554620844307226,0
2443.0551583260276,1.274123768737721e-05,0.0001048385879475246,0
2443.075645365094,-0.0002246057544333858,0.0001053307913404901,0
2443.096013926556,0.00013412220240168667,0.00010531812038576415,0
2443.1163845118654,-5.7311233152805385e-05,0.00010529856464398422,0
2443.136743924983,3.8085750007180966e-05,0.00010545674234026168,0
2443.157240842053,0.0001531405750945718,0.00010473249897812793,0
2443.1777274311353,-2.241497704035531e-05,0.00010535119582197749,0
2443.1981008476178,0.00019194328362402013,0.00010531678265704988,0
2443.218473497949,0.00011344696903923207,0.00010524305924513406,0
2443.238844897421,-7.203579987549228e-05,0.00010510290435503011,0
2443.2593325262847,-0.00014522678073668733,0.00010435350785570867,0
2443.2798180030127,-5.579856465567227e-05,0.00010476768090940893,0
2443.3001906960917,0.0001464471054681835,0.00010457769325511133,0
2443.320560516936,0.00027418362338106037,0.00010440136280303278,0
2443.340931493018,-3.599041455110625e-05,0.00010423477734414124,0
2443.3614166992106,9.803250882962282e-05,0.00010346543666092642,0
2443.381902868875,3.8310467042811974e-05,0.0001039108029526394,0
2443.402271548389,2.3542400270820157e-05,0.0001037997873413434,0
2443.4226418610074,0.00012100374809733842,0.00010372582760118188,0
2443.4430120507727,0.00012650318085500765,0.00010369588415275809,0
2443.463498858284,-0.00011005912910496664,0.0001031056584882158,0
2443.483983939711,-0.00047910208934863317,0.00010369178460817843,0
2443.5043512419666,-0.0012167855646296568,0.00010372943361883574,0
2443.524721622282,-0.0013603439274461001,0.00010384138739744203,0
2443.5450910213576,-0.0012727655766648107,0.00010395334138775044,0
2443.5655797588925,-0.001237013637925697,0.00010353219894492009,0
2443.586063054734,-0.0009501211663956481,0.00010423252283278991,0
2443.606435381013,-0.00016185169681579004,0.00010439056824193382,0
2443.6266963651046,7.436470748439558e-05,0.00010507644346421927,0
2443.6471787552455,-9.721464694206091e-05,0.00010451204258376435,0
2443.6676677131322,8.444935746039857e-05,0.00010396809413922057,0
2443.688152244498,-0.0001591332068801064,0.0001045453239264665,0
2443.7085256636938,0.0001677962183218677,0.00010451248260702522,0
2443.7288775642887,9.407169762107054e-05,0.00010506269197589201,0
2443.749266462091,5.656551399806116e-05,0.00010446009043514874,0
2443.7697526304682,1.876199344088258e-05,0.00010380681899106716,0
2443.7902406978824,-1.5244613170584731e-05,0.00010434597812226937,0
2443.8106116670833,2.0033561727391177e-05,0.00010431731252056146,0
2443.830982584984,-5.257866318609183e-05,0.00010424823996698194,0
2443.851354153006,0.00021966677396319172,0.00010417338682632163,0
2443.8718406823336,-5.4430587447552394e-05,0.0001034692576468735,0
2443.8923269769857,0.00015350358111599637,0.0001039517136231495,0
2443.912701012965,3.562436225774309e-05,0.00010376479016479001,0
2443.9330755802107,-4.300551242261503e-06,0.00010360264542423206,0
2443.9534408661443,-8.837512328758311e-05,0.00010336094089965912,0
2443.973929171978,1.0647248484342306e-05,0.00010255435444441863,0
2443.9944164008893,3.68167577942025e-05,0.00010291619679851252,0
2444.014786662801,-1.3726460768630531e-05,0.00010267616644988131,0
2444.0351581202576,3.412242572437551e-05,0.00010247252321363799,0
2444.0555273809896,8.462462792789055e-05,0.00010227646747989232,0
2444.0760150579686,5.3273171173495405e-05,0.00010152413277758782,0
2444.096498781487,0.00010874610644586045,0.00010192620852220707,0
2444.1168694032126,1.6384872369955886e-05,0.00010179065937480421,0
2444.134922691714,5.59616600643436e-05,0.00011566287351750021,0
2620.5614630825335,3.556563273096401e-06,9.603748514358381e-05,0
2620.581950106502,0.00010381628980046959,9.658214730640376e-05,0
2620.6023192969474,-2.996889453259992e-05,9.657687696318198e-05,0
2620.6228276594065,-0.00017220613292621208,9.76878556316679e-05,0
2620.6431783992743,-1.3918038828669883e-05,9.606054177382961e-05,0
2620.6636621710477,0.00018485901339697472,9.65825277490521e-05,0
2620.684050976424,0.00013643404982605022,9.713240322105845e-05,0
2620.7044008133003,0.00011126669251119944,9.658692465294286e-05,0
2620.724881348137,-5.9410340313305756e-05,9.713322770523892e-05,0
2620.745259876736,-0.00018915945247299933,9.604558306690362e-05,0
2620.7657429622495,0.00022082062656169065,9.657887729867301e-05,0
2620.786098606851,3.3651308521074804e-05,9.712917136784103e-05,0
2620.8064828455263,0.00014967984425496146,9.659696796542822e-05,0
2620.8267910430086,-7.890246735729666e-05,9.713545826619944e-05,0
2620.847415397996,-4.536706749064636e-05,9.657765696531514e-05,0
2620.8678013629005,7.289362368917535e-05,9.713588748296533e-05,0
2620.8882919603407,0.00021108108576917787,9.714507205888377e-05,0
2620.9085648494843,-0.0001631457935872338,9.658098889919661e-05,0
2620.9288271490163,-9.868200592500978e-05,9.71587805820103e-05,0
2620.9494217112697,0.00026228350394140264,9.60938958228372e-05,0
2620.9699060180615,-9.727404150941344e-06,9.659122063008359e-05,0
2620.990298853627,-4.2776514593214895e-07,9.713558926529235e-05,0
2621.0105477850475,1.607463458743907e-05,9.713906319330483e-05,0
2621.0310158197085,8.986442221297492e-06,9.659644102991835e-05,0
2621.051386059979,0.00013640436364116762,9.6588916492117e-05,0
2621.071986926414,4.730649667792384e-05,9.658967631960623e-05,0
2621.0923267421795,-0.0006738636606579944,9.71125351942253e-05,0
2621.1127991667167,-0.0008881799287725111,9.712142560892493e-05,0
2621.1330976462045,-0.0011106317506125046,9.653805382975081e-05,0
2621.1535833180587,-0.0012347434243811586,9.598801869615495e-05,0
2621.174143605709,-0.0012830547186349515,9.707820831774528e-05,0
2621.194438897481,-0.0013241164572443383,9.653989587043039e-05,0
2621.2148074750007,-0.0003989548810938886,9.656837831039279e-05,0
2621.235179430602,-9.19204932745596e-05,9.659045244616892e-05,0
2621.2556655466224,-1.0621694754467385e-05,9.604300673010531e-05,0
2621.276150317835,0.0001897038430570802,9.661973993531135e-05,0
2621.2965206737695,5.182600859210535e-05,9.659140949676996e-05,0
2621.3168893923003,0.00010458754286844653,9.659077934775958e-05,0
2621.337261685121,5.4838524318787354e-05,9.659299923680665e-05,0
2621.3578015838693,2.050955543858901e-05,9.661545385770746e-05,0
2621.378188444291,-2.826249312222603e-06,9.71405374539014e-05,0
2621.398564158246,7.552449115490576e-05,9.714506394071003e-05,0
2621.4190345185716,-0.0001240249595491249,9.71350445632869e-05,0
2621.4393429357888,5.751337957708409e-05,9.658918132976019e-05,0
2621.4599003050284,0.00021015347314694223,9.659466124126276e-05,0
2621.48031362286,0.00016498073489204545,9.65947106450621e-05,0
2621.5006835717854,-8.368720781728915e-05,9.658378870110507e-05,0
2621.521053984473,5.358345536337241e-06,9.65780465257329e-05,0
2621.5413797173114,0.00010534519486856229,9.714044596305595e-05,0
2621.561909823876,8.932284396183676e-05,9.605420867960915e-05,0
2621.582396565858,5.5490254402627036e-05,9.660216152906696e-05,0
2621.602765610097,0.0001313266255000324,9.658811287156502e-05,0
2621.6205885245095,-1.8270178840516712e-05,0.00011153830349647872,0
2629.4379051996493,0.00012582158538904542,9.669838677613396e-05,0
2629.4535468326508,0.0004079780176069747,0.00013522277217430082,0
2629.4788159427203,-4.4989325948829985e-06,9.724887317553635e-05,0
2629.499150019668,-7.819218517676152e-05,9.669821811500661e-05,0
2629.519636930032,-4.7163290100759166e-05,9.615765119273405e-05,0
2629.5401209771044,0.00016700595185882713,9.669555164839313e-05,0
2629.5604917786204,0.00010917142880101893,9.669500347467492e-05,0
2629.580861787927,0.00012948492253811965,9.668990275038738e-05,0
2629.6012315008143,0.0001228555326475989,9.669370249851688e-05,0
2629.6217160092206,-2.9237357932686733e-05,9.618825280352187e-05,0
2629.6422047586243,-3.4767578344242866e-05,9.668623758583512e-05,0
2629.662668609339,0.0001668014815067888,9.724861686253855e-05,0
2629.682943196182,0.00013170529620507807,9.669676881531164e-05,0
2629.7033138120305,8.781500126758739e-06,9.668550503806013e-05,0
2629.723801622597,3.561961195553447e-05,9.615076871975061e-05,0
2629.744285431729,-1.5820787370398455e-05,9.668608538866438e-05,0
2629.764655287792,-1.3429979085198194e-06,9.668762018241071e-05,0
2629.7850261794106,4.273361142724458e-05,9.668582571123574e-05,0
2629.805395319917,7.783533608799018e-05,9.669961766601767e-05,0
2629.825881070354,-8.280398952371179e-05,9.61383275953965e-05,0
2629.8463666571497,-5.323260789280181e-05,9.668549268246504e-05,0
2629.8667374917254,0.00020083451447764887,9.669149538240361e-05,0
2629.8871070740965,0.0001670077621443814,9.669189287728364e-05,0
2629.9074767877123,6.267481070127017e-05,9.669082220358417e-05,0
2629.927963267472,-0.00014473452113860204,9.613403115525847e-05,0
2629.9484490234827,0.00014939326371461907,9.669006084708793e-05,0
2629.968820847426,-0.00047012107739526326,9.66697702517855e-05,0
2629.9891901061337,-0.0010067475877568242,9.665918509749298e-05,0
2630.0095583515567,-0.001110056303398371,9.664741592863122e-05,0
2630.0300454182743,-0.000949470526009721,9.610753592142969e-05,0
2630.050530260947,-0.001102193206334161,9.663950251512777e-05,0
2630.0709002756885,-0.0009271663053928076,9.66376330096244e-05,0
2630.0912689988413,1.873874192395908e-05,9.668764777117274e-05,0
2630.1116423558205,3.1840816688746294e-06,9.668772707958224e-05,0
2630.1321276360054,0.00013523433358705097,9.615536017223754e-05,0
2630.1527193097318,-7.980578685153874e-05,9.726826584839057e-05,0
2630.1729815831377,0.0002613817531608705,9.670876798180175e-05,0
2630.1933483526996,-1.2779545112834723e-05,9.678206029125016e-05,0
2630.213722676234,0.00011464406368462171,9.668466095885728e-05,0
2630.234209131894,4.2554734045861075e-05,9.613909323473773e-05,0
2630.2547610123565,-8.03538037481709e-05,9.725469966325985e-05,0
2630.27501628152,0.00013813280729353292,9.779552783525473e-05,0
2630.2953534731705,9.870264393918831e-05,9.723894387496254e-05,0
2630.315799460152,5.5426212593367356e-05,9.722729082894384e-05,0
2630.3362897277816,-0.00014214057660983759,9.612477560911146e-05,0
2630.3567756902858,2.2587389440065275e-05,9.667189727463477e-05,0
2630.377145665677,-6.306939719876422e-05,9.66673662066265e-05,0
2630.3975137032057,0.00018374308955952027,9.669431722411933e-05,0
2630.4178828261643,8.356329368031909e-05,9.667666731702653e-05,0
2630.4383703730277,0.0001980221012408022,9.613810476471544e-05,0
2630.458857489422,0.00010160488315348281,9.668605627598362e-05,0
2630.4792289919837,-7.362678297185948e-05,9.667738417706152e-05,0
2630.4995982896344,-5.0882203864906115e-05,9.666618151863878e-05,0
2630.5199335528596,0.0002344755918723891,9.780623117094391e-05,0
2630.5404540119803,0.0002129103841685245,9.613405798402813e-05,0
2630.560939668084,0.00015895483488922936,9.668306446653715e-05,0
2630.5813082206723,7.493593787129343e-05,9.668506873133654e-05,0
2630.6016784734566,-2.0923342484785767e-05,9.667683850371444e-05,0
2630.619734296331,-8.966681705104368e-05,0.00010997222586795494,0
2647.1994877268903,2.263443873987094e-05,9.501341661881488e-05,0
2647.2199740929386,-6.512826032622543e-06,9.554693933936035e-05,0
2647.240345644438,-3.759821255138358e-07,9.556851744945865e-05,0
2647.2607143314917,6.58797687320154e-06,9.555640137524445e-05,0
2647.2812029268075,-2.2044005642467563e-05,9.50422703985364e-05,0
2647.3016855750607,5.5033017262408225e-05,9.554959701723643e-05,0
2647.3220574782745,1.638080858985617e-05,9.555570000253589e-05,0
2647.3424270096966,0.00015789178485475436,9.556874889994025e-05,0
2647.3627942213316,0.00010020499824184177,9.555980097146703e-05,0
2647.383280834207,0.00011393964674335892,9.502911038661295e-05,0
2647.40376857466,-0.00011977847689467702,9.554375124034149e-05,0
2647.4241389162053,5.777108937315423e-05,9.556339456686852e-05,0
2647.4445092277056,-7.25050107733214e-05,9.555182902770274e-05,0
2647.4648794587265,9.529602290028574e-06,9.554531648216417e-05,0
2647.4853651616345,7.615900784034957e-05,9.500903193677806e-05,0
2647.505851549901,0.00015878036468218584,9.557674306225364e-05,0
2647.526211484575,1.1026306558202309e-06,9.562025313968601e-05,0
2647.5465902830565,1.0593326009629142e-05,9.555578831232922e-05,0
2647.566961103358,-6.1237108884086265e-06,9.555732502393356e-05,0
2647.5874418177073,0.00012119260831251478,9.525938685246043e-05,0
2647.6079331441033,6.378081371688537e-05,9.554778252613361e-05,0
2647.6283041319475,-6.465213096747442e-05,9.554458576225214e-05,0
2647.6485975605156,-0.00011949359098297579,9.608820815874962e-05,0
2647.669004676017,9.37297205990881e-05,9.6102473277505e-05,0
2647.6895301702675,0.00010319221679698425,9.502438390517618e-05,0
2647.7100905648585,9.506009555539612e-05,9.611501295821962e-05,0
2647.7303877443746,-0.0004565241775297022,9.552597459552942e-05,0
2647.7507868633948,-0.0010987983470617752,9.60651457121231e-05,0
2647.7711263721217,-0.0013936616110996724,9.548756098678769e-05,0
2647.7916134078305,-0.0009756111334195984,9.496813935491415e-05,0
2647.8120979651553,-0.0012137437107640973,9.549485826066205e-05,0
2647.832467067823,-0.0011959115668509512,9.549239217461764e-05,0
2647.852836833212,-0.00023318433988456068,9.554716072316325e-05,0
2647.873209090671,0.00016650858476744145,9.555520185359589e-05,0
2647.8936898957472,-2.0349913813338094e-05,9.503036927100854e-05,0
2647.914180517045,1.6228585407824122e-05,9.554260835524292e-05,0
2647.934624256563,5.247700669231424e-05,9.666177003185196e-05,0
2647.9549199022435,5.3292437788564424e-05,9.555157441827622e-05,0
2647.975402702598,-0.0001166551791803988,9.610198324406397e-05,0
2647.9957032770967,-2.247479039887939e-05,9.555036029729726e-05,0
2648.0162623442493,0.00023672146661327982,9.555788311919726e-05,0
2648.0366312290816,0.0003134557257728998,9.556093019135267e-05,0
2648.0570542769938,-2.055168984309281e-05,9.60922995449763e-05,0
2648.0773727894903,0.00013461866818392036,9.55520081988556e-05,0
2648.0977933922504,0.00015694440982267632,9.555533700896201e-05,0
2648.1184171004356,-0.00010803376327625763,9.608917839426569e-05,0
2648.1388021941298,1.3941252517294048e-05,9.61100927967886e-05,0
2648.159096732854,5.1184827988212515e-05,9.670103871620088e-05,0
2648.179454263556,-0.00013307632450433363,9.555233666236585e-05,0
2648.1999464690452,0.00015481479128925634,9.504922037943747e-05,0
2648.2204276383086,5.5369557883875054e-05,9.555864433247111e-05,0
2648.240737450236,3.4068174314152895e-05,9.609966655179147e-05,0
2648.2611673756815,-3.832733771281325e-05,9.556356856052979e-05,0
2648.281537984308,-6.6919475728411e-05,9.55513280397147e-05,0
2648.3020236368993,-6.730465959774329e-05,9.500733795034274e-05,0
2648.3225089908647,0.0001354139591371597,9.555232630396025e-05,0
2648.342880586129,0.00022426352561186574,9.556132747090168e-05,0
2648.363250479943,0.00022423875638317474,9.556302692999023e-05,0
2648.381305913183,7.654639161319322e-06,0.00010870091505718245,0
2656.078801462555,0.0001249421987474835,9.738247769116971e-05,0
2656.099287102799,0.00010813220560859054,9.78592206596012e-05,0
2656.1196556470413,0.00021745566428134662,9.780332949033706e-05,0
2656.140025055115,-4.809779950759664e-05,9.769975156160245e-05,0
2656.1605128528395,-4.39736266627218e-05,9.707227553375434e-05,0
2656.1809979106783,-1.4197959111966649e-05,9.756260468856024e-05,0
2656.201368162185,-3.7551585393797456e-05,9.75267258608437e-05,0
2656.221739047936,-6.4642727330924665e-06,9.750489081182458e-05,0
2656.2421071579024,1.892831603234184e-05,9.74938943040567e-05,0
2656.2625945859672,8.031900451296982e-05,9.692671694272353e-05,0
2656.2831348176765,0.00012445283066625574,9.800794775187841e-05,0
2656.3034524580903,8.153318876549056e-05,9.738938430174536e-05,0
2656.3238221356423,0.00012178868556426236,9.731310469584247e-05,0
2656.3441895685055,-3.788233015845947e-05,9.725401021217007e-05,0
2656.3646804173927,0.00010125693459274424,9.661170363199986e-05,0
2656.385165115867,5.4258870558335755e-05,9.706227704743313e-05,0
2656.4055750147363,4.122425367527215e-05,9.755027894533809e-05,0
2656.4259055095386,-1.38131213835478e-05,9.693762396111833e-05,0
2656.4462735240695,-6.170152361332159e-05,9.688598403320596e-05,0
2656.4666749139533,0.00018079860341961899,9.688616211686891e-05,0
2656.4872447051603,-0.0002022142379931536,9.685068984149596e-05,0
2656.507614250859,-7.437935807428622e-07,9.687177544330805e-05,0
2656.5279848052346,4.090388909595659e-05,9.689396888838164e-05,0
2656.5483543135615,5.715916457367215e-05,9.691314989623307e-05,0
2656.5688415680206,8.356290039437462e-05,9.638098800164235e-05,0
2656.589326346871,8.948867259763524e-05,9.693271249314169e-05,0
2656.609699553272,-0.00029186300317072254,9.692397143555729e-05,0
2656.6300671152794,-0.0012057842348146702,9.688481772004169e-05,0
2656.65043757208,-0.0013597214881391718,9.690122692596338e-05,0
2656.670923088844,-0.0012015003306170273,9.637105257360987e-05,0
2656.6913676364493,-0.0012279454389873172,9.750454368440775e-05,0
2656.7117763318874,-0.000997583333824507,9.70082966338974e-05,0
2656.7321473317434,-0.00024218277495929307,9.701972941548757e-05,0
2656.752519625379,3.019160602015028e-05,9.706712077281456e-05,0
2656.7730048130225,0.00016888472446197373,9.655647733138941e-05,0
2656.7934920119333,-0.00010153984073546045,9.709360716006806e-05,0
2656.813782250075,-3.695558738548662e-05,9.763265406256609e-05,0
2656.834234720526,-2.343300704804903e-05,9.704700726576295e-05,0
2656.854604917788,7.386962143948713e-05,9.700186489743507e-05,0
2656.8750890967626,0.00034547001882491977,9.642801339934422e-05,0
2656.8955760137023,-0.00017786942070523713,9.692223665862803e-05,0
2656.9159454853225,-6.0535890682939704e-05,9.690278393057307e-05,0
2656.936313206512,-3.0862871231928795e-05,9.690447726709068e-05,0
2656.9566860418804,8.008406605228326e-05,9.686882344586886e-05,0
2656.97717066591,0.00015916043103574287,9.63048408104669e-05,0
2656.997697117233,9.13680874398084e-05,9.73915427714145e-05,0
2657.0180271765043,0.00017239116444994898,9.684306747490034e-05,0
2657.0383997007752,5.2578623377823906e-05,9.683701688332354e-05,0
2657.0587693004336,-5.226091083205762e-05,9.682549065592168e-05,0
2657.0792553336614,-5.273562212180265e-05,9.625336800350701e-05,0
2657.099740358142,0.00022062542809196713,9.677201622272424e-05,0
2657.1201754202993,1.5167025635057791e-05,9.729584979435066e-05,0
2657.140396461086,5.608548596249165e-05,9.724320433811219e-05,0
2657.160762879127,-0.0001705780204073227,9.718864995675787e-05,0
2657.181337371175,7.303330754363763e-05,9.60804145889932e-05,0
2657.201823145075,0.00018407333543898357,9.662959265529809e-05,0
2657.222191708201,-0.0001619987324922308,9.659904156519434e-05,0
2657.242562313384,0.00018799558916851678,9.66148042729975e-05,0
2657.2606162335915,-6.380091181649235e-05,0.00010992823666176874,0
2700.482464905922,2.16478709319047e-05,9.832264769137141e-05,0
2700.502994680153,-1.2401268209762412e-05,9.833516340740868e-05,0
2700.52336488763,-0.00021114478484605723,9.833319625335766e-05,0
2700.543735001153,0.00018890602946089263,9.837408413476791e-05,0
2700.56422210158,8.504488270775369e-05,9.893607934732788e-05,0
2700.584592176518,0.0001493510016580259,9.784670727283951e-05,0
2700.6050427780024,8.751587526534969e-05,9.895120303333557e-05,0
2700.625449030567,-2.0469965098730326e-05,9.838758855941292e-05,0
2700.645815508025,2.3452353525214445e-05,9.842894709011464e-05,0
2700.6661901615266,0.00026546380542711716,9.846543535466717e-05,0
2700.6866764477854,7.910700605536952e-05,9.79276194796016e-05,0
2700.7071625711355,9.991209122319686e-05,9.850246879076006e-05,0
2700.727533924635,-4.628673962607656e-05,9.852444025831856e-05,0
2700.74790465886,-5.0295380856972155e-06,9.853293309498531e-05,0
2700.7682772509443,3.183700689631686e-05,9.853653115098307e-05,0
2700.7887622974017,7.652802604063338e-05,9.796680196054053e-05,0
2700.809248425896,7.025214980069885e-05,9.848695195293283e-05,0
2700.829618567441,6.225419023649843e-05,9.847564271769885e-05,0
2700.849990327203,4.41985797875652e-05,9.845436359953515e-05,0
2700.870356370088,0.00013017928815204117,9.845594508315749e-05,0
2700.8908432541743,4.0316768343465185e-05,9.79037708717844e-05,0
2700.911331807283,0.0001891096866179529,9.847882681321688e-05,0
2700.931591461025,1.744960711558602e-05,9.904578761356355e-05,0
2700.952072207704,0.00015414748407092764,9.848702730055925e-05,0
2700.9724441509115,-0.00016008879709481657,9.84868469537389e-05,0
2700.9929295129846,-5.023172998270643e-06,9.79345759561411e-05,0
2701.013419619259,-0.0005246886534722548,9.845481938217217e-05,0
2701.0337907151525,-0.00106618356360505,9.840321357408883e-05,0
2701.054158845953,-0.0012097420236756985,9.834852243113914e-05,0
2701.074529840379,-0.0013917091134498763,9.828257452536673e-05,0
2701.0950160041775,-0.00117238571589439,9.766887380965543e-05,0
2701.115501132541,-0.0009671888284306571,9.819723948919895e-05,0
2701.135873285603,-0.00016812769835097206,9.87532910125891e-05,0
2701.1562450119263,-2.890692301536015e-05,9.819623657074922e-05,0
2701.1766113366475,5.379504938675732e-06,9.817678352660822e-05,0
2701.197098921685,9.615747093266838e-05,9.763636334308867e-05,0
2701.217583781171,-0.0002733972539764719,9.820540297173355e-05,0
2701.2379549426573,8.350601144667562e-05,9.824563052409687e-05,0
2701.258324413949,0.000127144635625701,9.82587090545835e-05,0
2701.2786964006905,3.556666874110663e-05,9.827691115175756e-05,0
2701.29918335447,0.00022822746122279112,9.77259106623063e-05,0
2701.3196700714257,0.0001488277025867388,9.827780480893127e-05,0
2701.340042019391,-0.0001271031263692575,9.82466743271251e-05,0
2701.3604100720986,2.4504958323063586e-05,9.822658834853689e-05,0
2701.380781648161,2.392473180015889e-05,9.820067840574239e-05,0
2701.4012687322843,0.00010710130262888695,9.760223329779267e-05,0
2701.421753837907,-1.5964832540534693e-06,9.81129033710143e-05,0
2701.442126503305,-8.14266123038639e-05,9.809225878072213e-05,0
2701.462494833949,-1.5424330537219794e-05,9.8054727248498e-05,0
2701.4828658328447,4.004022100971295e-05,9.80384137409475e-05,0
2701.50334045636,0.00017346589869487766,9.755622341582333e-05,0
2701.5238389522833,-4.939638482713717e-05,9.799912144336342e-05,0
2701.544208730884,0.0002523645527934576,9.799293138729935e-05,0
2701.5645791304537,-1.2911467277617732e-05,9.796650628588124e-05,0
2701.5849512380382,0.0002081234849555335,9.79629858057775e-05,0
2701.605435533688,7.195860642842658e-05,9.740452432062464e-05,0
2701.6259213500057,0.0001111943119087468,9.794900240380939e-05,0
2701.646291399311,-0.00013878342389917663,9.794865799387756e-05,0
2701.6643476666577,-8.449451895195588e-06,0.00011146796325386907,0
2718.644046697875,-1.1528843787580213e-05,9.608354717671519e-05,0
2718.664554585525,-3.7282606969845234e-05,9.773496887812558e-05,0
2718.6849049820007,-0.00011299466945132513,9.660833102199299e-05,0
2718.7053224802344,-1.1798369869979505e-06,9.717525019626495e-05,0
2718.7256477298497,0.00010656760828562102,9.662770721777224e-05,0
2718.74607794416,8.312187825903769e-05,9.664207748995735e-05,0
2718.7666131293436,-0.00022932231660722667,9.668180645869101e-05,0
2718.7869740157093,-0.0010205105658132258,9.685706346071057e-05,0
2718.8073448285927,-0.0014182475148413912,9.713197310446428e-05,0
2718.827712202029,-0.0012995222772604624,9.757714775737099e-05,0
2718.8480832873793,-0.0012684534769509571,9.818176239230399e-05,0
2718.868680509428,-0.0010497004000829015,9.881944996631198e-05,0
2718.8890469300263,-0.0007625181431068901,9.951434479307773e-05,0
2718.9093306205814,7.545247871866789e-05,0.0001008231214002131,0
2718.9297884933167,0.00022164456561753456,0.00010098615705647942,0
2718.9502722242473,1.2618362854150884e-05,0.00010119755797866682,0
2718.970854971321,-7.435025494961535e-05,0.00010312724226886186,0
2718.991127998034,0.00013506148589546458,0.00010342226803280351,0
2719.011498075667,-8.827349243377406e-05,0.00010431185146881493,0
2719.0318712710337,0.00018902841848017536,0.00010523340603058626,0
2719.0523594225656,-5.167560323196514e-05,0.00010546194237851105,0
2719.0729494915245,-2.8674793733722497e-05,0.00010737599940658994,0
2719.0932298274956,0.0001539722581264825,0.00010721413971411726,0
2719.1136040319457,0.00023639388923243088,0.00010754433220175421,0
2719.1339780145618,-0.00011253685529641404,0.00010777452663393843,0
2719.1544619499177,0.00014318279301079464,0.00010735958079755141,0
2719.1749519668047,-8.486370010643943e-05,0.00010811496911349551,0
2719.195328306253,-0.00010444090078295499,0.00010813860951868302,0
2719.2157015777366,0.00025905651626478653,0.00010804033807171334,0
2719.2360754735923,-1.9102976803031088e-05,0.00010783303581223791,0
2719.2565662842944,4.135609198179556e-05,0.00010705586180778263,0
2719.2770547575383,-0.00019560553536414262,0.00010803400349790757,0
2719.297415981145,0.00013273871481720809,0.00010726573259601694,0
2719.3177854270557,9.177088927952609e-05,0.00010711942480898003,0
2719.338155076827,9.486661111146507e-05,0.00010711167298190275,0
2719.3586392398647,6.623287458514534e-05,0.00010655384960285048,0
2719.3791195456747,0.00011158939425153676,0.00010722900756547143,0
2719.399484498331,0.00010962157895607027,0.00010745701548580787,0
2719.41985537267,0.000110364153140148,0.00010772060315278213,0
2719.4314397155495,-0.00012053060706456431,0.00029219712327233137,0
2727.121484269017,0.00022178194060135556,9.684193891439829e-05,0
2727.141970166015,8.68805875416345e-05,9.739407296522094e-05,0
2727.1622383877298,-0.00018681759934454243,9.795709430599461e-05,0
2727.1827114994676,0.00012152835403076806,9.738357988813672e-05,0
2727.203081256888,-0.00017367812559487917,9.739490623284567e-05,0
2727.223568451718,0.0002111199094157976,9.68603625781516e-05,0
2727.2440549702906,8.427496767534547e-05,9.740262978133146e-05,0
2727.264336269961,0.00010970765498878756,9.796350624226622e-05,0
2727.284797339266,-9.417788138676605e-05,9.738116554209062e-05,0
2727.3051673199957,6.211533459272809e-05,9.736447341749062e-05,0
2727.3256536079734,0.00010470288927722547,9.681260057132562e-05,0
2727.346096826164,-8.903847017438473e-05,9.787574384193311e-05,0
2727.3665077540127,3.9534359840164045e-05,9.735409572441792e-05,0
2727.386881932549,0.00019063852649116552,9.728774746265922e-05,0
2727.4072515735747,0.00010587782989856548,9.726131355829241e-05,0
2727.427629998889,1.920988304515231e-05,9.724639084851117e-05,0
2727.4482203076805,8.995362035244405e-05,9.730480143284003e-05,0
2727.4685942848078,-2.7126957137927415e-05,9.723645302588714e-05,0
2727.4889667444645,-3.613294970722105e-05,9.720927349620875e-05,0
2727.5093358183626,0.00013265471385694158,9.722585508678127e-05,0
2727.5298211677755,7.387096078044447e-05,9.668444818820344e-05,0
2727.5503082402965,-4.783824994597007e-06,9.724075806627029e-05,0
2727.570680014914,-8.928950260134903e-05,9.725011378997873e-05,0
2727.5910495315015,-1.6786095579585572e-05,9.72298158206197e-05,0
2727.611421125012,0.00013766231471868087,9.725244806320256e-05,0
2727.6319088430832,3.5820749156517175e-05,9.670662745352373e-05,0
2727.6523994877275,-0.000509455208484977,9.72802242440817e-05,0
2727.6727663141382,-0.0011203695481536585,9.723384607900411e-05,0
2727.6931359476603,-0.001271513237825447,9.721977960026259e-05,0
2727.7135083888356,-0.0012545478489359005,9.722912387372554e-05,0
2727.7339937710735,-0.001323465257947373,9.667037333693616e-05,0
2727.7544775338038,-0.0009036897790714829,9.723177799660843e-05,0
2727.7748494404254,-0.0003381549497181787,9.724683950492418e-05,0
2727.795222056275,2.8963269482437484e-05,9.724501072744227e-05,0
2727.8155925318765,-1.4684478610966662e-05,9.72264773596835e-05,0
2727.836077990137,0.0001654869837626772,9.667297539247325e-05,0
2727.8565638229184,-7.447064255671207e-05,9.719400181156584e-05,0
2727.876936813131,-8.067253848436543e-05,9.717812463550657e-05,0
2727.8973070182656,0.0001310135351215613,9.717675710367766e-05,0
2727.917677365069,-0.00017721847500924899,9.715211999181585e-05,0
2727.938169275331,0.00010385478774827335,9.662905520051741e-05,0
2727.9586513909285,5.540341318210618e-05,9.71616088886079e-05,0
2727.97902124548,3.124131067313004e-05,9.71375410643437e-05,0
2727.999391081368,-8.06052973893923e-05,9.711424412736777e-05,0
2728.0197041500614,-8.926266544461037e-05,9.766023315202099e-05,0
2728.04025006531,7.374662630767439e-05,9.656886990198232e-05,0
2728.0607364587236,3.895658731683114e-05,9.707604725711373e-05,0
2728.0810070194184,0.0001971597410562715,9.819106738886833e-05,0
2728.101481562027,7.06790588255397e-06,9.710055818571662e-05,0
2728.1218498129115,7.178917450247288e-05,9.814178421862313e-05,0
2728.142334646923,5.8005406148392144e-05,9.647113995867009e-05,0
2728.1628208576703,-4.7949279863763984e-05,9.698662496309122e-05,0
2728.183194274362,0.00013372177305107216,9.701928064416833e-05,0
2728.203563520305,0.00011004780409999788,9.700047403842398e-05,0
2728.223935947874,6.476740687487751e-05,9.698975413922316e-05,0
2728.2444185467853,-8.865430957250292e-05,9.642419815198184e-05,0
2728.264818897992,3.4187909722076224e-05,9.752987920455139e-05,0
2728.285275027256,-8.607150038071535e-05,9.69544873688711e-05,0
2728.303332263121,8.108178453585516e-06,0.00011029471648639636,0
2736.001722532104,3.181763175953909e-05,9.797787233422635e-05,0
2736.0222076331174,0.00014851544930464928,9.851875937599089e-05,0
2736.042577385303,-9.473737594963432e-05,9.848809154441067e-05,0
2736.062946618538,0.00012738057454720462,9.847760516577726e-05,0
2736.0833426187846,5.4662705492306236e-05,9.899896576881391e-05,0
2736.1038070283566,0.000138746725181584,9.787301490045364e-05,0
2736.124265575344,1.0901409140288605e-05,9.899066521877381e-05,0
2736.1446636869814,-0.00013775968709215495,9.841304720614167e-05,0
2736.165034569179,2.015764913926389e-05,9.841857313152292e-05,0
2736.1854041721963,0.00015879192769428243,9.842029720283825e-05,0
2736.2058931334254,8.254311935389468e-06,9.785300861590945e-05,0
2736.226282264615,-4.552971613884552e-05,9.89462926783361e-05,0
2736.246750483221,8.654046779139047e-05,9.835402802373325e-05,0
2736.2671222594317,0.00020976797128114096,9.831879382548316e-05,0
2736.287491831111,0.0001772912900474281,9.825818480192584e-05,0
2736.3079856804898,0.00011694809178356941,9.772430150906213e-05,0
2736.32846700205,8.484532128066512e-05,9.813127832018362e-05,0
2736.348946649523,0.00012737677446044587,9.860899905149786e-05,0
2736.369207248038,-0.0001095667568076206,9.797596351871885e-05,0
2736.3895776923605,4.2017613857879066e-05,9.791532928944447e-05,0
2736.4100628900433,-0.0001266978409007475,9.732236400682173e-05,0
2736.4305482903233,-7.208889275641452e-05,9.786637927615793e-05,0
2736.450918034011,8.852675512210119e-05,9.786709319744964e-05,0
2736.471290111958,6.913653350163383e-05,9.785969965555501e-05,0
2736.491660233224,5.222610633644927e-05,9.789124680984062e-05,0
2736.5120594698856,0.00020087137363976112,9.793515862475935e-05,0
2736.5326338867835,-0.0005070485328046852,9.794359148305986e-05,0
2736.5530059504817,-0.0009319254098123823,9.795516861277344e-05,0
2736.573374420987,-0.0012527822677488307,9.798434070157186e-05,0
2736.5937446990024,-0.0011307415720679815,9.804172866694463e-05,0
2736.614231562713,-0.0010153630558590065,9.754029254946565e-05,0
2736.6347169742435,-0.0009487986934902803,9.811419232002956e-05,0
2736.6550862005247,-0.0004182701510302717,9.817663263184734e-05,0
2736.675461016852,-4.175805990558507e-05,9.826278109490698e-05,0
2736.6958755204264,-1.5449272083252054e-05,9.88200759039913e-05,0
2736.7163163919236,7.193598329683645e-05,9.770738915097996e-05,0
2736.7368058549164,-1.2167886480027334e-06,9.827442249316372e-05,0
2736.757175134611,1.7175138485826157e-05,9.82731469131438e-05,0
2736.777545444278,-2.728330783794394e-05,9.827624208733063e-05,0
2736.797912722571,0.00020945457684191164,9.83469526510919e-05,0
2736.8184016363166,4.897886836279263e-05,9.775146260075753e-05,0
2736.838888786548,0.00019996286152778852,9.832568807883373e-05,0
2736.8591600152386,1.741637776016225e-05,9.888814900399449e-05,0
2736.879632599576,-5.975871101664155e-05,9.832978301537061e-05,0
2736.900001189101,1.7395158462168675e-05,9.830350681293209e-05,0
2736.9204884854425,-7.13176256787736e-05,9.771235668726042e-05,0
2736.940974454801,9.006154994144375e-05,9.825584341109135e-05,0
2736.961342497126,6.447795021865936e-05,9.825668513606832e-05,0
2736.9817185065094,0.00010151797144942616,9.823065905844767e-05,0
2737.0020871269135,-7.192256668854493e-05,9.818382114951062e-05,0
2737.022574679161,0.00012103834475503625,9.763433855798889e-05,0
2737.0430531392644,6.020518074215057e-05,9.823367119875312e-05,0
2737.0634291820356,0.0002134413150724977,9.815052200515412e-05,0
2737.083798666468,1.1338513208001194e-05,9.813774766816585e-05,0
2737.104171102816,-7.395457442955644e-05,9.811894798714732e-05,0
2737.124659928707,0.00014221107450216732,9.761615622723595e-05,0
2737.145143871756,2.002864879174903e-05,9.813546282160744e-05,0
2737.1655589988595,3.398143707993657e-05,9.870052727013948e-05,0
2737.183572272748,0.00022778962008243822,0.00011165987929996651,0
2798.164993889519,-5.739626745364799e-05,9.63148095108089e-05,0
2798.1854816557993,-9.275728392530424e-05,9.685861866455986e-05,0
2798.205851515229,0.00012040553665263404,9.686516793452414e-05,0
2798.22621981186,0.00010618670976332358,9.688010769037361e-05,0
2798.246593508211,6.249749404775191e-05,9.686667870756117e-05,0
2798.267078952177,0.00019647096731226506,9.63352256858548e-05,0
2798.2876548539834,3.405532061101906e-05,9.741737177505268e-05,0
2798.3079368052786,-3.2776574321693867e-05,9.685921139756914e-05,0
2798.328217891094,-0.00014306907300541083,9.742342657185265e-05,0
2798.348678944306,-6.414212411793186e-05,9.687673530672948e-05,0
2798.3691640374795,2.776291511139375e-05,9.632815861379735e-05,0
2798.3896509595224,4.8965974836000655e-05,9.687294664665716e-05,0
2798.410021663392,0.00013420806948028876,9.688393414865559e-05,0
2798.430392978085,2.1026804330954618e-05,9.687281676353817e-05,0
2798.450761920583,9.915620276149866e-05,9.688844420162454e-05,0
2798.471249322435,0.00015061020722062382,9.634498654275618e-05,0
2798.491735855043,2.26024560254899e-05,9.689052105751246e-05,0
2798.5121062263784,-0.0002012107320682173,9.690062492997686e-05,0
2798.5325449238208,6.184493137992296e-05,9.747393011309305e-05,0
2798.552847200914,7.84131214699512e-05,9.694272513666257e-05,0
2798.573334144751,0.00023966688555980838,9.641871299344624e-05,0
2798.593820153957,0.00012619619798822043,9.699223390761829e-05,0
2798.6141915567873,8.201036113303025e-06,9.7012241244016e-05,0
2798.6345616377434,7.641717737498549e-05,9.703216651953627e-05,0
2798.654932693035,-7.703650195174947e-05,9.704712499902558e-05,0
2798.6753892285574,-0.00018295956691335416,9.707213103610065e-05,0
2798.6959042766102,-0.0005167278137817643,9.7093662429918e-05,0
2798.7162213388874,-0.001102525038006329,9.763882374076839e-05,0
2798.736647797348,-0.0011841309478333299,9.709675592800306e-05,0
2798.7570172561236,-0.001255911571118946,9.712289626991096e-05,0
2798.7775034977417,-0.0011153376623109046,9.661247491510985e-05,0
2798.7979895803846,-0.00110291018005236,9.720556037354043e-05,0
2798.818359234237,-0.0001712117356292816,9.730947899935275e-05,0
2798.8387311930883,0.00015784461547244772,9.736957219660148e-05,0
2798.8591021105817,1.8747877072148113e-05,9.74117799778056e-05,0
2798.8795908041525,-0.0001401186544570749,9.690885921023772e-05,0
2798.9000767084144,0.0001692379810740685,9.749568372893241e-05,0
2798.920446898794,0.00012063087219839368,9.751046173317946e-05,0
2798.94081873759,-2.768182292153807e-05,9.752185710168027e-05,0
2798.961189613497,0.00011753360750052608,9.752116901851482e-05,0
2798.9816742002126,4.086534098200843e-05,9.698634865301824e-05,0
2799.0021596085144,0.000136676769443283,9.757074152693697e-05,0
2799.022530945001,-0.00010759465736541018,9.761112912882082e-05,0
2799.04290084904,-2.476233671308841e-05,9.76776432249299e-05,0
2799.0632708156922,-7.072375718788879e-05,9.773807798390143e-05,0
2799.0837593181836,0.00015058057860085737,9.724684969937414e-05,0
2799.1042450565906,-5.7695536567285e-05,9.782467516054304e-05,0
2799.1246163404157,0.00020699012022673015,9.785769233037777e-05,0
2799.1449867311453,6.906083445016538e-05,9.786517615610499e-05,0
2799.1653584005844,-5.4871092975275174e-05,9.786620660443823e-05,0
2799.1858467828097,4.185953415843311e-06,9.731166753582416e-05,0
2799.2063318847454,5.5280130638783516e-05,9.786342509871508e-05,0
2799.226702375789,0.00024318818705012667,9.787217138125043e-05,0
2799.247073448237,-0.00012658927978228813,9.786739272697201e-05,0
2799.267513899405,0.00011651074231822491,9.844655689388607e-05,0
2799.2879298622865,3.2832258070999026e-05,9.734467566420298e-05,0
2799.3084171393903,2.8967950644072643e-05,9.789896701589031e-05,0
2799.328787424316,-0.00010247908659284777,9.790408241310872e-05,0
2799.3468430975686,7.590814782421529e-05,0.00011138439786151269,0
2807.0452446383033,-1.646614825855655e-06,9.88976160897548e-05,0
2807.065731536037,-8.208117137809627e-05,9.94288780537991e-05,0
2807.0861008874112,5.000064242433418e-05,9.942901255663851e-05,0
2807.106470323248,-0.00010189154426030221,9.939915676357738e-05,0
2807.126745877302,0.00019694227205659996,9.999805617942366e-05,0
2807.1473270553547,9.120928390133373e-05,9.889147830703374e-05,0
2807.1678148607252,0.0002764001560494102,9.947701821945808e-05,0
2807.188186125825,-0.00012922033207226784,9.948081827126668e-05,0
2807.208556730748,-0.00015195668773625265,9.949020718226918e-05,0
2807.2289929654607,2.6122812287227052e-05,0.00010006807852672613,0
2807.249414815953,0.00019136531804391475,9.893658096630678e-05,0
2807.269901984501,7.84293677306128e-05,9.946562160293277e-05,0
2807.290271869826,-0.00012352471494960144,9.941687016540838e-05,0
2807.3106436602216,9.213495642334799e-05,9.938471151000873e-05,0
2807.3308689536852,0.00011088750763177664,0.0001004925727185058,0
2807.351500259548,0.00011024272417008413,9.875461594089052e-05,0
2807.3719865083417,-4.074787330285094e-05,9.92762215841297e-05,0
2807.392356048595,3.884671735992572e-05,9.925951825484169e-05,0
2807.412725411153,9.789506054834455e-05,9.926352378342199e-05,0
2807.4330825165625,-5.230233081730168e-05,9.983747626405616e-05,0
2807.4535827277705,-7.413358114601274e-05,9.872965521782784e-05,0
2807.4740688379225,-0.00010971286199337155,9.932964695229845e-05,0
2807.4944354261884,6.990009520038146e-05,9.943006637393314e-05,0
2807.51481007183,7.54688594673918e-05,9.946307338946628e-05,0
2807.535179683196,0.00021269445829720916,9.956052973006335e-05,0
2807.5556647408825,0.00015918735331977354,9.908865112413291e-05,0
2807.576155192017,-0.0007151603970735156,9.971051719597029e-05,0
2807.5965236370453,-0.0010232539179530758,9.978225823892197e-05,0
2807.6168957167265,-0.0012030662461713923,9.98429849365546e-05,0
2807.637265489155,-0.0009978474030349544,9.994261546327372e-05,0
2807.6577948546505,-0.0013376511414418884,9.998353278432421e-05,0
2807.6782395136233,-0.001126001784187352,0.00010005791028839006,0
2807.6986081007676,-0.00013687887170611707,0.00010017261636952306,0
2807.718983432664,-4.227073435587584e-05,0.00010024704186545676,0
2807.7393508922482,-0.0001151752753003014,0.00010026542101259641,0
2807.759838447081,5.694000014945312e-05,9.975410092793522e-05,0
2807.7803240661256,-4.793298835885706e-05,0.00010037189812617744,0
2807.8006942156567,-1.3687898094934017e-05,0.00010041782829235327,0
2807.8210659866977,0.00010708429871790503,0.00010048209733524947,0
2807.8414367512833,2.083846525757661e-05,0.00010052960819698645,0
2807.86192441969,4.442968752983756e-05,0.0001000002350018493,0
2807.882410903577,3.807402803824292e-05,0.00010068355851803195,0
2807.902782835277,0.00019419845147995103,0.00010060544835696881,0
2807.923152794,8.367620610227812e-05,0.00010059011961022988,0
2807.9436378442247,-3.151592159506477e-05,0.00010112792984499519,0
2807.9640064510577,-5.0953191485995014e-05,9.996927959062237e-05,0
2807.9844992296858,2.492667184154493e-05,0.00010043338906518172,0
2808.0048690654703,7.88506548358798e-05,0.00010037357925384068,0
2808.0252402342885,-0.00012917322375386567,0.00010030607753149916,0
2808.045609552358,6.791759908315572e-05,0.0001002689279760871,0
2808.0660945509576,0.00020017393396356322,9.967677542277589e-05,0
2808.0865823678714,0.00011512680445648437,0.00010021980495447133,0
2808.106951596782,3.33981404373714e-05,0.0001002193017687705,0
2808.1273217225003,-3.496925380429204e-05,0.00010022486123696764,0
2808.147798560683,3.755345816821434e-05,0.0001008397674950453,0
2808.168179218408,0.00014376146936198253,9.974627980115451e-05,0
2808.18866761258,5.231347619281987e-05,0.00010033841169502895,0
2808.2090368775785,6.0608587857888554e-05,0.00010035903464500536,0
2808.2270934135468,-6.175189471291889e-05,0.00011415993882524047,0
2815.9245471260906,0.0001353029179738907,9.769973622178463e-05,0
2815.945032478466,-1.9664622783405362e-05,9.818693453527691e-05,0
2815.965403117729,0.00012129591150289706,9.812500274395139e-05,0
2815.9857765558836,0.00013452942071134127,9.811086495135756e-05,0
2816.006142455606,-5.4872192568999964e-05,9.805437762632246e-05,0
2816.0266280902597,-0.00019294020152818095,9.750038158306931e-05,0
2816.0471137467994,-0.00010804906810670698,9.807661966943179e-05,0
2816.0674845192275,0.00022324887277391106,9.812835226464106e-05,0
2816.087855685518,0.0001124145144183335,9.815838305223674e-05,0
2816.108226248279,0.00018958370620085344,9.819784567928526e-05,0
2816.1287130927967,-0.0002016867442848528,9.76467945360205e-05,0
2816.149201357355,0.0001720502064556683,9.821731345196268e-05,0
2816.1695728588015,4.448302484297775e-05,9.817484285607278e-05,0
2816.189944174987,3.09143777265576e-05,9.812709933927502e-05,0
2816.2103135421207,-9.638184113442144e-05,9.805813294177932e-05,0
2816.2308007322385,3.234366614458545e-05,9.744919137513484e-05,0
2816.251285390676,6.534720346561478e-05,9.795404630103334e-05,0
2816.2717482676953,1.4917320175439409e-05,9.849314651992668e-05,0
2816.2920033543087,1.4593164652123493e-05,9.842755343224839e-05,0
2816.3123954943303,0.00022114406265387823,9.784837545419707e-05,0
2816.3328857335036,-6.230144260890698e-05,9.727063885087214e-05,0
2816.3533538981414,4.951475191512716e-05,9.837236946605172e-05,0
2816.3737387998044,5.493281836968572e-05,9.781755393419749e-05,0
2816.394108330124,-6.040916751981554e-05,9.784920862909037e-05,0
2816.414481542667,-8.664466149893715e-06,9.786495399321609e-05,0
2816.4349911395757,2.398416103365556e-05,9.790598484352773e-05,0
2816.4554555803143,-0.0006057622113112824,9.789593996299303e-05,0
2816.475824036102,-0.0011297799651364406,9.792431435523433e-05,0
2816.496195220741,-0.0010933057027176169,9.798995044911108e-05,0
2816.5165647600656,-0.0013274954662751291,9.804848774367228e-05,0
2816.5370498660204,-0.0011022148870048463,9.75579004384763e-05,0
2816.557537710485,-0.0008253951255725852,9.816570352603783e-05,0
2816.5779077317643,-0.00034767864092964164,9.822840435662567e-05,0
2816.598280440451,0.00017681365169786595,9.828060128757e-05,0
2816.6186517494907,7.750915816133226e-05,9.829524206087066e-05,0
2816.6391367013757,1.757953736232267e-05,9.775016606849366e-05,0
2816.659626129408,-4.8841911590478925e-06,9.829102857666194e-05,0
2816.679995019989,-0.00011055289971891899,9.827560761836914e-05,0
2816.70031171424,0.0001509490709499784,9.881514947233246e-05,0
2816.7207376776914,4.918668521147015e-05,9.822625442677491e-05,0
2816.741222822096,-1.553703403642396e-05,9.766210525784523e-05,0
2816.761707433341,-4.735207698138132e-05,9.822115350580555e-05,0
2816.782079468523,-1.4438701603306915e-05,9.823060671649321e-05,0
2816.802449399126,0.000196542433243859,9.825312384211839e-05,0
2816.822819889591,9.146349908476767e-05,9.82843400967849e-05,0
2816.8433064859787,7.814116838145115e-05,9.777190256250088e-05,0
2816.8637938207507,0.00012422717690998373,9.835098233409973e-05,0
2816.8841657005696,8.540952382685598e-05,9.83516870412357e-05,0
2816.9045369493288,-0.00010185024247237823,9.829334783766423e-05,0
2816.924910780664,2.9971064990227018e-05,9.824347408830919e-05,0
2816.945394952289,5.497595629185773e-05,9.760459706584488e-05,0
2816.9658804621,6.788327390038067e-06,9.807537836991327e-05,0
2816.986249522901,-5.4379851716429076e-05,9.80300077292039e-05,0
2817.0066200690326,3.7671226428310643e-05,9.800269305047087e-05,0
2817.0269894961784,-0.00010947113830823437,9.80101003529273e-05,0
2817.0474754279912,0.0001181059114762717,9.747814415088228e-05,0
2817.067963378126,4.702594401228972e-05,9.806093244014909e-05,0
2817.0883327602746,0.00019498684089040564,9.811405921239333e-05,0
2817.106388811842,0.00015340877863815518,0.00011165272758378217,0
2825.2681844376657,0.00011105239376835057,9.456872243885427e-05,0
2825.2885664808073,6.561062842182471e-05,9.56539775585458e-05,0
2825.309042428624,-0.00011862292762002322,9.510567478072146e-05,0
2825.3294142837485,-0.00010016541224360794,9.510612150191009e-05,0
2825.349866696977,-0.0011040961046270585,9.616748030534278e-05,0
2825.370268307629,-0.0012717100182782354,9.451880733097242e-05,0
2825.3907562564373,-0.0014287064315713883,9.505631383933665e-05,0
2825.4112995121773,-0.0010926265835013143,9.67300202771124e-05,0
2825.4314961693203,-0.0011938395179821838,9.507889106624863e-05,0
2825.451864859944,-0.0006496736021778411,9.509601830447833e-05,0
2825.4723196122823,-0.0001909144463519076,9.512335441633802e-05,0
2825.492838656628,-8.016079544895951e-05,9.512961051928749e-05,0
2825.513231325613,5.470904167110241e-05,9.526244886597198e-05,0
2825.5336437283154,6.25914165239225e-05,9.567613099915202e-05,0
2825.5539518654396,-5.147628918828315e-05,9.513057023617948e-05,0
2825.5744359225473,0.00012043931580706559,9.46066408013158e-05,0
2825.594924257733,4.079692234367735e-05,9.51228672628094e-05,0
2825.615295943185,8.341261292795589e-07,9.512261739804377e-05,0
2825.635664927719,-0.00010931079327831079,9.51195860453924e-05,0
2825.6560362880837,0.0002563543264072816,9.51328689342067e-05,0
2825.67654328625,-3.963531338485854e-07,9.512572213548183e-05,0
2825.697007000532,8.258779904505362e-05,9.56812755812049e-05,0
2825.7173793244133,0.00020361594766874681,9.512940553013052e-05,0
2825.7377501324927,-6.20109759317884e-05,9.511732470172568e-05,0
2825.758120163154,7.200439147023978e-05,9.512267192626042e-05,0
2825.7786060648127,6.58679066850346e-05,9.458867219406584e-05,0
2825.799086966345,-7.863189368372721e-05,9.516802088481804e-05,0
2825.8194616409087,-3.0308186858888367e-05,9.513872601571972e-05,0
2825.8398347669236,-2.3356131507634973e-05,9.511152563921938e-05,0
2825.860205229045,0.0001740041851824418,9.51235002474079e-05,0
2825.880692093406,1.2965711587238398e-05,9.458242458939481e-05,0
2825.901226609807,0.00021212991095287883,9.567605988557627e-05,0
2825.921547202965,-0.00022119277225870156,9.510857252825084e-05,0
2825.9419181392846,4.2139547951573876e-05,9.511517751880139e-05,0
2825.9623515584185,6.515713846890046e-05,9.566319576767678e-05,0
2825.9827745616185,0.00011872385734333398,9.457774897330456e-05,0
2825.994349434085,0.0002370818986643216,0.0002690275307870237,0
2833.687150065061,5.709286395750845e-06,9.593477292466784e-05,0
2833.7077389816077,-7.642919763816401e-05,9.593011575427877e-05,0
2833.7281095246585,3.53994027109127e-05,9.594486224646615e-05,0
2833.7483971838137,0.00015102052165112185,9.651569421290008e-05,0
2833.768788185053,0.00010737025892748012,9.652086245822648e-05,0
2833.7893356491973,2.0262996553807766e-06,9.544221341669787e-05,0
2833.8099869939388,-1.9659741913280888e-05,9.71223783225397e-05,0
2833.8302983817753,-0.00011321060757644427,9.657446901124023e-05,0
2833.850564197625,5.7873250026652925e-05,9.606066526375111e-05,0
2833.8709351433486,1.1419722070672315e-05,9.606902861532793e-05,0
2833.891421059675,8.556717471718289e-05,9.553768638748067e-05,0
2833.911908359248,2.4663434101811522e-05,9.604809723821782e-05,0
2833.9322793494916,3.576866901316082e-05,9.602718562280941e-05,0
2833.9526495708897,0.00010801681906300655,9.60094520478244e-05,0
2833.9730210325533,2.065137466025445e-06,9.598704007595204e-05,0
2833.9935055027386,9.309649112336004e-05,9.541999147194445e-05,0
2834.0139778102553,0.00011631658169287701,9.608576747554786e-05,0
2834.03436223441,-5.523558502745663e-05,9.597596330731947e-05,0
2834.0547152581635,-8.846301849641794e-05,9.654526981397283e-05,0
2834.075102046433,-0.0001454114959075033,9.602449625444157e-05,0
2834.0955914776873,9.404779844195727e-06,9.553089908096093e-05,0
2834.116080344724,0.00016019509895581432,9.612155828316577e-05,0
2834.136446488116,0.00014758407859359824,9.609948916344924e-05,0
2834.1567841935776,0.00014370638086915401,9.66719037853357e-05,0
2834.1771827974553,-0.00017858171878476717,9.61064157685107e-05,0
2834.197675244755,-4.918527195488694e-05,9.552293184623734e-05,0
2834.218165596185,-0.0004811639580181205,9.603533720106264e-05,0
2834.2385325710025,-0.0012335701644605257,9.596835291329063e-05,0
2834.2589037953517,-0.0011260122528712448,9.594361146338348e-05,0
2834.2792744021795,-0.0013367897294286487,9.589910607897594e-05,0
2834.299759739066,-0.0010862093801860553,9.533949845910147e-05,0
2834.320245557578,-0.0010407980626225331,9.587092126378194e-05,0
2834.3406135337495,-0.0003987713028980802,9.588639790689097e-05,0
2834.36098741663,-6.101530361893664e-05,9.588434082542092e-05,0
2834.3814210373594,5.252490302804477e-05,9.70010053121375e-05,0
2834.4017274014845,-2.2066529021280167e-05,9.591223805997752e-05,0
2834.422328753354,-4.281334067909114e-06,9.592667205202379e-05,0
2834.442700502813,8.611715658366275e-05,9.596507765081616e-05,0
2834.463068075729,6.886619901546323e-07,9.60051650889618e-05,0
2834.4834547395535,8.457834035323658e-05,9.659500013397923e-05,0
2834.5039273671005,-3.492713026639016e-05,9.554019103433796e-05,0
2834.524413610483,5.270222517610936e-05,9.613871026924856e-05,0
2834.5447821054804,0.00010213657273211137,9.620173614287354e-05,0
2834.565153410018,6.53457866131133e-05,9.627249023736602e-05,0
2834.5855287958507,0.00011952727095370833,9.635363561481645e-05,0
2834.6060103060713,2.70400356708189e-05,9.58328849252297e-05,0
2834.626497125679,-0.00018410728886424354,9.641029191915112e-05,0
2834.646868101466,3.439304517229295e-05,9.645047220356848e-05,0
2834.6672393867543,7.79046743333961e-05,9.648995207860154e-05,0
2834.687608828815,0.00011600193348509043,9.651532003601339e-05,0
2834.70800377538,1.7972597064327493e-05,9.652335406856168e-05,0
2834.728583742373,-4.0172061249767676e-05,9.655660329357584e-05,0
2834.7489523568192,3.5423605598041295e-05,9.656142535339381e-05,0
2834.769322562356,0.00017896703493998844,9.658934999800152e-05,0
2834.7896921582073,0.00010627106669606947,9.662769704403829e-05,0
2834.81018063943,1.1215086196756635e-05,9.612264336094969e-05,0
2834.8307431009202,-4.1690823115240784e-05,9.725612636631285e-05,0
2834.8509680027023,-9.60259367374277e-05,9.741821087550271e-05,0
2834.869093333659,9.96126190412008e-06,0.0001100399234145706,0
2842.5664884698167,0.00011926333767949686,9.456557747552459e-05,0
2842.5869734128173,1.3328757571716991e-05,9.50864886551861e-05,0
2842.607342328396,0.0001349838791149821,9.509827593596596e-05,0
2842.627649098031,5.9648159162249456e-05,9.563934605933097e-05,0
2842.648085686071,0.00013657886302776453,9.508443871912205e-05,0
2842.668571210047,0.00013532266507145424,9.455621463326313e-05,0
2842.6891193450892,5.0323432254965924e-05,9.564768891685161e-05,0
2842.709430651302,-0.000232676599573976,9.508563415927035e-05,0
2842.729798262883,-1.0419728239836643e-05,9.5077804234314e-05,0
2842.7501682937195,-4.586929967394549e-05,9.507610543646728e-05,0
2842.770650256121,0.00010811210293802319,9.458414734910232e-05,0
2842.791140727469,0.00013565115859646577,9.509553458810402e-05,0
2842.811513073357,-8.791425219461472e-06,9.50960605462681e-05,0
2842.8318818334715,-1.0277958877475524e-05,9.50937266192616e-05,0
2842.8522529951297,-6.51789764712177e-05,9.509538368363994e-05,0
2842.872735815151,0.00010499356519212089,9.510347710222845e-05,0
2842.893225815771,0.00023807775387758916,9.51094862134141e-05,0
2842.9135939191056,-0.00010552824617481394,9.510037794338765e-05,0
2842.933965156498,-8.138040061211692e-06,9.510114117088196e-05,0
2842.954337347341,6.574002383272967e-05,9.509756318325001e-05,0
2842.974823220157,-6.196802637464138e-05,9.454349913361657e-05,0
2842.9953096435297,1.8385163959608227e-05,9.509124598101996e-05,0
2843.015679206121,6.740607279070204e-05,9.509764282406858e-05,0
2843.0360496665517,-4.698943748202669e-05,9.509127927137473e-05,0
2843.0564190300242,9.337787252107554e-05,9.510996202218528e-05,0
2843.0769065878867,1.4271584191674366e-05,9.457179505134313e-05,0
2843.097278953443,-0.0005219488583213228,9.562765059717062e-05,0
2843.117763101349,-0.0011227497925387212,9.50477141510372e-05,0
2843.1381340816297,-0.0012799346873617855,9.50389922040151e-05,0
2843.1585061616574,-0.0013048438256711289,9.505666019952765e-05,0
2843.178991425439,-0.0012032178843835676,9.450734511478737e-05,0
2843.1994764728156,-0.000983887069253381,9.504713555886313e-05,0
2843.219801704536,-0.00015375562437300135,9.56310899497434e-05,0
2843.240262846581,0.00014331553085929053,9.61999326582395e-05,0
2843.2605880994547,9.443544378389765e-05,9.510679746725176e-05,0
2843.2810739525,-4.698030412714672e-06,9.456302847669977e-05,0
2843.3015615758395,4.281953669309941e-05,9.510972271820452e-05,0
2843.321931224254,9.061091268704005e-05,9.510051612708124e-05,0
2843.3421908333394,0.00010841125894728438,9.565216703667652e-05,0
2843.3626708438883,-3.110383047584783e-05,9.510118297827338e-05,0
2843.3832729579817,5.4790471440296024e-05,9.511161766427715e-05,0
2843.4036451976126,-0.00012073815442253744,9.508692877408096e-05,0
2843.4240150156147,7.414556966371806e-05,9.50969193462088e-05,0
2843.4444221172203,2.3615798032026092e-05,9.564735533311723e-05,0
2843.4647556164286,3.8160352366140546e-05,9.50982196758811e-05,0
2843.48524298597,8.537573907077938e-05,9.457048765533519e-05,0
2843.5057270780944,-3.0545741712599005e-07,9.51081702825574e-05,0
2843.526099066998,1.9319122828857846e-05,9.511715451329649e-05,0
2843.5464680013815,0.00015293922718915567,9.51282333837763e-05,0
2843.5668409052096,1.3451517520734183e-05,9.511351558131407e-05,0
2843.587349064659,-5.775210971702254e-05,9.515421102743704e-05,0
2843.607813056608,0.00010681327694931648,9.511821250123013e-05,0
2843.6281820808895,-4.2344935835176286e-05,9.511016935668712e-05,0
2843.6485537936383,-0.00011928974882591366,9.510365428781868e-05,0
2843.6689238257823,0.000153905064088261,9.511674668325615e-05,0
2843.689408992167,-6.1504438013621265e-06,9.458892142907232e-05,0
2843.7098945980056,-8.465002196179603e-05,9.512296475157277e-05,0
2843.7302658523477,0.0002244123222018229,9.512354618530242e-05,0
2843.7483214807285,0.0001710555680511554,0.0001082154441931317,0
2851.4477806181376,8.132248786141746e-05,9.747224843174413e-05,0
2851.46826599228,4.767919566224869e-05,9.812962558775079e-05,0
2851.4886375430806,-5.942141227433815e-05,9.825376567862213e-05,0
2851.5089289136454,0.0001662377896308181,9.897448391712449e-05,0
2851.529373932092,8.044514074929771e-05,9.858988932608805e-05,0
2851.5498621839297,-8.51182766553237e-05,9.820663449980368e-05,0
2851.570347956712,-4.3185998475761226e-05,9.894604126656578e-05,0
2851.5907203922566,8.076032319733744e-05,9.912244655816221e-05,0
2851.611090414471,1.174761018104615e-05,9.927934278322627e-05,0
2851.6314613265963,-9.865843061269156e-05,9.941050544189576e-05,0
2851.65195021213,0.00010269391927382767,9.892885232432102e-05,0
2851.672434564692,0.00010813924366276602,9.959598234369617e-05,0
2851.692805046506,0.00016125007066616106,9.969266673291327e-05,0
2851.7131744727,7.453977483230545e-05,9.981536831990514e-05,0
2851.7335448719523,9.148832188787287e-05,9.993274584886568e-05,0
2851.7540301302984,4.2099812382483256e-05,9.950402637823422e-05,0
2851.774516052614,-7.964604108150462e-06,0.00010022935710722472,0
2851.7948448549405,-0.00014172808832008476,0.00010151006207826464,0
2851.8152589353945,7.540120740162926e-05,0.00010049372964051466,0
2851.83562986829,-0.00012620363178887672,0.0001006131474141645,0
2851.8561167317293,3.860733879565387e-05,0.00010017692167870998,0
2851.876603124836,-1.5704075658629322e-05,0.00010084089832784344,0
2851.8969747898295,4.255312733621052e-05,0.00010091979655645272,0
2851.9173458964437,0.0001783873118499984,0.00010098894560833827,0
2851.937715843321,6.099899197390409e-05,0.00010102260118395492,0
2851.958202548,-0.00015095225781223016,0.00010046878869900465,0
2851.978684854923,-0.0007037172754452716,0.00010159759994138575,0
2851.9990606261345,-0.0014384378013301176,0.00010097858471875477,0
2852.019432132622,-0.0013848795362229784,0.00010095933132243512,0
2852.039802833332,-0.001408229517934052,0.00010091775562334927,0
2852.0602895030115,-0.0014911830272049528,0.0001002863050562228,0
2852.0807774856285,-0.0010396416564324269,0.00010075566316389631,0
2852.1011482333874,-0.00046853769442739774,0.00010062901146038525,0
2852.121523392819,-5.198858106455449e-05,0.00010040718203656105,0
2852.141894741075,-0.0001281397803336656,0.0001001129774532526,0
2852.162384535982,-3.596013902100359e-05,9.922841762512652e-05,0
2852.1828694376177,5.5466199828889385e-06,9.941285376808912e-05,0
2852.203242486528,0.0001834870546975975,9.90134095567732e-05,0
2852.2236109802666,0.0001478205869500798,9.861622266234376e-05,0
2852.2439830061903,4.423427847899858e-05,9.810644073055284e-05,0
2852.2644718482493,-8.283792010529631e-05,9.705422670771076e-05,0
2852.2849564202997,6.195983472344247e-05,9.713640010012747e-05,0
2852.305325944216,0.00015567689806060794,9.668457991968756e-05,0
2852.3256939877624,0.00017084767975349767,9.628430063071776e-05,0
2852.346061968594,0.00023636311553597774,9.594388437501926e-05,0
2852.366547639028,1.420820375571082e-05,9.511883280704081e-05,0
2852.386947730889,0.0001230342567417552,9.596866475286628e-05,0
2852.4074219171002,2.409694883637762e-06,9.578932400263145e-05,0
2852.4277686046657,-0.00010872674715129954,9.513047491485284e-05,0
2852.4481367039416,-0.00020200434488013594,9.505264479044246e-05,0
2852.4686221465195,-0.00012968487823204622,9.448796234198863e-05,0
2852.489106944652,-1.0529939225954328e-05,9.5021998297369e-05,0
2852.5094779067995,0.00011673895462681153,9.502684146939828e-05,0
2852.52984937453,0.00013463733566775458,9.503922091284948e-05,0
2852.5502188700116,0.00015307038878971808,9.503553089699992e-05,0
2852.57070607328,7.003028861037549e-05,9.450015400483458e-05,0
2852.591196845094,0.0002066459391465271,9.511615292801772e-05,0
2852.6115631996713,-5.0938793683856124e-05,9.503529241499089e-05,0
2852.62961704788,5.590457220845941e-05,0.00010813238026955146,0
2913.6072438309557,0.00010605274336311667,9.631632308398013e-05,0
2913.6277315910856,0.00018791173059462565,9.686596361633657e-05,0
2913.648099992593,0.00021134120439064317,9.682463366652353e-05,0
2913.668526147763,5.972513421294607e-05,9.735225078755018e-05,0
2913.6889554981476,-0.00011069370237907301,9.622700766614178e-05,0
2913.709441519439,0.0001349397489119832,9.677156888346639e-05,0
2913.7298127274557,-3.595742177350469e-05,9.673636064273905e-05,0
2913.7501829977614,0.0001450209875209282,9.671843968373844e-05,0
2913.7705523106724,-0.00022457047397280873,9.668400452149282e-05,0
2913.7910377116377,1.0935998309157759e-05,9.612415300526772e-05,0
2913.8115234970196,9.290560780254181e-05,9.666080326655752e-05,0
2913.831914061002,3.478945942032869e-05,9.77664798628742e-05,0
2913.8522637668984,0.00010178996921669079,9.66202570852919e-05,0
2913.87263239315,0.00021163952968765283,9.662157088505559e-05,0
2913.8931183432037,-8.30675010923007e-05,9.605094284787726e-05,0
2913.9136038152856,0.0003546993473240825,9.660484776530197e-05,0
2913.933974497003,0.00012437786877982023,9.658101552844858e-05,0
2913.954344386698,-0.0002643254030428217,9.655661808354558e-05,0
2913.9747648277366,-4.6144974150079054e-05,9.71364062671203e-05,0
2913.9952532117427,5.695679316042177e-05,9.653517504151997e-05,0
2914.0156530276827,0.0001075881842381709,9.708866875016942e-05,0
2914.0361428429906,0.00011768160418575416,9.707389769950507e-05,0
2914.0564265825637,-0.0001043100856352176,9.64968568266548e-05,0
2914.0766956238717,1.0294942019997454e-05,9.704774330581025e-05,0
2914.097282678658,0.00011778171073018399,9.593585802179215e-05,0
2914.117786618443,0.0001581348435210406,9.758201793149429e-05,0
2914.1381404388376,-0.0004367886558611545,9.643297090310386e-05,0
2914.158508935411,-0.0010400829394494938,9.639295620708836e-05,0
2914.1788778151313,-0.0011924390675597126,9.63801167179534e-05,0
2914.1994260070046,-0.0013437837287475962,9.636905244871495e-05,0
2914.2198481207306,-0.0010353755188652024,9.637147729495137e-05,0
2914.2402289426777,-0.0010105411010124386,9.692130306319326e-05,0
2914.260587261631,-0.00010922657447557157,9.639486187278824e-05,0
2914.2809604908202,2.6607335114579998e-05,9.640877947144883e-05,0
2914.3013929016597,-0.00011334910847184427,9.638912835411659e-05,0
2914.3219306576348,-0.0001426350569131805,9.637594723727134e-05,0
2914.3422969544545,0.00031282591915864777,9.641208411231404e-05,0
2914.36267081349,0.00021334964479999058,9.637880147742157e-05,0
2914.383040838246,-2.4120414693447434e-05,9.637178986946106e-05,0
2914.4035275323026,6.870787152273212e-05,9.582182526397984e-05,0
2914.424012398366,-5.331694215517941e-06,9.635187457454375e-05,0
2914.444381874799,0.00013807777917571412,9.635396035107754e-05,0
2914.4647527098596,0.00019500675527366236,9.635559366550442e-05,0
2914.4851223849287,1.3783263381756978e-06,9.633816272647833e-05,0
2914.5056069697725,-1.7877416462936797e-05,9.579168184252938e-05,0
2914.52609339519,6.693160956177713e-05,9.633732505335974e-05,0
2914.546463214844,-2.46814314616513e-05,9.632307810050814e-05,0
2914.5668341047017,0.00011345691892914616,9.632632209037413e-05,0
2914.5872034835656,2.8638523455612205e-05,9.631421198215791e-05,0
2914.607688846613,-8.215439699563816e-06,9.577038682741962e-05,0
2914.6281747180533,-5.6173087869936126e-05,9.63112461418003e-05,0
2914.6485447065,0.0001074964169079715,9.630831597378433e-05,0
2914.668915232117,-4.8575040265646945e-05,9.629594970892927e-05,0
2914.6893903472273,9.311184466684412e-05,9.685015640731288e-05,0
2914.7097699058127,-4.401365051278298e-05,9.575133626938117e-05,0
2914.730256662005,0.00018002655887722237,9.631011249115051e-05,0
2914.7506269745877,-2.03818819732644e-05,9.628801192814006e-05,0
2914.7709966439156,-7.720539791794445e-05,9.62859741544981e-05,0
2914.7890513931343,0.00015325621838345409,0.00010954290809676716,0
2922.488734153514,-2.809238053000446e-05,9.695921014589574e-05,0
2922.5090527055945,4.1603148673672265e-05,9.640188730969223e-05,0
2922.529423477343,0.00013900610844415617,9.641786879713847e-05,0
2922.5497921657434,0.00020050003553337601,9.641810020579181e-05,0
2922.5702787727687,0.00011581972469491491,9.587172245129932e-05,0
2922.5907636254556,-0.0002604370306832451,9.640258369572366e-05,0
2922.611133666887,0.0002510875261522735,9.642228451498552e-05,0
2922.631503761968,-0.0002384170614842464,9.640597617683238e-05,0
2922.6518737069227,6.685599183410063e-05,9.642012061059415e-05,0
2922.6723587260562,-5.177360412665197e-05,9.587850202755248e-05,0
2922.692918626252,7.032591194825857e-05,9.696969003654872e-05,0
2922.713322781911,6.697006699814627e-05,9.697767811432343e-05,0
2922.73358453769,0.00020353919527873294,9.642315765912365e-05,0
2922.7540306621686,0.0001150315876571587,9.697080227084518e-05,0
2922.7744393651647,3.8736965266479956e-05,9.588925615887168e-05,0
2922.7948271647756,1.185728712182922e-05,9.696657044519052e-05,0
2922.815296858429,4.81803260790868e-05,9.641819816136083e-05,0
2922.8356662397064,0.00024521449067900595,9.642291132754665e-05,0
2922.8559617823607,-0.0001345905092891556,9.696464155694468e-05,0
2922.8765224353324,-3.4443081191916894e-05,9.587080413085697e-05,0
2922.896979693346,-1.2304917127015671e-05,9.697128719329043e-05,0
2922.917311387765,0.00028979241218916,9.698074892789826e-05,0
2922.9377478370598,-1.3447460767021077e-05,9.641417397725008e-05,0
2922.9583145472106,-3.0295780036426165e-05,9.752966371005845e-05,0
2922.9786759027706,-2.08656244350419e-05,9.641597269436204e-05,0
2922.999090142708,-4.360770586497975e-05,9.641249149224523e-05,0
2923.019461865615,-0.00046554768280188016,9.639841385892792e-05,0
2923.0398293060994,-0.0012148346621077633,9.635982390931855e-05,0
2923.0601993241594,-0.0011377872570241723,9.6363846909763e-05,0
2923.080685152688,-0.0009661153425689084,9.583315086466011e-05,0
2923.1011706259646,-0.001248447076271981,9.636279092209622e-05,0
2923.1215412488364,-0.0012582673502152316,9.636303519723923e-05,0
2923.14190883548,-0.00014138119925057537,9.640859589449641e-05,0
2923.1622801093513,-0.00012473188405174405,9.64080545536752e-05,0
2923.1827671148653,0.00013601936798338045,9.587736820741775e-05,0
2923.2032527693596,1.1157017119459432e-05,9.641420961426811e-05,0
2923.2236218274134,8.732605148297921e-05,9.641937757602734e-05,0
2923.2439924218415,8.654427877760337e-05,9.641049256377377e-05,0
2923.264361186525,8.792587309950388e-05,9.641615278254934e-05,0
2923.2849218316233,8.224588565582224e-05,9.641636084752027e-05,0
2923.3053357486133,-1.0484735447010513e-05,9.644017320667992e-05,0
2923.325702793163,-6.778044617904303e-05,9.697157949012764e-05,0
2923.342138979532,0.0001115010278722165,0.0001230865479080881,0
2923.571441168743,-7.249672052495205e-05,0.00010586092550762767,0
2923.591499185549,0.0003479549409373279,9.990177605703965e-05,0
2923.611573722662,9.799688456109847e-06,9.649786960069361e-05,0
2923.631884909257,-3.574260261629422e-05,9.724433692152378e-05,0
2923.6522953158983,-1.2470184957652639e-05,9.7160814625241e-05,0
2923.6703554003166,1.925355034613186e-05,0.0001111713131396796,0
2931.3677799514403,-4.841687903350436e-05,9.586724745723925e-05,0
2931.388264798758,-0.00017661672766301406,9.640497752960341e-05,0
2931.4086357065275,8.18221944893024e-05,9.641410737223899e-05,0
2931.4290041042555,3.177938000866117e-05,9.641434049175571e-05,0
2931.449490999317,0.0002245428086316013,9.588306567069977e-05,0
2931.4699764230245,-1.406355124656722e-05,9.640516920759123e-05,0
2931.4903458858394,8.158401282694115e-05,9.64150381399437e-05,0
2931.5108179822073,0.00013802798303870386,9.696974054348804e-05,0
2931.5311379672235,-1.0349227643052226e-05,9.695611017109594e-05,0
2931.5515724214656,-5.404881215989037e-05,9.586793085779846e-05,0
2931.5720507468714,0.00014122513836407676,9.695904282442988e-05,0
2931.5924266330185,0.00010458450769340605,9.640956128645228e-05,0
2931.6127961960374,-0.00021470333581990648,9.639676654488984e-05,0
2931.633166375323,0.00023286976389823427,9.6408593008734e-05,0
2931.653652783795,0.00015494680222370765,9.587146866525471e-05,0
2931.674137997717,-0.00011639815681078526,9.639988948452116e-05,0
2931.6945077541395,9.862681940931823e-05,9.641034832422175e-05,0
2931.714877720114,-0.00010508111307078469,9.640823080254518e-05,0
2931.73524979349,0.00012667657428812876,9.64196815040688e-05,0
2931.755734025227,-2.2745007635666815e-05,9.586618453945844e-05,0
2931.776218919096,2.943156074197093e-05,9.640884218145924e-05,0
2931.796590507856,4.1932799011555064e-05,9.641002203538475e-05,0
2931.816936992132,-7.939060481437634e-05,9.695497857340285e-05,0
2931.837365863854,8.966137571309324e-05,9.695972734838342e-05,0
2931.857815645876,0.00015694296936945054,9.58697896122895e-05,0
2931.878229878514,7.672589547232938e-05,9.696681801257403e-05,0
2931.898672745903,-0.0005096216209995485,9.639193523608491e-05,0
2931.9190403073553,-0.0010057279062421866,9.63769693063169e-05,0
2931.9393063292814,-0.0012450426082397026,9.692188488492947e-05,0
2931.959895964014,-0.0013003281129547505,9.58093239504901e-05,0
2931.980381509346,-0.0012974961332138189,9.635607973089602e-05,0
2932.000639042284,-0.0011809742027049576,9.691262544809609e-05,0
2932.0211205397536,-0.00039241121590103854,9.639321533159329e-05,0
2932.0414919852524,6.238145983611923e-05,9.641923442626994e-05,0
2932.0619764173557,-5.256896956261358e-05,9.586543579604072e-05,0
2932.082406819628,9.36221174093554e-05,9.69649330336178e-05,0
2932.102833409864,-2.0608146008376938e-05,9.640933445760669e-05,0
2932.1232038682892,-7.894108059035081e-05,9.640938240666114e-05,0
2932.14357382159,-0.00010022109070773348,9.641223541422182e-05,0
2932.1640589699123,-5.662115732671786e-05,9.586689904673354e-05,0
2932.1844389865996,-8.31302528093509e-05,9.696896632056851e-05,0
2932.204915154234,0.00016957676655539216,9.641743873234742e-05,0
2932.2252840793944,8.233380503867805e-06,9.642642919226047e-05,0
2932.245654741375,-0.00010263881426654326,9.641685229006038e-05,0
2932.2661413620544,0.0002253221042744921,9.589585459434061e-05,0
2932.286627160086,9.820323013970122e-05,9.642546349968123e-05,0
2932.3070147109343,-0.00015353766119718905,9.651326853877146e-05,0
2932.327365456169,-0.00010685525518072142,9.641813032552336e-05,0
2932.347737038748,-0.00022775321569757666,9.64162048539219e-05,0
2932.368222215,-0.0010888024683567018,9.583997229798891e-05,0
2932.388707714638,-0.0007491767068831548,9.639868135300717e-05,0
2932.4090760341055,-0.0009527893964240346,9.639143674643504e-05,0
2932.4294469893125,-0.0009392722942830199,9.638159087194467e-05,0
2932.449818596991,-0.001039282090956911,9.639115159067761e-05,0
2932.4703029663565,-0.001098089161207803,9.584194022646769e-05,0
2932.4907102600264,-0.001266546681973415,9.6930250407151e-05,0
2932.5111584358397,-0.0009187765864647038,9.639592976007347e-05,0
2932.5314197066004,-0.0008787309133751535,9.694563755005668e-05,0
2932.5495839173213,-0.0008335307665424949,0.00010966750838918136,0
2940.2499938429164,-7.531451184254043e-05,9.916133085823994e-05,0
2940.270367331255,-3.921476692806688e-05,0.00010030867645318713,0
2940.290849368184,-6.058686587845432e-05,9.973638139412095e-05,0
2940.3112202994057,-3.627436275199105e-05,9.970434331396093e-05,0
2940.331710147293,0.00012700553625921398,9.908093848348033e-05,0
2940.3521935027748,2.4807220416100114e-05,9.952916017557772e-05,0
2940.3725660618816,-5.371116338042681e-05,9.938891406634477e-05,0
2940.3929352152,-8.235067028698727e-05,9.927593796210565e-05,0
2940.4133012343837,-5.757613369980583e-05,9.919940155403199e-05,0
2940.433833162242,0.00023978227505614224,9.917027349592772e-05,0
2940.4542729950017,8.097776639084489e-05,9.912698091911842e-05,0
2940.474644645045,0.00012955996850321975,9.905714034451217e-05,0
2940.4950138010677,5.1866612841252695e-05,9.899492171186792e-05,0
2940.5153793815794,-0.0002112064266494586,9.898765587069683e-05,0
2940.535866816576,0.00017106233269547743,9.8410483262608e-05,0
2940.5562372161207,-0.00011459815471504719,9.955696403316485e-05,0
2940.5767235708545,0.00020942705442673874,9.896452692460082e-05,0
2940.597092850319,0.00020463126068723803,9.892363268312798e-05,0
2940.61746556975,3.2403200451046015e-05,9.885422209736033e-05,0
2940.6378710295576,6.43783431799887e-05,9.878339493475548e-05,0
2940.6584354989186,0.00020198837574878412,9.873522905001025e-05,0
2940.6788043014108,-3.1659753450272967e-05,9.869096081525984e-05,0
2940.6991731296703,-1.2995104896737064e-05,9.869477172269798e-05,0
2940.7195418847878,2.5040857244467033e-05,9.869903815249574e-05,0
2940.740058306146,-6.241300326789144e-05,9.869738395666789e-05,0
2940.76051556217,9.114345347885218e-05,9.868148340823065e-05,0
2940.7808765327745,-0.0003965159764169914,9.918713949575847e-05,0
2940.8012558469527,-0.0009967282473731028,9.857507368833256e-05,0
2940.8216254273093,-0.0012991087676807148,9.853851477020466e-05,0
2940.8420075005106,-0.0012214289577396607,9.853577096595504e-05,0
2940.8626755348773,-0.0010219716548983072,9.909971981494705e-05,0
2940.8829650888815,-0.0009950720391909422,9.849430945754086e-05,0
2940.9033354942644,-0.00016856077139307385,9.850190929599679e-05,0
2940.9237076196778,0.00016898253874630983,9.846070688891449e-05,0
2940.944193373797,-5.249256685543703e-05,9.785665600832276e-05,0
2940.964678529153,0.000150258816936414,9.836063063341066e-05,0
2940.985050085555,-0.00021225865312726248,9.825907494057383e-05,0
2941.0053180160517,0.00018100947991256803,9.877344133677393e-05,0
2941.0256776743645,7.95637827580663e-06,9.928883223776961e-05,0
2941.0463039881647,0.00018072170898424307,9.811170631594671e-05,0
2941.066756688678,2.710435529742443e-05,9.810818408413113e-05,0
2941.087129031289,5.764146500784255e-05,9.8086887588488e-05,0
2941.107499115615,1.2921602747399056e-05,9.805742465953766e-05,0
2941.127869090464,3.2207705028852416e-05,9.804247782698957e-05,0
2941.148354614435,4.917099601257682e-05,9.746242429670256e-05,0
2941.1688418863755,-2.2724750088236157e-05,9.797142973651074e-05,0
2941.1892097220116,-6.971148203713042e-05,9.793034754088449e-05,0
2941.2096289366987,-1.834393560010335e-05,9.846453482902788e-05,0
2941.2299492455436,2.9827072946179127e-05,9.795121259722765e-05,0
2941.2504495251715,-9.773978194057234e-05,9.790182126538709e-05,0
2941.270920587977,0.00010191613289153467,9.789346977736807e-05,0
2941.2912903691686,0.00015461200147162533,9.787234189949097e-05,0
2941.3116257563815,0.00014010541736159075,9.841504790176616e-05,0
2941.3320301268523,0.00011125232617477637,9.784983500392552e-05,0
2941.3525160533554,3.144801050611956e-05,9.726865391165904e-05,0
2941.3729292147996,-7.761952618892493e-06,9.840498768423029e-05,0
2941.3933736417603,-0.00018399060046391625,9.773388862162426e-05,0
2941.4138208755667,-0.00014257689371311938,9.825601868609496e-05,0
2941.431912312023,4.741029947942475e-06,0.0001103137451520267,0
2949.130359961358,-9.600972737271004e-07,9.665580742686181e-05,0
2949.150845736135,-7.248789728610914e-05,9.71946979479321e-05,0
2949.171214422943,-9.901027887440027e-06,9.720085387335668e-05,0
2949.1915855423417,0.0001102421260423246,9.720760895700154e-05,0
2949.2120707502586,4.3938032291188114e-05,9.665433619298992e-05,0
2949.2325562607325,-2.3197965719488103e-05,9.71963858410475e-05,0
2949.252926480276,0.00019687378552525595,9.721103493862189e-05,0
2949.27329602722,-2.9916138724916404e-05,9.719794634530552e-05,0
2949.2936663330934,-4.658431167456864e-05,9.719060224700011e-05,0
2949.314059785473,6.300120775151723e-05,9.721887138390593e-05,0
2949.33463656561,4.721438323853239e-05,9.720199305815854e-05,0
2949.35500724948,-0.0001377079905990428,9.718745209385099e-05,0
2949.3752136556554,0.00020036042274612463,9.832680240129444e-05,0
2949.3957468033345,0.0001792770062355349,9.720091208517565e-05,0
2949.4162325663196,0.00011099651406649336,9.664955575807833e-05,0
2949.436718599373,-9.287961880439128e-05,9.719176881004765e-05,0
2949.4571112846425,-9.060125413193793e-05,9.77553952032859e-05,0
2949.4774577347166,-0.00015052646699311565,9.718605832833603e-05,0
2949.4977759079106,-8.169946621143033e-06,9.774739479305999e-05,0
2949.5182894342092,-2.4759332489671583e-05,9.77609313419247e-05,0
2949.538760858358,4.33238924978385e-05,9.777211934046622e-05,0
2949.559169811697,7.475644106477749e-05,9.718648187412281e-05,0
2949.579540585971,0.00011892381887684079,9.719914766756917e-05,0
2949.599819778151,6.142566947924663e-05,9.77413062527031e-05,0
2949.620393620674,6.936626412813755e-05,9.669834313494437e-05,0
2949.6408400663486,0.00021978706724413435,9.774216634155697e-05,0
2949.6613529210704,-0.0003712110739613613,9.77178579991533e-05,0
2949.6815196281386,-0.000956916870190112,9.825397126007861e-05,0
2949.701989350943,-0.0011888489383773714,9.712247627538822e-05,0
2949.7224764882167,-0.0011059861230284652,9.658593682720052e-05,0
2949.742973551783,-0.0009216788277905206,9.768417653358415e-05,0
2949.7605533164447,-0.0008069217086794821,0.00011390237299220492,0
2958.01163745296,-4.6701920685165245e-05,9.723505723674297e-05,0
2958.032123722272,-0.00019366720246778783,9.722980705064062e-05,0
2958.0524917582397,-0.00010901252799154939,9.724041403716675e-05,0
2958.072874748963,5.74999710984561e-05,9.781067496965451e-05,0
2958.093349420483,0.00015165077456367448,9.67098632958685e-05,0
2958.1138339150375,-0.0001459791579030412,9.724089952978689e-05,0
2958.1343204748937,0.00018154067576727571,9.83758099581617e-05,0
2958.1545744077034,7.666669258366082e-05,9.724475132396835e-05,0
2958.174943643999,9.850518365114012e-05,9.725259321108e-05,0
2958.1954312475773,0.00016455372006461325,9.670257300744704e-05,0
2958.2159156200123,-7.060508994528914e-05,9.723237808991367e-05,0
2958.2362861598003,-5.056479732451226e-06,9.723986015681293e-05,0
2958.256654358636,9.467677364091988e-05,9.725031333790732e-05,0
2958.277025210104,-0.00024476640712647397,9.723398866130678e-05,0
2958.2975081329596,-2.2332015416432157e-06,9.670676581472688e-05,0
2958.318092058495,5.006737194226038e-06,9.838668473985312e-05,0
2958.3382861176306,0.00018252205648781818,9.838175007654273e-05,0
2958.358737111995,-3.9210186599012154e-05,9.72440667825487e-05,0
2958.379050369579,-7.184891794724082e-05,9.779715574928029e-05,0
2958.399591664127,0.00024411424035038375,9.670804500864893e-05,0
2958.420077832062,-0.0001234067728305629,9.724425753852588e-05,0
2958.440450115778,3.99620950848588e-07,9.724714810543619e-05,0
2958.46081714611,4.129738655905375e-05,9.725655078321974e-05,0
2958.4811893192023,0.0001921164094854291,9.724549045777276e-05,0
2958.501573793309,-2.7975816755480786e-05,9.83713998928006e-05,0
2958.5220911182073,-8.860514040106188e-05,9.779590251729314e-05,0
2958.542530279585,-0.0005082129628432441,9.722746115264775e-05,0
2958.562899178003,-0.0010402474587226308,9.719281522591328e-05,0
2958.583269636574,-0.0011253635941986095,9.719339159525128e-05,0
2958.603755633857,-0.0011345481916695138,9.663814070253468e-05,0
2958.624240381729,-0.0012554063307951234,9.719263130068305e-05,0
2958.6446091814632,-0.0009850183724978705,9.720865290168887e-05,0
2958.664978050573,-0.0003291401398145374,9.723896013471156e-05,0
2958.6854168126447,0.0002879882295118578,9.782148593168719e-05,0
2958.7058900423576,3.669251252556507e-05,9.724964679748175e-05,0
2958.7263198054748,8.942175599585594e-06,9.726457742259815e-05,0
2958.7466780598347,0.0001242475954661692,9.781331730479892e-05,0
2958.7670624302555,-0.00010699980878538011,9.723563829699885e-05,0
2958.787435229315,0.00010238803030510814,9.726493696561686e-05,0
2958.807849035069,-3.77273289652542e-05,9.723829250015499e-05,0
2958.828403104413,5.458562987571656e-05,9.724439300339643e-05,0
2958.848773581538,0.0001101663726090155,9.724510950871047e-05,0
2958.869142365652,0.00011516569527353532,9.724903460465184e-05,0
2958.8895123259995,-0.00015911028570921376,9.723266331856874e-05,0
2958.910000154876,0.00023173916868767422,9.671277539738289e-05,0
2958.9304820087077,-3.235965456005183e-05,9.723590324793122e-05,0
2958.9508523870763,-5.841047676682592e-05,9.72437735811098e-05,0
2958.971223064897,-0.00011907998615413684,9.723528377737263e-05,0
2958.9915912790243,-9.911485101832724e-07,9.724238735620068e-05,0
2959.0120800206273,-5.258497542494266e-05,9.669376109072917e-05,0
2959.0325660864637,0.00022443691520275465,9.724910173352012e-05,0
2959.0529352426024,2.507428448037833e-05,9.723506296320339e-05,0
2959.073311801635,6.4397254742623e-05,9.779227402768324e-05,0
2959.0936762126757,0.00014978299084229414,9.724775080455652e-05,0
2959.1141599680186,0.00015550160824640596,9.670394047601172e-05,0
2959.1346462658435,-0.0002939087125616327,9.72320136143425e-05,0
2959.1551104344458,4.3703490289635786e-05,9.779342194024813e-05,0
2959.1753905470314,0.00026115665252809494,9.781872436118813e-05,0
2959.1935571397894,-0.0001770234817694358,0.00010979994339536077,0
3295.4609259260487,0.00016779471098730852,9.608099653733761e-05,0
3295.48141057285,0.0001210875064488185,9.662440035239448e-05,0
3295.5017815237197,-7.379620544808999e-05,9.661219508955285e-05,0
3295.5221007328605,-5.258898698591302e-05,9.717302363144565e-05,0
3295.5426377042922,-3.3633066498393544e-05,9.607877248313521e-05,0
3295.563122753806,2.010377362601058e-05,9.661892741432728e-05,0
3295.5834915491064,5.301562189707253e-06,9.661866584334642e-05,0
3295.603862314006,4.517466629640129e-05,9.661874165475844e-05,0
3295.624230884277,2.551774943841688e-05,9.66276199721727e-05,0
3295.6447197554353,-4.4591506974527355e-05,9.607615038298236e-05,0
3295.6652044933053,0.00013931970226308904,9.662047151671679e-05,0
3295.6855742435837,0.0001413521257713418,9.66253994984752e-05,0
3295.7060036318744,-2.5519833231560325e-05,9.71782941364567e-05,0
3295.7263139158335,0.00012373290296943576,9.661626312132167e-05,0
3295.7468006065137,-0.00020414813392163094,9.606158269097269e-05,0
3295.7672852708165,8.071797840651211e-06,9.661466058110524e-05,0
3295.7876543603415,1.895189732976924e-05,9.662243361458331e-05,0
3295.8080248681254,0.000105885302520278,9.662819771617049e-05,0
3295.828395268152,-0.0001142129977026578,9.661102095414166e-05,0
3295.848881495278,8.74261777559696e-05,9.607503415771357e-05,0
3295.86936772535,2.6282303053167017e-05,9.662594838015942e-05,0
3295.889725551183,-0.00010814424325719706,9.667256065178719e-05,0
3295.9101072333465,-5.333070098132967e-06,9.661830711021693e-05,0
3295.9304759838956,0.0001219200829032123,9.662286265819191e-05,0
3295.9509621053494,0.00011360371506673082,9.608088781519497e-05,0
3295.971448425269,3.650962911737739e-05,9.662157142286349e-05,0
3295.9918197235656,-0.0003668335539849996,9.660713519458292e-05,0
3296.01218757097,-0.0009695284331561399,9.658515954389387e-05,0
3296.032555855188,-0.001265190504911284,9.658431230665827e-05,0
3296.053043568116,-0.0011147215185500082,9.603367885731678e-05,0
3296.073529914155,-0.0011028281286530645,9.658378972348004e-05,0
3296.0938980614683,-0.000866696752120771,9.659366340543166e-05,0
3296.114266960257,-0.00021671866327787066,9.661921851185259e-05,0
3296.1346400627117,0.00017866330917172882,9.66415076880482e-05,0
3296.1551255838476,6.760965938174804e-05,9.608821889196428e-05,0
3296.1756109354037,7.991129671584031e-05,9.663333716957937e-05,0
3296.195911494575,-4.179006229615481e-06,9.775145414512058e-05,0
3296.216351556408,-0.00014012962358788,9.662665806669747e-05,0
3296.236719758976,3.558373563793937e-05,9.663479946430148e-05,0
3296.257207538239,4.480279401339083e-05,9.608577471631333e-05,0
3296.2776923123583,1.8125888094917672e-06,9.66242239347978e-05,0
3296.2980630759075,6.307901233850738e-06,9.662411207105135e-05,0
3296.3184329815167,0.000136603020167788,9.662977419956273e-05,0
3296.338802565579,7.14443810923234e-05,9.663196604533043e-05,0
3296.35928846049,-3.770696029536323e-05,9.607441701246638e-05,0
3296.379773955447,4.6532021263576246e-07,9.662741682237933e-05,0
3296.400094086606,6.633736266156934e-05,9.717881733233988e-05,0
3296.4205122806447,1.5290482012970503e-05,9.663402428678348e-05,0
3296.440872738249,4.113818416751481e-05,9.774703070639043e-05,0
3296.4613697142267,0.00014845997295006802,9.608763968496124e-05,0
3296.4818558881852,-0.00011579193207279906,9.662073558146559e-05,0
3296.5022248377377,2.2855540453644227e-05,9.662541835150017e-05,0
3296.5225964004326,0.00011160120543090698,9.66390784878045e-05,0
3296.542965186289,-8.117368563440597e-05,9.662771417139647e-05,0
3296.5634506782103,-7.309205231433014e-05,9.608012309836494e-05,0
3296.583937284647,5.845878911547504e-05,9.663000670703062e-05,0
3296.604306681112,-0.0001094687790446333,9.662590787872015e-05,0
3296.624677041182,0.00013939848300485204,9.663982260350106e-05,0
3296.6427323399125,-6.390785376286945e-05,0.00010993607695431685,0
3339.8646038278443,-7.616218990157502e-05,9.706675581829559e-05,0
3339.885068775896,4.9064675326011004e-05,9.70798911248025e-05,0
3339.905439901461,-1.5802644378697067e-05,9.707330381168672e-05,0
3339.9258116808846,1.9681453342501817e-05,9.70666417269871e-05,0
3339.9462958464387,7.596020821695968e-05,9.652553755452012e-05,0
3339.966781234182,-3.67725480744122e-05,9.706683521372871e-05,0
3339.987150055869,0.00016961307712178725,9.708767660610452e-05,0
3340.007521793516,-1.7754584524599374e-05,9.707338360416014e-05,0
3340.0278912427975,0.00014593324585699538,9.707343261949604e-05,0
3340.04837913059,6.421355277959188e-05,9.652631591413391e-05,0
3340.0688620547844,5.774721746658961e-05,9.70555029690733e-05,0
3340.089294089285,-9.918987065277599e-05,9.762246317200274e-05,0
3340.1096034967545,2.28033721779475e-05,9.706311701683249e-05,0
3340.12997220151,1.820074790718305e-05,9.705510539231168e-05,0
3340.1504580926207,7.784890468809125e-05,9.650503402962332e-05,0
3340.1709440681666,8.487988555225865e-05,9.705657204258607e-05,0
3340.191314102082,9.883588298679792e-05,9.706053933275675e-05,0
3340.211681332428,8.191133156289325e-05,9.706140848798309e-05,0
3340.232054410379,3.201473460045741e-05,9.706537928636812e-05,0
3340.252538929602,-8.74605224686162e-06,9.650954905592691e-05,0
3340.27302475628,0.0001489804218670001,9.705989937345727e-05,0
3340.293395434015,-7.901356317434215e-05,9.705642876460845e-05,0
3340.3137655847063,-4.166700215153224e-05,9.705414950889407e-05,0
3340.3341331628526,8.004931959290319e-05,9.705901154327559e-05,0
3340.35462049908,-8.514262387082023e-05,9.650061377172451e-05,0
3340.3751116053636,-8.949565194553743e-05,9.708726625309578e-05,0
3340.3954786254635,-0.0006325575302786774,9.702616180243807e-05,0
3340.415842206985,-0.0011557635061846781,9.708612047608206e-05,0
3340.4362151983955,-0.0010223783238637243,9.701606158185169e-05,0
3340.4567016928845,-0.0011888187508556,9.646109228634406e-05,0
3340.4771866740525,-0.001092014175029804,9.70135462417222e-05,0
3340.4975562867535,-0.0009356097910555906,9.702177606147428e-05,0
3340.5179246738326,-0.0002662320480479761,9.705041516873117e-05,0
3340.5382963309503,-0.00012397411952709027,9.70594299485932e-05,0
3340.558784621672,1.1424051557642795e-05,9.652648152088052e-05,0
3340.579267444679,0.00015000623957785303,9.70829449298586e-05,0
3340.599636345376,5.977527072844877e-05,9.707588555592423e-05,0
3340.6200063242386,0.00015231496158960795,9.708143220332696e-05,0
3340.640377812516,6.330713885569262e-05,9.707797630438515e-05,0
3340.66078385153,7.314089399767138e-05,9.707475207883066e-05,0
3340.681348027922,7.824272250294665e-05,9.708529084545897e-05,0
3340.701714675561,9.363395936297147e-05,9.714229017557693e-05,0
3340.7220861807814,-0.00020867343029183625,9.715126200511811e-05,0
3340.7424538634377,-2.7615118810475373e-05,9.725169771826776e-05,0
3340.7629325486996,-0.0001083127966335245,9.687822380499423e-05,0
3340.783424628116,0.00013021547870549228,9.751184745678747e-05,0
3340.8038702907056,0.00010322144267178843,9.820595021055793e-05,0
3340.824165452178,0.000217424061637647,9.77630381785134e-05,0
3340.844535975425,2.264471029612616e-05,9.785849323342272e-05,0
3340.865021686727,-4.168174854899808e-05,9.739289707438155e-05,0
3340.8855077924504,-8.354472414185534e-05,9.803858239074591e-05,0
3340.905877269947,0.00016665724732734755,9.813875942690103e-05,0
3340.9262474439433,-6.724668032532608e-05,9.822096860955626e-05,0
3340.9466154971333,3.0163791930549938e-05,9.833431151127536e-05,0
3340.9671019611646,1.6057258147889838e-06,9.787315867696084e-05,0
3340.98758837203,-5.399451080351488e-05,9.85228441757837e-05,0
3341.0079579638405,0.00019324831851899875,9.862439227696824e-05,0
3341.028326688127,1.1553354628716783e-05,9.872472041513882e-05,0
3341.0463649589137,0.00010986221466370138,0.00011323971280716535,0
3348.744730402645,3.089328912575461e-06,9.90298785715109e-05,0
3348.7652176914653,1.3651944468822739e-05,9.898949434567394e-05,0
3348.785586032219,-0.00010251456768494497,9.891374786109276e-05,0
3348.8059551668343,-0.00010658697926027192,9.883507373088895e-05,0
3348.8264417265673,-4.308344256049359e-05,9.820427148169136e-05,0
3348.8469270673936,0.00012594808805040512,9.870174865521832e-05,0
3348.867296339989,9.582874239505088e-05,9.865808304939558e-05,0
3348.8876970743386,0.00010775890914838699,9.917780060096263e-05,0
3348.9080360655116,0.00012570588827271156,9.856884201836678e-05,0
3348.928521199304,0.00012280012162566156,9.80399268761502e-05,0
3348.9490061614347,3.0035961213076564e-05,9.854872481667827e-05,0
3348.9693774505586,1.3907904355789854e-05,9.855301554315824e-05,0
3348.989747448846,-0.00010610184522783353,9.852655596053307e-05,0
3349.0101168423726,-5.724395384031528e-05,9.850776851042844e-05,0
3349.03060434162,9.546072698312738e-05,9.793607672507268e-05,0
3349.051089436841,6.203117873499844e-05,9.844984220556852e-05,0
3349.071458789179,0.0002612744606917129,9.842584653463694e-05,0
3349.0918296013456,-0.00019310261444307548,9.838416295760575e-05,0
3349.1121980971593,-9.010548054690635e-05,9.837645334134665e-05,0
3349.1326835376212,-8.129530797096495e-05,9.782210185301528e-05,0
3349.153111955892,9.324685168290617e-05,9.890755744276669e-05,0
3349.1735421527173,0.0002205613218701501,9.83141483778714e-05,0
3349.193908762647,-0.00010171686232356471,9.824467433495635e-05,0
3349.214317573777,-1.7477288983863842e-05,9.934357799570012e-05,0
3349.2347653158654,0.00020471295016443608,9.765608866670455e-05,0
3349.2552495351406,1.6935181693109827e-05,9.820947878776071e-05,0
3349.275623447974,-0.0005317526097555072,9.819341901297167e-05,0
3349.2959918481642,-0.001006752958351617,9.818576288454926e-05,0
3349.3163616377033,-0.0012884173751556843,9.817238526727355e-05,0
3349.3368507350115,-0.001218250019095759,9.759013125530954e-05,0
3349.3573365230154,-0.0012135985067920716,9.809481394527086e-05,0
3349.3777036206575,-0.0010266117351484545,9.805185495028625e-05,0
3349.3980736513,-0.0004279327249079964,9.803739370220655e-05,0
3349.4184433402547,0.00015640213840178863,9.802350402091781e-05,0
3349.4389300182497,0.00029662847972992306,9.745101228929335e-05,0
3349.459414121599,1.1661948505808622e-05,9.797597134822613e-05,0
3349.4797844541836,1.1091367937945991e-05,9.798126814982835e-05,0
3349.500052333571,-0.00013483146059181287,9.853440516066836e-05,0
3349.5205232763265,0.00011708972163349946,9.799104130498251e-05,0
3349.5410125182802,-5.929848738005239e-05,9.739413881146668e-05,0
3349.561497543601,9.941825475824403e-05,9.790299746466437e-05,0
3349.5818659738547,-6.545260897293886e-05,9.785433816286525e-05,0
3349.60223760837,6.483646283634618e-05,9.782066810923011e-05,0
3349.6226087616405,-2.58726337143051e-06,9.777230902520217e-05,0
3349.643091576596,3.552944629672056e-05,9.719308578469848e-05,0
3349.6635770318476,0.000218878299123601,9.773818288201627e-05,0
3349.6839277907397,4.2850418162987884e-05,9.793959172887244e-05,0
3349.7043198734036,-8.200921277847165e-05,9.771780208630052e-05,0
3349.724688254225,6.99329050366703e-05,9.769986902171016e-05,0
3349.74521080483,-3.6977131723526504e-05,9.76809794525923e-05,0
3349.765660585335,0.00012479472507193894,9.764789266879532e-05,0
3349.7860306135112,1.2589115192466123e-05,9.76144005990648e-05,0
3349.8063998389475,3.533248737764387e-05,9.756757103107474e-05,0
3349.8267717879835,-3.912932535207131e-05,9.753894624903463e-05,0
3349.847256141325,6.300811658065152e-05,9.696414777473197e-05,0
3349.8677418787183,2.981299779802641e-06,9.749298286394764e-05,0
3349.888110094606,0.00016054915977776956,9.748261218536376e-05,0
3349.90848256102,-4.2401175044772896e-05,9.747893253937958e-05,0
3349.9265364708335,-6.86737538989238e-05,0.00011082089542420324,0
3357.6230355756943,0.00017607801709761242,0.0001025518800167898,0
3357.6435223931558,-0.00010935947767046152,0.00010317156728287995,0
3357.663868827652,-2.863447847783252e-05,0.00010381911129903366,0
3357.684261124704,0.00010247026956772594,0.00010328296145894679,0
3357.7047494144467,5.541262995920637e-05,0.00010272961082347845,0
3357.725233426844,-5.005410546199352e-05,0.0001033345997802187,0
3357.745603706977,0.000261246067400454,0.00010336825542003383,0
3357.765974895786,7.188901193807279e-05,0.00010337672271687546,0
3357.786342672356,-0.00010379406266133065,0.000103397849510107,0
3357.806828301427,0.00012563482392410427,0.00010288013871466278,0
3357.827313495361,-5.504889731052136e-06,0.00010352952932341075,0
3357.847683989847,-0.00011850351148980899,0.00010362235905255163,0
3357.8680539957277,9.329061114240727e-05,0.00010369518795664985,0
3357.8884249515595,3.5578709664528535e-05,0.00010377234448719673,0
3357.9089092131203,3.9797331214689775e-05,0.0001032408033227964,0
3357.9292907865383,0.00016960355416223668,0.0001044950946534054,0
3357.949766851681,4.902903290723925e-05,0.00010391024919885816,0
3357.9701370836597,2.933585620265347e-05,0.00010392420344892194,0
3357.9905065685302,-0.00012944280708138532,0.00010392169039028006,0
3358.0109928850047,-0.00012972126522285812,0.00010335707461558359,0
3358.0314782508412,0.000330819319295703,0.00010398451654155768,0
3358.0518495811375,8.94711263819506e-06,0.00010396457981988167,0
3358.072219489397,-1.6110706966607282e-05,0.00010394866245112553,0
3358.0925881018575,-1.3727112882854302e-05,0.00010396384160495547,0
3358.1130751749315,0.00010489311918008544,0.00010338799857418233,0
3358.1335601178935,-0.00011291178050788871,0.00010396939639755183,0
3358.153931559262,-0.00046402261504064317,0.0001039666418180749,0
3358.174300883639,-0.0010614675332029251,0.00010397065603617225,0
3358.194667903817,-0.0012464720638965482,0.00010402925526705961,0
3358.2151532347034,-0.0009772634411741078,0.00010351250090359013,0
3358.235640483406,-0.0011215946389431615,0.00010419777391868996,0
3358.256009611635,-0.0009334680030140213,0.00010428833462184175,0
3358.2763807642814,-0.00028006682248033675,0.00010433998160952814,0
3358.2967549992813,0.00011676080247495397,0.00010433793303191017,0
3358.317243329623,7.541846377476359e-05,0.00010364814320113875,0
3358.337732714298,2.3748298570894327e-05,0.00010408043468621078,0
3358.358096487499,-3.132122504586981e-05,0.00010403455667189784,0
3358.3784695374297,5.774113499231257e-05,0.00010368970269543833,0
3358.3988388201533,-2.589431428093486e-05,0.00010354394351169285,0
3358.4193246078726,7.854217789490126e-05,0.00010284173491093743,0
3358.4398086022284,0.0001223519853367594,0.00010333098816373052,0
3358.460179014457,-2.9368369190838278e-05,0.00010326773584230687,0
3358.480545804552,1.1353662955313338e-05,0.00010324686773042157,0
3358.5009140113966,1.209788542764467e-05,0.00010326167466281922,0
3358.5213991739333,0.0002185981847901136,0.00010276906046746124,0
3358.541883897896,0.0002528291441563162,0.00010345287712339412,0
3358.5622541780876,-7.984142261472545e-05,0.00010354197405083876,0
3358.5826248044164,7.898428236988094e-05,0.00010365211560901259,0
3358.602994142491,-0.00022049695977790923,0.0001037293679803859,0
3358.62348172265,-3.7564608881255366e-06,0.00010321715964784533,0
3358.643967961151,2.4766621111402127e-05,0.00010385429069964648,0
3358.664338202854,-2.9772714943742967e-05,0.00010388014043121555,0
3358.6847232505615,0.00017495307465077524,0.0001051401152112409,0
3358.705078302696,7.457506434657073e-06,0.00010458297616395869,0
3358.725562733532,1.805042675228008e-05,0.00010346803364813867,0
3358.7460479966926,0.00017275930343389471,0.00010414098643894901,0
3358.7664172169752,0.00016316140515018312,0.00010422270264497526,0
3358.7867881107013,-1.675259724512049e-05,0.00010428071625805734,0
3358.8048928836834,0.00013703489152879693,0.0001195394594927809,0
3366.5064666718927,3.024912745055775e-05,9.665642680376139e-05,0
3366.5269552091927,-4.242329113003918e-05,9.71850772783247e-05,0
3366.5473269677796,7.842125757228112e-05,9.718722044240296e-05,0
3366.567697258705,7.268919153199742e-05,9.718538435910024e-05,0
3366.588182343367,3.779454732174063e-06,9.663836166876452e-05,0
3366.6086669640827,0.0001464019564083139,9.718080639597533e-05,0
3366.6290385954276,1.5592226189069057e-05,9.718579863993583e-05,0
3366.6494076031236,5.022784441061548e-05,9.717936476908237e-05,0
3366.669778165222,-9.40522887993539e-05,9.717864599484709e-05,0
3366.690263859068,8.052189845994644e-05,9.663174437810298e-05,0
3366.710752189003,9.897341951353859e-05,9.71853293355557e-05,0
3366.7311192416964,0.0001914556618546937,9.718642532108806e-05,0
3366.751489442579,-3.145078015686641e-05,9.717485479427589e-05,0
3366.7719405997555,0.0002514581085347112,9.774418278417556e-05,0
3366.7923453935787,5.399179981435419e-05,9.66320473806754e-05,0
3366.8128330362424,-7.8315977203442e-05,9.716620649855008e-05,0
3366.833202221779,6.160534413542512e-05,9.716951328422288e-05,0
3366.85357220997,-4.365068722410392e-05,9.716955490732119e-05,0
3366.8739414114298,6.743612540584002e-05,9.716988397121489e-05,0
3366.8944266285503,-5.350773143597835e-05,9.662238398291568e-05,0
3366.914913410946,-7.91204315515087e-05,9.716104437788216e-05,0
3366.935284782309,-8.153695898954272e-05,9.717095373685224e-05,0
3366.9556511888327,0.00020368546608889662,9.71780586439102e-05,0
3366.9760253232266,8.39884368595843e-05,9.716245103092469e-05,0
3366.9965306518366,-1.981468422311212e-05,9.715077342995715e-05,0
3367.0169963253593,9.146314917550185e-05,9.715715760392513e-05,0
3367.0373685953127,-0.0005122353140062517,9.712577931690296e-05,0
3367.057734851214,-0.0011400828912500821,9.709915996791106e-05,0
3367.078107816038,-0.0012152722577791714,9.709380339386273e-05,0
3367.0985911893345,-0.0011863421820100474,9.653695706774863e-05,0
3367.119077769408,-0.0013778770976670947,9.707247142086034e-05,0
3367.1394539397943,-0.0012087807810683385,9.711053741742606e-05,0
3367.1598143516953,-0.0006092515089864226,9.710645353326884e-05,0
3367.180186303009,-2.7949104809259453e-05,9.712751466043614e-05,0
3367.200581694803,-0.0002933313582833987,9.711849171240993e-05,0
3367.22115851421,2.1896334408843304e-05,9.712117240535693e-05,0
3367.2415309216913,-0.00010608299195113577,9.711275127982119e-05,0
3367.2618991249296,4.050703760327925e-05,9.711741988302788e-05,0
3367.2822686631853,0.0001134860598530444,9.71174583006529e-05,0
3367.302754412775,4.56608553233445e-05,9.656801020115577e-05,0
3367.323241844372,2.3079851708107562e-05,9.711614166418956e-05,0
3367.3436098593966,0.00020000943849805578,9.711999398369305e-05,0
3367.364085718615,-1.0432844367902279e-05,9.767591711584933e-05,0
3367.384350933432,0.00017427707218925162,9.712441835352907e-05,0
3367.404837083438,0.00014721881952640243,9.657341023469411e-05,0
3367.4253235088972,0.00014939351515975388,9.711420591429869e-05,0
3367.445685784239,0.00015236882305965464,9.714860204012253e-05,0
3367.4660647395717,0.00028939245319720125,9.713448432155124e-05,0
3367.4792571422176,-0.00019242277026857146,0.00017867260834005934,0
3375.3848226418036,0.00010721961874310792,9.977079250869131e-05,0
3375.4053071031244,-7.68217420010826e-05,0.00010023934047993328,0
3375.425676740721,0.00012564987499995368,0.00010013597533692754,0
3375.4460466209366,0.0001584469216841602,0.00010008778883110713,0
3375.46653005483,0.0001659442906868804,9.94989783689541e-05,0
3375.4870198385543,9.653403451790995e-05,0.00010011512786649372,0
3375.5073852267024,2.7307489460334535e-05,0.00010011548681995,0
3375.527755515567,-2.585371425032151e-05,0.00010014487106242215,0
3375.54812526663,2.598531786124193e-05,0.00010017971579951248,0
3375.568611672355,-6.398315323840951e-05,9.963336391791888e-05,0
3375.589097267778,0.00032481006181551145,0.00010024101540930291,0
3375.6094680241918,-0.00011411756288619518,0.00010023734482688276,0
3375.6298378466017,-1.0961884395521307e-05,0.00010027117452221148,0
3375.650240091356,3.718347071307859e-05,0.00010049658804400746,0
3375.670692972426,6.900569764166008e-05,9.979938601029308e-05,0
3375.6911795694637,5.3384859687503845e-06,0.00010039593743217133,0
3375.711548671476,-2.48630952582056e-05,0.0001004151357592438,0
3375.7319217083277,0.00010251669773987611,0.0001004265954941577,0
3375.7522032407883,8.531880532648682e-05,0.00010097440160057295,0
3375.7727800685443,5.119755536655367e-05,9.976604539065153e-05,0
3375.7932655465206,3.259772005417187e-05,0.00010023635328368642,0
3375.8136353332493,-6.163887264768177e-05,0.00010012745828061525,0
3375.8340063056758,6.425460957965261e-05,0.00010001159469299182,0
3375.854375332863,4.264224453150468e-05,9.993693334497363e-05,0
3375.874861316234,-0.00011480050500924437,9.927994729701208e-05,0
3375.8953454973316,-3.168107913865565e-05,9.981101166106718e-05,0
3375.915717832143,-0.0005300017340450057,9.978225514047022e-05,0
3375.936086267902,-0.0012142673190496962,9.972090996706379e-05,0
3375.956455157737,-0.00135446981612988,9.973013814206381e-05,0
3375.9769408973452,-0.0013431896909259179,9.917840214255112e-05,0
3375.997427999696,-0.0011730811265665058,9.974236185883712e-05,0
3376.0177968283556,-0.0010651334944929626,9.9764110430963e-05,0
3376.0381651058806,-0.0002752700280726757,9.981137099196382e-05,0
3376.0585377941748,1.5726390870040085e-05,9.98192778249502e-05,0
3376.079026593171,7.880660555799207e-05,9.923659678855337e-05,0
3376.0995124023443,4.50989464578808e-05,9.969747870372403e-05,0
3376.1198835816763,-0.00018400898209307837,9.958598052276012e-05,0
3376.1402540353147,0.00019122027525346217,9.94815420597159e-05,0
3376.160623094271,-1.547662863010907e-05,9.936687617321941e-05,0
3376.1811087747583,0.0002951658953836724,9.872411273843804e-05,0
3376.2015940645047,-0.00010299457889806591,9.921036443550068e-05,0
3376.221962408306,5.7134330829584165e-05,9.91908271470881e-05,0
3376.2423318307215,-9.492547159508762e-06,9.918313798359238e-05,0
3376.262701389767,-2.1154331411838058e-05,9.918375153690235e-05,0
3376.2831872256656,6.299111822334193e-05,9.863134704240465e-05,0
3376.303675126321,0.00010778955820684974,9.917875770074347e-05,0
3376.324044322985,0.00016704458883879249,9.916448718205376e-05,0
3376.344417516901,3.2345312460528164e-05,9.90907194182016e-05,0
3376.3647873876457,-0.00015269191157300758,9.900924044806497e-05,0
3376.385270679622,0.00010388725257315516,9.83886881441851e-05,0
3376.4057597752544,0.00018253260557258668,9.885713155699344e-05,0
3376.4261273729576,-3.463678463902765e-05,9.879438468899061e-05,0
3376.4464977238126,-7.527911681456751e-05,9.875459347752445e-05,0
3376.4668672321536,4.596843473631007e-05,9.87692094545476e-05,0
3376.4873519830157,-2.4553186163810696e-05,9.822147691905574e-05,0
3376.507837102148,-9.102897853412795e-05,9.879911165601774e-05,0
3376.528208219654,0.00022077269432068744,9.881112681827855e-05,0
3376.548579965624,0.00016597247105585731,9.878402484625176e-05,0
3376.566634968875,-0.00014218363754710538,0.00011233618373171245,0
3384.2641259190095,0.00016979324506009933,9.844695688110968e-05,0
3384.2846118952107,7.477880357006777e-05,9.897838486077384e-05,0
3384.3049799684745,-6.741786502948205e-05,9.898988957374824e-05,0
3384.32535113438,3.7945900148787075e-05,9.896906115334059e-05,0
3384.3458371522643,0.00012479887299110347,9.84253652026371e-05,0
3384.3663222852515,-0.000164580299175265,9.901694091585832e-05,0
3384.3866917516357,-0.00010589543055741423,9.905789588134003e-05,0
3384.407061141117,0.0001043235806122967,9.913568753126564e-05,0
3384.427430371024,0.0001221522417848143,9.922997296457101e-05,0
3384.4479163665405,6.911663699832927e-05,9.878246568069639e-05,0
3384.468405693562,0.00013618668250839884,9.94584088946201e-05,0
3384.488785831812,1.4634052396278325e-07,9.961205708123643e-05,0
3384.509142699597,2.000817067872625e-05,9.961641261001152e-05,0
3384.5295083249207,0.00011681745334390197,9.972769191936026e-05,0
3384.550000325502,-8.517940454656859e-05,9.91806021921291e-05,0
3384.570487822306,-9.166130841862742e-05,9.97773113058803e-05,0
3384.59085817608,5.961083871336115e-06,9.98058252191394e-05,0
3384.6112284002124,5.808871843878245e-05,9.981300511326329e-05,0
3384.631599423967,2.936803365861703e-05,9.981126572724842e-05,0
3384.6520854446726,-0.00010524862507127208,9.922679602518701e-05,0
3384.672570788316,2.3085481167714562e-05,9.978680714033217e-05,0
3384.6929410484872,5.737585670405038e-05,9.977804236014108e-05,0
3384.713311198926,3.9189017153570706e-05,9.978530579568769e-05,0
3384.7337406847328,0.00010713988322811576,0.00010036991047552252,0
3384.7541651731513,-4.473478472786089e-06,9.926127097506721e-05,0
3384.774647526495,-8.018446674722169e-05,9.991168797564629e-05,0
3384.7950230858537,-0.00047077637060430447,9.992608284622529e-05,0
3384.815389921398,-0.0011050735427597244,9.996477418880078e-05,0
3384.835761523044,-0.0010690691301735037,0.00010003311591364652,0
3384.8562485993943,-0.0011434188969984334,9.952572195592575e-05,0
3384.8767320368074,-0.0012556601330019005,0.00010015128358095162,0
3384.8971018515845,-0.0008467131690734586,0.00010022518626614565,0
3384.9174728398957,-0.0004581264182841883,0.00010029934130850966,0
3384.937844328643,0.00034821402488037945,0.0001003719513762304,0
3384.958327426351,2.227095657673135e-05,9.985925379188357e-05,0
3384.9788176208667,5.1692401541114675e-05,0.00010046876438151545,0
3384.999189787815,3.397808350897256e-05,0.00010052361548691771,0
3385.0195550055305,-0.00014429003741111402,0.0001005355218364401,0
3385.0399271844904,8.456946391454328e-05,0.00010058976950509564,0
3385.0604120045705,-9.745584369318378e-06,0.00010009343195375661,0
3385.080897313449,0.0001128806569526603,0.00010071427516465038,0
3385.101269928999,-9.328312781254594e-05,0.00010074707087215213,0
3385.121639843511,8.389173698060306e-05,0.0001007962174744214,0
3385.1420094080213,0.00014527320527074058,0.00010084115846484271,0
3385.1625789629456,6.082287188301288e-05,0.00010094264460706031,0
3385.18297983698,-2.6948762748955227e-05,0.00010094522833073059,0
3385.203350826916,0.00014894348234635309,0.0001010040023231356,0
3385.2237218199452,9.402797428341234e-05,0.00010102985421920398,0
3385.243979520316,4.992908960722623e-05,0.0001016229002401048,0
3385.2645785817767,-3.09658159102884e-05,0.00010047618033056238,0
3385.2850631976244,5.4654556708413495e-05,0.00010106185598212753,0
3385.305434403821,-0.00011264185014472715,0.0001010514861128566,0
3385.325809444983,-2.7401561375173537e-05,0.00010119193059846404,0
3385.3461740047373,4.734931824616164e-05,0.00010106523622552424,0
3385.366658877636,0.00014637797805487802,0.00010052910372533895,0
3385.3871448741756,4.363182069216612e-05,0.00010116153151090638,0
3385.4075138196467,0.00017835486601270903,0.00010124460855577707,0
3385.427883700065,0.00020187018569966218,0.00010135271807137973,0
3385.445940804998,-1.2589203422272529e-05,0.00011541615554945504,0
3393.1482264035903,-0.0001366466619468832,9.725092151052422e-05,0
3393.1688118792767,0.00015286700876562288,9.669474511341036e-05,0
3393.1891819300326,2.1518201841310822e-05,9.673597857492242e-05,0
3393.2095521541287,-4.261108371075615e-05,9.669195856402945e-05,0
3393.2300397337976,0.00020251292835954052,9.616700039262825e-05,0
3393.250523773031,5.863628768650002e-05,9.669079507752e-05,0
3393.270894595461,3.779909502947862e-05,9.679942674958134e-05,0
3393.2912744214914,7.873345683792343e-05,9.675746161916452e-05,0
3393.3116357736794,-9.939441384617072e-05,9.668109473465455e-05,0
3393.332119730038,0.00012417393378706795,9.614622964155906e-05,0
3393.3526073131516,-0.00011458044007151424,9.666271389288977e-05,0
3393.3729740259587,-8.570428487281791e-05,9.668402180342748e-05,0
3393.393347992376,-1.7626293428066435e-05,9.666721785267083e-05,0
3393.413718339893,9.978503860560623e-05,9.66801225930741e-05,0
3393.4342030981525,4.6192733017637006e-06,9.614175029528555e-05,0
3393.454691293954,0.00016841951677177018,9.671236228208263e-05,0
3393.4750593160725,1.9253478422154073e-05,9.665205765286254e-05,0
3393.4954316604794,8.360618970401262e-05,9.665461654750995e-05,0
3393.515802658678,0.0001321768409930507,9.667742547792531e-05,0
3393.5362949054356,0.00023530954643271812,9.613439519667643e-05,0
3393.556772513307,0.00018876560591430237,9.663386839434487e-05,0
3393.577144596913,4.211124806405564e-05,9.663650467446444e-05,0
3393.5975127762154,-7.067389737733352e-06,9.662087495425867e-05,0
3393.6178825972233,-8.675726767056534e-05,9.662119164161848e-05,0
3393.6383712040147,-4.674484350242671e-05,9.608332602161015e-05,0
3393.658837056802,3.3363167269931487e-06,9.716580889710695e-05,0
3393.6792208663164,-0.0004080356154479068,9.662497197525574e-05,0
3393.6995973712806,-0.001026340956042525,9.658187595951894e-05,0
3393.7199669078377,-0.001312328863359558,9.655678833630905e-05,0
3393.74045425686,-0.0013429927101119377,9.606408012617069e-05,0
3393.760938811904,-0.0011891118172217845,9.656552173830742e-05,0
3393.781308381903,-0.0010537476052531684,9.656666825045275e-05,0
3393.801676916997,-0.000262588944803867,9.662272985476615e-05,0
3393.822050879605,-7.394261789065371e-05,9.662101645865522e-05,0
3393.842533923742,1.1038569111852798e-05,9.608381836636508e-05,0
3393.8630172936637,6.334756041999161e-05,9.666058909383496e-05,0
3393.8833877383568,6.138802673761084e-06,9.663282522881675e-05,0
3393.9037636847966,-6.469496243493544e-06,9.662588668042158e-05,0
3393.9241318814493,0.00027142373330940514,9.666916042407689e-05,0
3393.9446187100407,4.46509671338904e-05,9.608413212115321e-05,0
3393.965104931428,-7.541451171491388e-05,9.663542305250131e-05,0
3393.98547453186,0.00015636640571257626,9.663731387511473e-05,0
3394.005845775502,3.0359447396007396e-05,9.663266850380335e-05,0
3394.026215288516,-1.6062122063708185e-06,9.663800932418878e-05,0
3394.0467003569647,-3.363754972304036e-05,9.610762652118628e-05,0
3394.0671867321294,0.00010897232806835048,9.666439141033365e-05,0
3394.0875565658303,-0.00011752310710528684,9.66913060185774e-05,0
3394.1079224089435,-1.707459901054675e-05,9.66979176067372e-05,0
3394.128302202065,0.00012593759748149203,9.672583676151394e-05,0
3394.148896004221,-1.592802307802802e-05,9.666570031186156e-05,0
3394.169271480291,0.00010211857346561644,9.665230145322395e-05,0
3394.189640664705,7.647873710425218e-05,9.66561688862263e-05,0
3394.2100109237745,0.00019144413270496982,9.66520277988715e-05,0
3394.230380558774,-6.502010642464543e-05,9.664096669631627e-05,0
3394.2508656387827,0.00010631693898871423,9.610775337689817e-05,0
3394.2713519536283,-6.545760192096033e-05,9.665664803741383e-05,0
3394.291722750125,6.764426888968186e-05,9.665487448546898e-05,0
3394.3120938504026,-1.4381902955782156e-05,9.66540141391213e-05,0
3394.3301498822916,8.456215905120673e-05,0.00010997034209420314,0
3402.0276338883364,0.0001081703216250442,0.00011267540515865352,0
3402.0481731340487,0.00016726579390076944,0.00011244815716098794,0
3402.0685456707015,3.603551056959916e-05,0.00011213960890806385,0
3402.088916285256,8.07315549456721e-05,0.00011184934608874048,0
3402.1094015973376,-0.0002488355018858274,0.00011092684376294405,0
3402.1298870724972,-3.412252850411226e-05,0.00011131043167152856,0
3402.1502548572957,-8.395015714185211e-05,0.00011108809068614221,0
3402.1706218511245,2.3759044873845952e-05,0.00011093933727334927,0
3402.190990132309,-7.410343810893779e-05,0.00011089741275432213,0
3402.211474644869,0.00021240623872948315,0.00011029582371176347,0
3402.2319609917613,-0.00016005225728544834,0.00011096130701003013,0
3402.2523318367103,0.00015230602555885644,0.00011103147358531517,0
3402.272705664777,-8.578731258507096e-05,0.00011101091451315097,0
3402.2930797049817,-6.953351882666482e-05,0.00011086392062327146,0
3402.3135666082326,8.354605221600075e-05,0.0001100147646406137,0
3402.3265229447366,0.00018040215119338631,0.00021612553529363126,0
3402.5463134616048,-0.00045112754893591116,0.00024151159975955487,0
3402.5585821030354,-0.0005351710607459875,0.00010923616094357147,0
3402.5789510869117,-0.0012399397439193586,0.00010925212208254032,0
3402.5993198219476,-0.0012289249718284846,0.00010929679282819504,0
3402.619806737028,-0.0012259535275949702,0.00010876138415944077,0
3402.6402914050514,-0.0011736644926576606,0.0001094421377386898,0
3402.6606632868456,-0.0011289397185397679,0.00010952262580474716,0
3402.6810320344302,-7.867951393375904e-05,0.00010959286725663203,0
3402.701404457378,-3.783478789660158e-05,0.00010961356358571038,0
3402.7218941952037,-5.6812481241851874e-05,0.00010898083059140006,0
3402.7423791389097,0.0001570505927768297,0.0001095418753001982,0
3402.7627489870533,-4.7972163364486476e-05,0.0001095084557813969,0
3402.783116080091,-9.644533119018989e-05,0.00010954514093170077,0
3402.803530819216,0.00023262090395199649,0.00011030168963991992,0
3402.823968959134,5.686558899482233e-05,0.00010922256476149154,0
3402.8444536230013,0.00019263315210603566,0.00011007213961212175,0
3402.8648250519896,-3.504554025756804e-05,0.00011032324306126921,0
3402.8850800802065,-0.00012830391462152586,0.00011117057107176215,0
3402.9055668032447,4.762030104783627e-05,0.00011072860789529514,0
3402.926056636676,-7.880823855197362e-05,0.00011021985873722579,0
3402.9465450071075,-0.00021112501935624767,0.000110858579007914,0
3402.9669184614318,-1.1956620540193934e-05,0.00011080515738913789,0
3402.98728944443,3.0397355106848912e-05,0.00011066249733089715,0
3403.0076596629447,5.397489907345576e-05,0.00011052601263185997,0
3403.0281464245963,0.00016122025560182115,0.00010972185792610016,0
3403.048635050808,6.431521603010533e-05,0.00011012339115759431,0
3403.068928122583,8.812541732621798e-05,0.0001105141568087286,0
3403.089375670606,0.000162348682699206,0.000109632531871178,0
3403.1097443389867,-2.090753423361644e-05,0.00010940416762291888,0
3403.130230810542,-0.0001970856752010479,0.00010861353491454129,0
3403.1507172440906,-6.765842473192802e-05,0.00010902960456523559,0
3403.1710837935843,-9.595559037649946e-05,0.00010887780163933218,0
3403.1914530388476,0.00016565699175801136,0.0001088261225313739,0
3403.2095066675056,0.00024729795531792253,0.00012378156206989998,0
3419.7853497808674,2.8147659991668203e-05,0.0001011665619115636,0
3419.8058201521994,0.00028177499048561246,0.00010237519779407509,0
3419.826205919489,-2.9750317412367713e-05,0.00010166822333490109,0
3419.8465734455453,0.00015894904692097074,0.00010169933975329451,0
3419.8669456133694,-0.00015382504331527515,0.00010174160334448098,0
3419.8874297025804,-0.00011940793148584542,0.00010120284179488718,0
3419.9079186178083,0.0001684883236373291,0.00010182893861050329,0
3419.9282959746897,-0.00011759337500135082,0.00010240189974145597,0
3419.948660279259,-8.190477076443671e-05,0.00010179052772901531,0
3419.9690321957955,4.1731261454714325e-06,0.0001017449778814253,0
3419.9895203083324,0.00018628061305824844,0.00010109629276181129,0
3420.010005706768,-4.839074448185862e-05,0.00010157216524608224,0
3420.030377877238,4.396168957417908e-05,0.00010146725680372998,0
3420.0507474924975,8.302151143284005e-05,0.00010134345881554499,0
3420.071117895247,-8.160513423271673e-05,0.00010119604098486088,0
3420.0916032942287,0.00011002057955436611,0.00010052585635473105,0
3420.1120909933056,0.0001674786198040252,0.00010158312998727286,0
3420.1324590629465,-2.5637912595458494e-05,0.00010091359335529587,0
3420.1528281474266,-0.00019924501429688428,0.00010082398782648335,0
3420.173199528545,0.0001069341841301177,0.00010077316745238165,0
3420.1936853709294,-0.00016143416574608609,0.00010014600484007689,0
3420.2141709097036,-3.1723134807026064e-05,0.0001006736587878106,0
3420.2345431548265,0.000107639119070114,0.00010064506567766225,0
3420.2549145241665,4.899592706374335e-05,0.00010058061228576464,0
3420.2752855035105,3.202635834535426e-05,0.00010049277675705428,0
3420.295772923348,0.00017640664490453463,9.981221715725038e-05,0
3420.316321129117,-0.0005397010040875405,0.00010079353176668403,0
3420.336630773407,-0.0011451777393266267,0.0001000318942126059,0
3420.3570011059114,-0.0012890012522589187,9.98474204996031e-05,0
3420.3773729183135,-0.0011864326042792868,9.966197148820799e-05,0
3420.397856516785,-0.001419286785096941,9.891787517223502e-05,0
3420.418343174656,-0.0011305237217807793,9.934728296768751e-05,0
3420.4387112556724,-0.0004442592772296605,9.924907063150962e-05,0
3420.4590817982207,-1.4658599822859324e-06,9.918810918384737e-05,0
3420.4794504450324,-0.00010168908068483724,9.910673424318677e-05,0
3420.4999379599913,-5.5598302786406345e-05,9.84928616490432e-05,0
3420.520505878849,0.0001047811532660171,9.959268940378931e-05,0
3420.540793885067,6.200558372210101e-05,9.902242139536687e-05,0
3420.5611629620544,-4.523897092495911e-05,9.89970590946963e-05,0
3420.5815320275656,-9.883270803726484e-05,9.900799327279368e-05,0
3420.602020368109,0.00016872233948405743,9.845561159348546e-05,0
3420.6225049162817,0.00022790967993309238,9.902803102992174e-05,0
3420.6428777374313,5.005621596331733e-05,9.90270137782258e-05,0
3420.6632479418863,-1.6708015690835502e-05,9.90140702539152e-05,0
3420.683619143234,-7.364158312110276e-06,9.897420006128064e-05,0
3420.7041057477218,-3.166017894297309e-05,9.836985152013792e-05,0
3420.72459314874,-3.991795616831875e-06,9.886870490297081e-05,0
3420.7449648339516,9.647230568331287e-05,9.879300632942086e-05,0
3420.7653363121876,-0.000110429645867122,9.871737220594099e-05,0
3420.785704075993,-8.275684615347651e-05,9.863658697928001e-05,0
3420.806192353593,-5.2898859924067494e-05,9.804773066829134e-05,0
3420.826673871896,7.539235390575866e-05,9.855876169829461e-05,0
3420.84713359209,1.5007725901944921e-05,9.906556082288329e-05,0
3420.8674160899177,7.396759728652653e-05,9.846837446244218e-05,0
3420.8877859071,-0.00012085307380627103,9.843291227624448e-05,0
3420.9082723912866,8.891814979525903e-05,9.78495436157804e-05,0
3420.9287605589275,5.0129806543472364e-05,9.835505903246041e-05,0
3420.9491309856403,2.4763725849865124e-05,9.830056222780956e-05,0
3420.9671495483276,2.2600626730309135e-06,0.00011258576902671562,0
3437.547981226733,0.00011034711628015813,9.545651554645778e-05,0
3437.5685526774882,2.0374408467571668e-05,9.656175176710724e-05,0
3437.5888383951283,-5.240271482006689e-05,9.600860118305616e-05,0
3437.6092076759546,1.8107946440114605e-05,9.59969468767315e-05,0
3437.6295803232474,1.7057084515989398e-05,9.599014800262846e-05,0
3437.6494888332863,0.00011259670428658935,9.825804437332951e-05,0
3437.8790038347383,0.00011957508547218989,0.00012606956618065404,0
3437.8950942683687,-4.787563062321395e-05,9.59900386507704e-05,0
3437.915462830982,0.0003245459218637433,9.597810257924505e-05,0
3437.935832737091,0.0003235867012836639,9.598601260635159e-05,0
3437.9563190489316,5.060300361431484e-05,9.542732962029028e-05,0
3437.9768065050503,1.1276176623466265e-05,9.598005819435629e-05,0
3437.997176904035,-6.73896846175649e-05,9.596198810948426e-05,0
3438.0175461472118,1.2417775416716552e-05,9.596841120387995e-05,0
3438.037852976594,-9.539740879606966e-05,9.65231070302456e-05,0
3438.0584045539244,-7.738555541560995e-06,9.542471576737056e-05,0
3438.078786328373,-0.0004737670158746806,9.649082253054863e-05,0
3438.0992610342764,-0.001223248980464657,9.592199392388073e-05,0
3438.1196315441102,-0.0010835142336118558,9.591649684543537e-05,0
3438.140000894818,-0.001213123051761779,9.592362549122523e-05,0
3438.1604880946275,-0.0011752020611571848,9.537213989237132e-05,0
3438.180974205982,-0.000961011297173648,9.593005381949725e-05,0
3438.2013420717044,-0.0002865757599388181,9.595626694429775e-05,0
3438.22171532322,-7.231185166997607e-05,9.597216870437569e-05,0
3438.2420848125435,-9.000334903227772e-05,9.596585175589816e-05,0
3438.262572679357,-5.689906377400229e-05,9.542991385338433e-05,0
3438.2830588149322,0.0001656089290472174,9.59787895984642e-05,0
3438.303428661055,0.00017357306721313846,9.597964846716775e-05,0
3438.3237154539643,-9.383211078805946e-05,9.652388411825331e-05,0
3438.344169453315,8.906540402780374e-05,9.59721499209937e-05,0
3438.3646566493503,9.766630347292845e-05,9.543726033983582e-05,0
3438.385142999655,5.785709876806001e-05,9.597217525611151e-05,0
3438.405513887713,-6.008914902639729e-05,9.599759738321704e-05,0
3438.425883342755,3.3956201135223316e-05,9.596936074175383e-05,0
3438.446262924382,2.2277111118174256e-05,9.652197470779541e-05,0
3438.466740210801,0.00012942079895456106,9.544101144141681e-05,0
3438.487225632596,7.151031806726212e-06,9.598192877965118e-05,0
3438.5075975845125,2.551744077739692e-05,9.598459916638916e-05,0
3438.5279666689416,-3.6992673304528174e-05,9.597614428791825e-05,0
3438.5483391902394,6.518118846281252e-05,9.599622097301607e-05,0
3438.5688243329273,4.95262001499966e-05,9.543710281623399e-05,0
3438.589310628773,5.438925090343013e-05,9.597816173117448e-05,0
3438.609681323668,-3.58712866634189e-05,9.597330297295072e-05,0
3438.630051388345,-1.7505326867690527e-05,9.597680010861111e-05,0
3438.6504215771765,3.6026501286196035e-06,9.597772088689298e-05,0
3438.67090810334,-3.013989210555835e-05,9.544265166833882e-05,0
3438.691482716546,0.00025336265237168557,9.654170468961907e-05,0
3438.71176493291,2.9086169406619376e-06,9.598381550442948e-05,0
3438.7298208652596,-2.8081626352450223e-05,0.00010918438811182157,0
3446.428399926394,8.527648110865243e-05,9.914538710402464e-05,0
3446.448885488082,-4.941145941409322e-05,9.97079959575543e-05,0
3446.4692568637956,4.129951810283747e-05,9.972737848957577e-05,0
3446.4896244496613,0.00011765492439483151,9.974384173960433e-05,0
3446.5099977497266,9.036446304066129e-05,9.977657479766349e-05,0
3446.53048359835,0.0001567631823700736,9.92519116636265e-05,0
3446.5509704338356,-0.00013233345407986423,9.981747062526961e-05,0
3446.571341381072,-0.00015785675141320404,9.983942208209179e-05,0
3446.5917114698077,0.0002179701134150756,9.987047150252704e-05,0
3446.6120824427317,2.806075842159792e-05,9.990754638005869e-05,0
3446.632569569599,-2.975093131113026e-05,9.931551421525793e-05,0
3446.653055493401,1.4786268968054528e-05,9.98782859052138e-05,0
3446.6734267730717,0.00011084297396694231,9.988325279109222e-05,0
3446.693798542177,0.00014550417339287663,9.987155721508449e-05,0
3446.7142328517048,5.4403865359268205e-05,0.00010045072248672014,0
3446.7346541904185,4.1991396462158396e-05,9.933514806429015e-05,0
3446.755140675838,-0.00010242604991369667,9.994507354698275e-05,0
3446.7753992666153,-0.00014153549106029665,0.00010054515739099552,0
3446.7958793338885,-7.227246568473062e-05,0.00010005894545902038,0
3446.8162502504183,2.0201327934945307e-05,0.00010009693324133668,0
3446.836737547302,0.0003287363531923746,9.961269410506639e-05,0
3446.857227178881,-9.227139976929478e-06,0.00010017312710984719,0
3446.8775963682683,-3.7042604070481186e-05,0.00010016133930783174,0
3446.897969351096,0.00013889669707603533,0.000100135605303707,0
3446.918396266628,-6.579911016149575e-05,0.00010064158324035736,0
3446.938724690859,-0.00011966561663408875,9.998790192572778e-05,0
3446.9593161418256,-0.00046936671832784244,9.988005519265341e-05,0
3446.9796805940086,-0.0012604260669288375,9.977860163796214e-05,0
3447.0000565708383,-0.0011845816205501305,9.967419997834262e-05,0
3447.020425534414,-0.001285764832056995,9.958250269707571e-05,0
3447.040911519689,-0.001288927506768306,9.896444332298639e-05,0
3447.061405637729,-0.001011352721408537,9.95042826483321e-05,0
3447.0817666221737,-0.00015012422835201537,9.942000922373577e-05,0
3447.102137640751,9.730061658438599e-06,9.937179693549596e-05,0
3447.1225088812052,-2.8352635085207343e-05,9.931903479698627e-05,0
3447.1429938855426,3.098535992099994e-05,9.873147376396747e-05,0
3447.1634911134493,-0.00010794953560894707,0.00010041020649014724,0
3447.1838518857667,8.171647427952761e-06,9.925655696102645e-05,0
3447.2042208574685,0.00020888882281983016,9.925493261195826e-05,0
3447.2245923844066,1.3415069777434115e-05,9.92225507594849e-05,0
3447.2450799751437,0.0001975972318776442,9.864511556307132e-05,0
3447.265567227268,0.00017871412597910005,9.915582936693552e-05,0
3447.2859393911376,-3.2235661886956355e-05,9.908283541066123e-05,0
3447.306309477826,-1.0017751062011426e-05,9.899889909659415e-05,0
3447.3266786297636,-3.713018418120421e-05,9.893600144181564e-05,0
3447.347166446752,-2.3188836734831967e-05,9.831016659758859e-05,0
3447.3676503100182,-0.00018061802573153608,9.880272111108043e-05,0
3447.388021849381,4.494729017635727e-05,9.874289742124295e-05,0
3447.408392503553,2.1384723775336807e-05,9.871869876982217e-05,0
3447.4287620716414,0.00011248619294142387,9.868342552362468e-05,0
3447.449250081574,0.000266161937922608,9.81314581358965e-05,0
3447.4697351279247,8.118280629305939e-05,9.866649185636567e-05,0
3447.490103527561,0.00016860087057112263,9.866585723167199e-05,0
3447.5104747937967,-2.6223965191947016e-05,9.868071515362516e-05,0
3447.5308460187766,7.036077241783714e-08,9.86767417082829e-05,0
3447.551368901264,9.587028044091268e-06,9.869449790341738e-05,0
3447.571817978655,4.1091869531272895e-05,9.873141577994441e-05,0
3447.5921888752296,-0.00010835040480701017,9.874657036639289e-05,0
3447.610245434728,-3.939040619464599e-05,0.00011237400025465785,0
3455.3085065318787,0.00010079852407473327,9.883685249022205e-05,0
3455.329102671891,0.00015452451149500159,9.883536157936814e-05,0
3455.3494725276905,-1.2875360260399339e-05,9.884948879318829e-05,0
3455.3698419557277,-0.00016995873413992808,9.88885231571202e-05,0
3455.3902130716137,2.9654045081673706e-06,9.897587769138098e-05,0
3455.410709773385,-1.504055443545705e-05,9.905446575907611e-05,0
3455.4311842406505,-3.5925122802571876e-05,9.91380666222681e-05,0
3455.451556887637,9.394820998643666e-05,9.92119460274568e-05,0
3455.471929698559,2.925606876606511e-05,9.92476592908509e-05,0
3455.492298317571,0.00014443417225008524,9.929105708236036e-05,0
3455.5127852934825,-7.61174964024236e-06,9.879210212245027e-05,0
3455.5332694731615,3.5607557246069776e-06,9.943827886610403e-05,0
3455.553638190713,6.076865545804129e-05,9.955529086267165e-05,0
3455.5740109511707,0.00014412803235265995,9.965814628822361e-05,0
3455.5943827006713,-0.0001749375703106538,9.971426262318098e-05,0
3455.614870106963,2.4476627844950777e-05,9.917799371582484e-05,0
3455.635358392827,6.24307741365535e-05,9.974629063039252e-05,0
3455.6557275162236,-9.481441374333301e-05,9.973494583528038e-05,0
3455.6759892355176,0.0001590967326286031,0.0001003154480747566,0
3455.696471140843,9.278431992306589e-05,9.976794885697964e-05,0
3455.7169706004274,-7.50172235138351e-05,9.939201498209892e-05,0
3455.737439412367,0.00013882519557055275,9.991555756234985e-05,0
3455.7579259018057,0.00014578271932730303,0.00010059126004423526,0
3455.7781799691475,-2.8311103413226062e-05,0.00010010680011419172,0
3455.798556310342,-0.00019513201622524092,0.00010013898407664775,0
3455.819043765798,-0.00010174632458179002,9.951220872503867e-05,0
3455.8395276173387,-0.0007548445554176923,0.00010003394872972749,0
3455.8598961272864,-0.0011615920298381447,0.00010003366369297576,0
3455.8802687606512,-0.0013578102366190168,0.0001000560385474347,0
3455.900637662486,-0.001164972988545529,0.00010009846686885314,0
3455.9211217857624,-0.0011884208956328462,9.962639076128124e-05,0
3455.9416050131126,-0.0010286345082321068,0.00010033099292766908,0
3455.9619751207433,-0.0003874845705277603,0.00010049972645997867,0
3455.982347856471,3.6741405781672016e-05,0.00010070101406167607,0
3456.002709655232,7.685200261190236e-05,0.00010143477933411473,0
3456.0232063835747,-6.695982315409481e-05,0.00010045663740517255,0
3456.043691663115,0.00010246914286583034,0.0001011775810771035,0
3456.0640635466766,-6.203345209294275e-05,0.00010132773445138231,0
3456.084434748958,-0.00013516972771310907,0.00010145945304629863,0
3456.1048063094904,0.00015427307346698506,0.00010157084449398709,0
3456.1252934326276,2.1364452475951093e-05,0.00010105433600509801,0
3456.145783270029,3.1928166655517975e-05,0.00010160638201195036,0
3456.166156654012,-2.229392325856775e-05,0.00010149642480409443,0
3456.1865281788005,-5.169814021350362e-05,0.00010134251436468109,0
3456.206901269841,-6.302671502291733e-05,0.00010119433441006914,0
3456.2273859420266,5.563511922004319e-05,0.00010044571073605809,0
3456.2478690254216,0.00016362141227281034,0.00010087008998796058,0
3456.2682408855753,7.870782885893847e-05,0.00010076373261587446,0
3456.288612863882,0.000161022634198825,0.00010062596186424309,0
3456.3089805259942,0.00010358234892908781,0.0001005181372283234,0
3456.3294681692037,8.923561919233915e-05,9.987878756392092e-05,0
3456.3500593797776,-7.002933634151077e-05,0.00010096033361067208,0
3456.3703208814823,-5.009493632434811e-05,0.00010039941456533775,0
3456.3906894601832,6.566323222222655e-05,0.00010047727051132133,0
3456.4110597233057,7.902378986408593e-05,0.0001005728899663572,0
3456.4315664126157,0.0001529561413688666,0.00010068695576104377,0
3456.4520312150016,0.00014537358874327664,0.00010082853279553091,0
3456.4724014277,3.9031497648565985e-05,0.00010100094973691393,0
3456.4904588666213,-1.9505834858986216e-06,0.00011502954013501985,0
3464.1888592149235,5.242549507041476e-05,9.581565041124464e-05,0
3464.2093448380356,-0.00012323552371635942,9.635176125359011e-05,0
3464.2297158819206,4.708254590871202e-05,9.636488688696117e-05,0
3464.25008725528,0.00010814685477425096,9.635586730224925e-05,0
3464.270458635436,-2.4638890837078696e-05,9.634568256239685e-05,0
3464.2909434485923,-3.837887917726015e-05,9.580805718603648e-05,0
3464.3114306352845,-3.932161374322687e-05,9.634228920633177e-05,0
3464.3318015520376,0.0002635210227195794,9.635688350108655e-05,0
3464.3521731715446,1.900264302883944e-05,9.635559263718508e-05,0
3464.3725438752144,0.00015220288982197242,9.635136652157153e-05,0
3464.3930305044246,0.00019232400033418942,9.58131681128847e-05,0
3464.413516400978,-5.85311246512187e-05,9.63420247996005e-05,0
3464.433886163742,4.261035053434519e-05,9.634391666471741e-05,0
3464.454258637065,-9.323219506168663e-05,9.634749983976358e-05,0
3464.4746291991814,-2.471394617011201e-05,9.634870261773654e-05,0
3464.495115235451,0.00011897990603380827,9.582318844060106e-05,0
3464.5156023681434,-0.00024719893403008457,9.633376666519627e-05,0
3464.5359738245934,4.843924957203943e-05,9.634572816899572e-05,0
3464.556343429288,0.00010069461184507783,9.634290602336838e-05,0
3464.576714091265,6.116434483533653e-05,9.633578193786398e-05,0
3464.597201088567,-2.8055981158532735e-05,9.581478578915495e-05,0
3464.6176874838166,-7.636078754902379e-05,9.633265143275443e-05,0
3464.638058220034,0.00018647360854410152,9.634384751855189e-05,0
3464.658427998512,0.00012765968455356164,9.634012533791835e-05,0
3464.678799364423,0.00016910239007670804,9.634342361062433e-05,0
3464.699285201791,6.826515071097451e-05,9.578626261456038e-05,0
3464.7197729202567,-0.00036194485579886586,9.6311233823404e-05,0
3464.7401429055526,-0.0010458390477216554,9.627965483965803e-05,0
3464.760512881382,-0.0009012535888625237,9.628569089607302e-05,0
3464.780883064033,-0.0011821265110146147,9.627165942523844e-05,0
3464.801371534388,-0.001130424555936328,9.571969776155261e-05,0
3464.8218574950397,-0.0009264882375759533,9.62722468261677e-05,0
3464.8421602098847,-0.00021688396900929762,9.685783262642645e-05,0
3464.8625979943217,-0.00010259944899689877,9.631177767551922e-05,0
3464.8829715166225,-0.0001582151242822001,9.63241419711951e-05,0
3464.9034555287194,0.00011887579489696722,9.578350685409285e-05,0
3464.9239429111153,0.00013175159806925075,9.631748701377788e-05,0
3464.944419649005,4.61271749648249e-05,9.687639110755215e-05,0
3464.9646841146073,0.0002357285720305738,9.632659589505243e-05,0
3464.9850545211016,6.28735856237746e-05,9.632125083186961e-05,0
3465.0055417638496,1.9642863693215342e-05,9.577316326303983e-05,0
3465.0260270484755,5.450572987135962e-06,9.632541439887968e-05,0
3465.0463996069025,7.396942733310378e-07,9.633969636615694e-05,0
3465.066769086564,-2.185524610540321e-05,9.631466604626134e-05,0
3465.0871389413746,6.98204937622952e-05,9.632932903606638e-05,0
3465.1076256190995,0.00012489026267959008,9.578950636066473e-05,0
3465.1281114751137,1.9936894780232733e-05,9.634360577263867e-05,0
3465.1484837799726,-5.0533613167252174e-05,9.632359491419013e-05,0
3465.1688551275215,-0.00010457380207453338,9.632657167271951e-05,0
3465.189224808847,0.000106833991974588,9.634155965782698e-05,0
3465.2097112280744,1.8436286027793577e-05,9.579286835526403e-05,0
3465.2301976292033,4.5379559554206484e-05,9.63361896233743e-05,0
3465.2505694042898,0.00019420691528180365,9.633993399920239e-05,0
3465.2709400078566,-2.7949999026642485e-05,9.63406125097327e-05,0
3465.291310185784,9.400020642437753e-05,9.633686532725787e-05,0
3465.311797511507,-0.00013188573560949778,9.578684666750983e-05,0
3465.3322833037846,0.00010593869710168821,9.634216219440021e-05,0
3465.352737190374,-3.0737691787374686e-05,9.688856531525374e-05,0
3465.370710665291,0.0002312466283558908,0.00010960294956541257,0
3473.0723410187015,-2.8841318594355013e-05,0.00010003467264811609,0
3473.0928280566054,0.00011491864823327167,0.00010071652650402918,0
3473.10706576961,-0.0004878779673499255,0.0001598024337319707,0
3473.3262838481382,-0.00035473037834643967,0.00028222936713301404,0
3473.337746406015,0.00010522267244799548,9.9730207873915e-05,0
3473.3582304576294,-0.0002600941923837039,0.00010021256580863666,0
3473.3785995555704,-0.0001288689154623915,9.90825962588395e-05,0
3473.3990831458627,0.00010429072552386773,9.96875797246411e-05,0
3473.419453386014,1.2586705606133573e-05,9.976528897880735e-05,0
3473.439824017944,-2.9618467538038558e-05,9.98386095986275e-05,0
3473.4601918142343,4.0326584141985454e-05,9.99674926108883e-05,0
3473.4807033177717,9.968476855401277e-09,0.00010003924122513532,0
3473.501167814896,5.1341968200071184e-05,0.00010014306564323365,0
3473.5216042671404,0.00024384707756844483,0.00010082991050590595,0
3473.541945518861,3.537863149634614e-05,0.00010100841631691821,0
3473.5622810718264,0.0001160132429932876,0.00010040680809070823,0
3473.58276997075,0.00021351327891251803,9.987643856336156e-05,0
3473.603258775318,-0.0004700298621256057,0.00010041338830205966,0
3473.623630227252,-0.001139797082514881,0.00010035346419139467,0
3473.6439988997845,-0.0011034692212660436,0.00010031910491615808,0
3473.6643701137687,-0.001038565085340521,0.0001002562206521556,0
3473.684858322977,-0.0010068688010793868,9.968485264617436e-05,0
3473.7053452389896,-0.0008865637898945874,0.0001002028124395859,0
3473.725711149216,-0.00034417253999165654,0.00010020594490569945,0
3473.746082157188,-0.0001380918040889029,0.00010023456796942734,0
3473.7664526099393,-1.574733165527308e-05,0.0001002700859953,0
3473.7869392683174,0.00016223091152410587,9.972965160253131e-05,0
3473.807427695905,0.00017782137912439813,0.00010035530001696687,0
3473.827795951856,3.144078529958137e-05,0.00010041459326337849,0
3473.8481679964643,-6.21644372600757e-05,0.00010046602104791024,0
3473.8685386918087,2.3880401241173352e-05,0.00010051494175743113,0
3473.889026622111,-7.522949197735891e-05,9.995081925381496e-05,0
3473.909513450783,-5.875003702967279e-06,0.00010047875436722989,0
3473.929889038137,4.065179558576362e-05,0.00010039458263010057,0
3473.950258138833,6.164518612664195e-05,0.00010027468113774978,0
3473.9706289021724,9.792964448786599e-05,0.00010011781945214295,0
3473.9911145398914,-6.383540798026361e-06,9.945154320623125e-05,0
3474.011601104414,-2.100429651608658e-07,9.991894510857601e-05,0
3474.031967240684,3.530676606319959e-05,9.989639416216239e-05,0
3474.0523403287766,1.5311105476591182e-05,9.990831726723151e-05,0
3474.0727082107055,1.1881655417779313e-05,9.993756295971963e-05,0
3474.0931954801827,3.123306728435638e-05,9.943604038686116e-05,0
3474.113680732709,0.00018375187324977442,0.00010005462260035399,0
3474.1340535929435,8.199390629554065e-05,0.00010009489859246478,0
3474.154424455356,4.191736898969254e-05,0.00010012209141813851,0
3474.1747967794718,-0.0001241014990551088,0.00010010559650878868,0
3474.1952845752808,5.286568446220372e-05,9.94903811196194e-05,0
3474.2156951949087,4.545789100558786e-06,0.0001010953023536515,0
3474.2361444340127,-1.2734508677181603e-05,9.980205670078384e-05,0
3474.254198483128,9.431251882541408e-05,0.00011339259175936871,0
3535.2344584814578,-0.00013233012245707766,9.669053120655968e-05,0
3535.254943889038,-0.00029012390263696754,9.72235477725462e-05,0
3535.275314685587,6.610180915387263e-05,9.723973853823984e-05,0
3535.295686061513,8.630424738755427e-05,9.723857771857748e-05,0
3535.316055854375,0.0002471208044388457,9.724714923722177e-05,0
3535.336541943351,7.787703665623434e-05,9.669485966271305e-05,0
3535.357029470417,-7.193821432057234e-05,9.723306884389969e-05,0
3535.377400652496,6.586404094241064e-05,9.724567159738759e-05,0
3535.3977701583913,-3.050113870897491e-05,9.722699475681512e-05,0
3535.4181396450927,-6.149256787634794e-05,9.723399145329382e-05,0
3535.438628282892,3.690864917803807e-05,9.669205441974154e-05,0
3535.4591160269383,4.89741270745744e-05,9.724245267965281e-05,0
3535.4794838822945,-5.712726163105224e-05,9.723249025186769e-05,0
3535.4997615210073,8.651343529037492e-05,9.779645487766639e-05,0
3535.5202271818557,0.0002279288843134674,9.724021647379914e-05,0
3535.540713138973,-2.989418881233387e-05,9.667943844899258e-05,0
3535.5611980782232,9.758048843520283e-05,9.723393623412573e-05,0
3535.5815695275,7.363604910986408e-05,9.72360831359345e-05,0
3535.601943117794,0.00011068420818301611,9.724641781234413e-05,0
3535.622309894691,-2.1649920286618236e-06,9.722859050219538e-05,0
3535.6427966643605,-1.972693643747005e-07,9.669096778440841e-05,0
3535.663206815854,-7.3989413108879e-05,9.778486958725454e-05,0
3535.6836541466146,0.00010169168892818731,9.723049332452739e-05,0
3535.7040252132724,-1.6595424712183302e-05,9.722532619127011e-05,0
3535.7243948206306,-8.755045945698605e-05,9.722679892087717e-05,0
3535.744881006125,5.482993887368454e-05,9.669023177147518e-05,0
3535.765370018376,-0.0006394492745652487,9.719935702160345e-05,0
3535.7857387701,-0.0009794299864848853,9.718990445131543e-05,0
3535.806108420809,-0.0014533437089579461,9.717840452676777e-05,0
3535.8264803059697,-0.0012767177121430797,9.71755513794243e-05,0
3535.8469671654175,-0.001166739874439199,9.663089602570523e-05,0
3535.8674525657702,-0.0009021912375484043,9.718806892325558e-05,0
3535.8878223218935,-0.00028052651444771437,9.721715630748971e-05,0
3535.9081945101825,4.9113764180141125e-05,9.72263515685288e-05,0
3535.9285646877292,0.00011472993594675596,9.723227320271064e-05,0
3535.949051541639,3.973359501151838e-05,9.667910845114486e-05,0
3535.969538637182,3.287962681626152e-05,9.722687673236659e-05,0
3535.9899091823518,-0.00010968134046276929,9.722370057405641e-05,0
3536.0102789504267,1.420895654883465e-05,9.722963920984399e-05,0
3536.0306499090257,5.9130510731444805e-05,9.722688901858347e-05,0
3536.0511375374317,-7.030960058288828e-05,9.667860431072073e-05,0
3536.071622987009,-0.0001527587881973349,9.7218692972607e-05,0
3536.091992938199,8.088892488719543e-06,9.722719440903018e-05,0
3536.1124274769686,9.669693926134291e-05,9.778453464809612e-05,0
3536.1327214945454,0.00023948807564510053,9.77997084716574e-05,0
3536.153221051057,-1.5184351802664791e-05,9.667385708667512e-05,0
3536.173707738433,0.00013546341270926653,9.722829258003013e-05,0
3536.1940796122653,-0.00012733256917618526,9.721841946382049e-05,0
3536.2144480798934,0.00018925159880907964,9.72309789947372e-05,0
3536.2348190865278,-2.0249366521541516e-05,9.722192813504603e-05,0
3536.2553059607408,-2.8986383545548254e-05,9.668064357745416e-05,0
3536.275792677889,-5.934870763420896e-06,9.722215167586144e-05,0
3536.296162654766,0.00015355757712761463,9.723845933458893e-05,0
3536.31653587652,-4.15346811175256e-05,9.722619084653962e-05,0
3536.336905164326,-0.00013879367098140305,9.722467168716088e-05,0
3536.3573911898484,3.348203169351681e-05,9.667732432853115e-05,0
3536.377878547145,1.8753772556673956e-05,9.722600278465848e-05,0
3536.398247575369,0.00010900318040804695,9.724076982263498e-05,0
3536.4163043105764,0.00019644857254320515,0.00011061286750898197,0
3544.1107594504797,2.1741054391705252e-05,9.831431895914158e-05,0
3544.1312459269143,2.5821591665174993e-05,9.889307385972854e-05,0
3544.1516195075756,0.00014074011377798355,9.891910888095154e-05,0
3544.17198929882,0.00015350180977092607,9.890172519958098e-05,0
3544.192347802432,-5.518197272968245e-05,9.944003069019237e-05,0
3544.2128480700335,4.0548340814337654e-05,9.830116250023623e-05,0
3544.2333564405735,-0.00013406409243120056,9.938741671133477e-05,0
3544.2537084600917,0.00029432971850932763,9.93818706129232e-05,0
3544.2740750861894,-3.660910401489469e-05,9.875836561667813e-05,0
3544.29444496023,-7.918537643696096e-05,9.87240257707765e-05,0
3544.314921075774,-2.3504179072044083e-05,9.871713671212167e-05,0
3544.335418100689,9.774720663331596e-05,9.872371462560802e-05,0
3544.355788248862,2.026149555067656e-05,9.872048490373009e-05,0
3544.3761584943877,9.817162866623931e-05,9.87157772544852e-05,0
3544.3965294706336,0.0003004286566277869,9.872627889190718e-05,0
3544.41701538219,-4.026370859890317e-05,9.818630571077936e-05,0
3544.437503246145,6.095395555718376e-05,9.873927267152832e-05,0
3544.457872711198,2.275673909362583e-05,9.876029176244147e-05,0
3544.478307564164,-8.652398049020458e-05,9.936308938604894e-05,0
3544.4986139447487,-7.325122120301362e-05,9.882532556989545e-05,0
3544.519100081865,-4.4278243929204986e-05,9.831647755196241e-05,0
3544.539585773854,3.3060141667334634e-05,9.892457786034688e-05,0
3544.560031603791,0.0001331958792619608,0.00010071598326585357,0
3544.580285952072,0.00011147671187523777,9.959584797459218e-05,0
3544.6006995100142,-1.051941165714832e-05,9.9062485801306e-05,0
3544.621185517967,9.08774555059576e-05,9.853949427095255e-05,0
3544.641673991867,-0.0004842462280580079,9.909816123889167e-05,0
3544.66204252111,-0.0011226208011486751,9.909212156554378e-05,0
3544.6824138616216,-0.0013005574444897826,9.911353518960628e-05,0
3544.7027849702063,-0.0013190503785370632,9.913441097510219e-05,0
3544.7232694998866,-0.0011704088856330994,9.861131402179194e-05,0
3544.743756167819,-0.0008098064025157596,9.920334285772419e-05,0
3544.764125675493,-0.0002813341577479127,9.923834427047827e-05,0
3544.7844994379393,0.00015175094146460094,9.92697859570748e-05,0
3544.8048695507277,5.198364411557916e-05,9.926826558070089e-05,0
3544.8253612697263,3.1528506934992885e-05,9.872419622821246e-05,0
3544.8458436363635,-9.727339520232255e-06,9.924695894278185e-05,0
3544.8662151652165,0.00011809032372782447,9.921289301445958e-05,0
3544.886586527431,-0.00014246283377022606,9.915534116275989e-05,0
3544.9069587001436,7.763142765249056e-05,9.909386271928794e-05,0
3544.927443708731,-2.6019607766472457e-05,9.84466388365504e-05,0
3544.947930429497,-2.95213874162845e-05,9.891040112963636e-05,0
3544.9683014010857,0.00040391204783244144,9.883105452309294e-05,0
3544.988672559876,4.097157650307196e-05,9.87316309391986e-05,0
3545.009033706318,1.517993857742446e-05,9.920741006155844e-05,0
3545.0295301111605,2.0442604513359555e-05,9.855707910961685e-05,0
3545.0500157014835,4.008036204609641e-05,9.848002576914468e-05,0
3545.070386297525,-6.701190092054186e-05,9.839228592140522e-05,0
3545.090759846197,-1.8049998115042778e-05,9.887448837226445e-05,0
3545.111099932281,-7.405855074901368e-06,9.882165161353686e-05,0
3545.131615291949,6.065697280060641e-05,9.756811420691802e-05,0
3545.1521238451714,-5.258814243262794e-05,9.85789516298852e-05,0
3545.1724860124914,-3.6910748265532927e-05,9.84728943629452e-05,0
3545.192813684805,0.00013126785416216772,9.836859102037373e-05,0
3545.2132132169622,0.0001056158166909488,9.770188426722007e-05,0
3545.23369399855,2.360820722380361e-05,9.720083742350512e-05,0
3545.2541855615455,5.852481836962009e-05,9.750945330203209e-05,0
3545.274555365927,-2.0335168696570833e-05,9.743368092297225e-05,0
3545.2926110795947,0.00010595154090880249,0.00011078927644408026,0
3552.9925901005463,9.451429686743628e-05,9.720934769329704e-05,0
3553.01307579732,-4.027985055784251e-05,9.777335778209097e-05,0
3553.0334470937387,-4.8372417230043006e-05,9.779258251597528e-05,0
3553.053816551911,-2.9609669392205078e-05,9.781852159582109e-05,0
3553.0741883161663,9.211114986227851e-05,9.783522304180398e-05,0
3553.0946755569103,0.00011952645852805566,9.72976145383252e-05,0
3553.115161580725,-2.8125466289067046e-05,9.782747353952301e-05,0
3553.135532328213,0.00011022407987535173,9.78271630862661e-05,0
3553.1559025944944,-4.402829707507013e-06,9.78163969549452e-05,0
3553.176273190818,-7.624376808346742e-05,9.779429809511294e-05,0
3553.1967603242106,4.565302971967422e-05,9.724259373306957e-05,0
3553.2172471257863,2.515643946021668e-05,9.777970560121674e-05,0
3553.237615846459,-2.3544668148257746e-05,9.776186479538002e-05,0
3553.2579873827704,8.368307517053162e-05,9.776847790306893e-05,0
3553.2783587126146,7.725763618307479e-05,9.77826409171769e-05,0
3553.2988444448583,5.3170256280944967e-05,9.722559893408872e-05,0
3553.3193301872266,1.2659939580699145e-05,9.778142053009632e-05,0
3553.3397004072012,-6.535816838669962e-05,9.779094244015203e-05,0
3553.360072503866,2.405279149646284e-05,9.783478528658685e-05,0
3553.3804410575385,-6.286904079195988e-05,9.782701761580387e-05,0
3553.4009295153323,3.5780600993438385e-05,9.726228538004358e-05,0
3553.42141566951,0.00010371926331896261,9.780279564468064e-05,0
3553.441786777106,-0.00010007943336883301,9.777653981525553e-05,0
3553.4621579105637,0.00019370494491003178,9.776907050562027e-05,0
3553.4825089662745,-3.717090830797316e-05,9.832688054356677e-05,0
3553.5030132413094,0.00012109390782507668,9.724581859424024e-05,0
3553.5235010452525,-0.0005064118214504304,9.779403775387955e-05,0
3553.5438707021194,-0.0012415172613713674,9.779573223851561e-05,0
3553.564240325309,-0.001202756932173764,9.780530644066186e-05,0
3553.5846118576,-0.001214396151041917,9.782401793691273e-05,0
3553.605097835626,-0.001133331652538335,9.72800187983355e-05,0
3553.6255842606784,-0.0010606030245318178,9.783000107786241e-05,0
3553.6459540721626,-0.0004771824912161802,9.789497094952405e-05,0
3553.6663253225834,-0.0001025036679677204,9.788832488236946e-05,0
3553.686695918161,2.1390805082510844e-05,9.790718089856666e-05,0
3553.7071842411033,-0.00013138256942128406,9.733602312092623e-05,0
3553.7276703012512,0.00022575349321995425,9.792793275243178e-05,0
3553.748039761972,2.250877153109927e-05,9.78999265183875e-05,0
3553.7684112948928,3.986073532283141e-05,9.79135918600732e-05,0
3553.7887809850076,5.525889138417912e-05,9.791347847732312e-05,0
3553.8092690476797,-5.29273114473021e-05,9.736641004022611e-05,0
3553.829881801674,-2.150180747546316e-05,9.90830833316535e-05,0
3553.8501241747,6.585723966677391e-05,9.794763193836572e-05,0
3553.870496230096,0.00015782769124362902,9.794062127799003e-05,0
3553.890866426876,-0.00013397875196574218,9.791897525526822e-05,0
3553.9113534508065,1.3887137253877749e-05,9.73591813426144e-05,0
3553.9318395320674,9.548317244717984e-06,9.791816506585438e-05,0
3553.9522107333305,0.00014154585259740942,9.790167921677039e-05,0
3553.972581259859,0.00014734763826187544,9.788226830379683e-05,0
3553.9929510737725,-3.567415979763609e-05,9.786827616606103e-05,0
3554.013435436228,1.4946092594665822e-05,9.734162340506908e-05,0
3554.0339226626593,-0.00013189194986198583,9.792629668662522e-05,0
3554.054293259871,6.705462393841249e-05,9.797320703212619e-05,0
3554.0746793819217,8.448245230064885e-05,9.854055232105756e-05,0
3554.0950361165123,0.0001687659499687036,9.799249349402599e-05,0
3554.115521297221,9.225371402361345e-05,9.743977036525782e-05,0
3554.1360082771,7.852069924803888e-06,9.79816644738923e-05,0
3554.156380275629,-0.00016022331033243577,9.796982269512703e-05,0
3554.174435224165,7.29836658275237e-06,0.00011142261683479164,0
3561.8734753176404,-2.539467699579682e-06,9.491000658695987e-05,0
3561.893960939503,4.6489435233425636e-05,9.545050351902737e-05,0
3561.91433055577,1.914108214546936e-05,9.545233491559495e-05,0
3561.93470054595,-1.1853441407058945e-05,9.545512286024064e-05,0
3561.9550729739385,0.0001474450096796793,9.546350605082894e-05,0
3561.9755591850762,0.0001344542617096536,9.493270236644686e-05,0
3561.9960047771656,0.0002281789577401396,9.600788811269954e-05,0
3562.0068093305154,-0.00030059748588049474,0.0004004002905159723,0
3562.041416817624,-9.472703758056869e-05,0.00012925398421916024,0
3562.057155902119,8.346905303762895e-05,9.546948340312202e-05,0
3562.0776412713567,-5.3794979189464646e-05,9.493019133949144e-05,0
3562.098128852854,0.00013066758857831426,9.547010068642184e-05,0
3562.118500461631,-0.0001268243170312965,9.546245427322105e-05,0
3562.1388714878253,1.7334406140384795e-05,9.547062663164004e-05,0
3562.159241399537,-5.410766884392679e-05,9.547234865135023e-05,0
3562.17972819825,-4.374093001726188e-05,9.49441302327407e-05,0
3562.2002129931643,0.00014634143140321063,9.547433390355521e-05,0
3562.220584075302,0.00010561019272064717,9.5473141398993e-05,0
3562.2409559130438,0.00018528212278458907,9.546908104445322e-05,0
3562.2613254370685,-1.0022087064753868e-05,9.545878873875032e-05,0
3562.2818119555704,-1.741930736089263e-05,9.491577280052107e-05,0
3562.3023022243897,0.00020296847534849484,9.54799134261403e-05,0
3562.3226666936007,0.00016463823723458822,9.546011766077867e-05,0
3562.3430382855154,-4.4204181938274775e-05,9.54687895071469e-05,0
3562.3634101685593,-1.9654706745458657e-05,9.545666810127862e-05,0
3562.383895311785,-3.535451308763738e-05,9.492244144074996e-05,0
3562.404384334537,-0.0005624696632753782,9.543564481347819e-05,0
3562.424752191552,-0.0009932543370952157,9.542087845890527e-05,0
3562.445122213202,-0.0012124245222512313,9.541304701242016e-05,0
3562.465493501578,-0.0011393315382750289,9.541091748503416e-05,0
3562.485980041527,-0.001230994262973602,9.487725136560618e-05,0
3562.5064657931775,-0.000974837508427842,9.541462745967389e-05,0
3562.5268345027157,-0.00018039726677743733,9.54626392333201e-05,0
3562.5472077784393,0.0001502820474342361,9.546604377319257e-05,0
3562.5675780940815,-8.761828544648426e-06,9.545722339676092e-05,0
3562.5880634782475,-2.3244128050435628e-05,9.491130663151277e-05,0
3562.6085505098895,-6.611768560318178e-05,9.545156434848647e-05,0
3562.628918247323,5.749954820030332e-05,9.546644286101583e-05,0
3562.6492907963743,4.967441376175183e-05,9.545266373654504e-05,0
3562.669661556658,0.00012049184850540307,9.545370883361413e-05,0
3562.6901467961397,3.784158966092722e-06,9.491789820772877e-05,0
3562.710635633372,6.640006312881006e-05,9.546421572444813e-05,0
3562.7310055610083,0.00020851515915918306,9.546615780774645e-05,0
3562.7513753916555,8.072791767580468e-05,9.545859841135928e-05,0
3562.7717465076753,-0.00013728985512208997,9.545535145225917e-05,0
3562.7922321011883,-0.00012508179326762157,9.492013125623181e-05,0
3562.8127188332173,9.564340241525754e-05,9.546797528541253e-05,0
3562.8331773925083,0.00010514063015929039,9.616377102692394e-05,0
3562.8534601949837,6.609034999591669e-05,9.547440219777357e-05,0
3562.873830703195,7.150173752846513e-05,9.546608699918472e-05,0
3562.894316907636,6.118743267798727e-05,9.493514484527522e-05,0
3562.914803315954,1.9337240782724825e-05,9.546506489174199e-05,0
3562.9351735957175,-3.308390811518267e-05,9.546177015655854e-05,0
3562.9555454305328,-0.00018640246758305854,9.545579822327562e-05,0
3562.976011974111,0.000232704316809176,9.601146899728819e-05,0
3562.996401354199,2.6788234894805773e-05,9.49189482944801e-05,0
3563.016887064779,2.2291749182146022e-05,9.545644743760543e-05,0
3563.03725788806,-3.835177250557647e-05,9.545000036253595e-05,0
3563.0553131534957,0.0002674778165039274,0.00010860300072417661,0
3570.7548014896165,0.00012109866318593725,9.528476944577544e-05,0
3570.7752941160206,0.00010140189420455215,9.529326092218616e-05,0
3570.7955770536464,-6.258462081837197e-05,9.58405212593226e-05,0
3570.8160344599473,0.0002044454851833489,9.53018531868257e-05,0
3570.836311320504,6.38514228286017e-05,9.639589240684262e-05,0
3570.8568903822083,-4.237049365522035e-06,9.475627775002112e-05,0
3570.8773782075586,5.749928353896777e-06,9.532166299225279e-05,0
3570.897749013429,-7.890836968643539e-05,9.529472295455734e-05,0
3570.9181190406907,-0.00017576387695342901,9.529289577677611e-05,0
3570.938489667538,-2.0416106708041196e-05,9.529976198485278e-05,0
3570.9589895090126,0.00010859275298918112,9.530858988043515e-05,0
3570.9794619911518,0.00020027518633647135,9.531704279421608e-05,0
3570.999828722157,8.09179316789485e-05,9.533627643942929e-05,0
3571.0203100813715,-6.199723673188108e-05,9.640759602743695e-05,0
3571.040642652028,3.3311470531960387e-05,9.585782836463477e-05,0
3571.0610948250146,0.00010688949079812045,9.531946690552107e-05,0
3571.0815446938627,0.00010307427875141223,9.532460802853504e-05,0
3571.1019170854674,-0.00013482316967872686,9.530371983703813e-05,0
3571.122287468954,0.00011157337101227908,9.531980800006729e-05,0
3571.142657699572,-8.923734254140655e-05,9.531069216051688e-05,0
3571.16325214759,8.628852238431449e-05,9.532127736163349e-05,0
3571.1836297038844,-0.0001058885797264785,9.53109184727993e-05,0
3571.2040001735277,2.7387760911921037e-05,9.53147015009693e-05,0
3571.224389586377,1.870373401623941e-05,9.586779711643001e-05,0
3571.2449259971672,8.736801673466412e-05,9.64228453211554e-05,0
3571.2652284565384,0.0001294546035058774,9.47834151988563e-05,0
3571.2857171658297,-0.000538337658681212,9.529662740660213e-05,0
3571.3060844675038,-0.0010684639678468014,9.528026978116305e-05,0
3571.32645600903,-0.0010582408492777044,9.52789414237864e-05,0
3571.3468306781797,-0.0011768225571987877,9.529730227774498e-05,0
3571.3672591498785,-0.0011226913519565647,9.528266723607503e-05,0
3571.3877973875765,-0.0010316816626613362,9.529774144158934e-05,0
3571.4081678173447,-0.00019553028337423423,9.532608786577648e-05,0
3571.4285505238176,0.00011596139325089936,9.588393885769656e-05,0
3571.4489859805717,0.00021067084059899144,9.589145255418593e-05,0
3571.469396603754,0.00019707886761308126,9.481176794494381e-05,0
3571.4898823833587,-1.9507725972262667e-05,9.534394043249124e-05,0
3571.510209260519,0.0002789746991528028,9.589491944937621e-05,0
3571.5306229057983,-2.756822912371563e-05,9.534303369845272e-05,0
3571.5510769684065,0.00011173931179248604,9.588894092487385e-05,0
3571.5714817754492,0.00015750141058276185,9.479381067897558e-05,0
3571.591968815008,-0.00010113167398398285,9.531431975387812e-05,0
3571.612336298816,0.00015972859906833139,9.529740489177199e-05,0
3571.632705427207,7.442415503894367e-05,9.531374819434223e-05,0
3571.6530768501425,-0.00019165265417687513,9.530752642162416e-05,0
3571.6735633148155,-0.00020338126523308632,9.47952173504639e-05,0
3571.694050251959,-1.071300065868665e-06,9.53413576293584e-05,0
3571.7071294702037,-0.0002501716455113711,0.0001788684211217013,0
3571.9263435259163,-0.00015537492377389476,0.00019510765591938462,0
3571.9366438828897,0.00012739538134904626,0.00010845395343746164,0
3579.633114634586,0.00012467893626581604,9.539989146480868e-05,0
3579.653575210395,5.5060060233006745e-05,9.538237338531234e-05,0
3579.6739471594933,0.00015072955271504038,9.538732144181509e-05,0
3579.6943366805303,8.714841582241292e-05,9.549038897159407e-05,0
3579.714686699458,-0.000130615909947071,9.536458745786744e-05,0
3579.7351728790977,-0.00025792052736928536,9.482896146567431e-05,0
3579.755660156553,-1.5531130223768293e-05,9.538410037047945e-05,0
3579.776030692098,-6.336591048462248e-05,9.5376879986869e-05,0
3579.796401105606,3.216607687056913e-05,9.538687309935274e-05,0
3579.8167711742553,7.613331886389126e-05,9.538102351508489e-05,0
3579.8372573283,0.00030242903046603876,9.484568296053054e-05,0
3579.857743626562,0.00027845101735386285,9.538486540455289e-05,0
3579.8781743568347,-9.09937957574538e-05,9.59049644702029e-05,0
3579.898458422032,6.012188466250932e-05,9.591795154861337e-05,0
3579.918844085933,-5.965366346253688e-05,9.541843555097369e-05,0
3579.9393385902695,-4.854378453264208e-05,9.484534522939805e-05,0
3579.9598266714183,-0.00017312842683653892,9.535521742058639e-05,0
3579.980209041093,9.543056266659227e-05,9.593804943013719e-05,0
3580.0005676190754,-4.994260790082692e-05,9.537212437388406e-05,0
3580.0209395689826,3.2293731559115706e-06,9.536692197942631e-05,0
3580.041425364065,4.685779602643688e-05,9.483000203746335e-05,0
3580.061890862288,0.0001361206827783136,9.591863157661014e-05,0
3580.082281835457,0.00010806971931534223,9.53800096126685e-05,0
3580.102659618378,6.824689303483969e-05,9.542046529549093e-05,0
3580.12302268724,-4.5882824404328785e-05,9.535700341980177e-05,0
3580.1435097105814,0.00010358371156400694,9.482056278779632e-05,0
3580.163997312266,-0.0006213183140853221,9.532975356329627e-05,0
3580.18436544529,-0.001183602931429206,9.530318315909662e-05,0
3580.2047359836474,-0.0011377399292777704,9.529603994562849e-05,0
3580.2251055745014,-0.0013257225774512295,9.53079241388131e-05,0
3580.2455922962613,-0.001238463865385516,9.476344007160873e-05,0
3580.266075716031,-0.0010335419074227622,9.530916981185097e-05,0
3580.286447697998,-0.0004242924772056896,9.533090894523434e-05,0
3580.306819161215,-0.00010745836278706806,9.533166352606734e-05,0
3580.327189504364,-2.691682732084449e-05,9.53318654904333e-05,0
3580.3476647363095,1.411130875675469e-05,9.53458352140489e-05,0
3580.368163857969,0.00022821842949646417,9.53509902984158e-05,0
3580.3885340694615,7.918778510217519e-05,9.533525534176093e-05,0
3580.4089039088954,6.558415459083846e-05,9.533950139938919e-05,0
3580.4292727680154,-7.292532213460507e-05,9.533677922575561e-05,0
3580.449760016317,0.00022828905801363026,9.481467462736132e-05,0
3580.4702483171527,-0.0001485756230856695,9.534432009146274e-05,0
3580.490615833096,9.960889663675706e-05,9.534473691028166e-05,0
3580.5109871987693,-4.4831581302701875e-05,9.534098943861927e-05,0
3580.531356443891,-5.884196379598798e-07,9.534049699232606e-05,0
3580.551844555346,0.0001709038144541812,9.481347005607433e-05,0
3580.5723287777723,0.00012834964660254846,9.536263383796562e-05,0
3580.5927010380133,-0.0001989366699303597,9.533612354142718e-05,0
3580.6130724737877,0.00011527907594446665,9.535081652064869e-05,0
3580.6334412199462,5.7571653441534566e-05,9.534473304952976e-05,0
3580.6539281185355,-0.00013289721463457854,9.478655792251522e-05,0
3580.674417872229,5.7307107943847415e-05,9.536210489962398e-05,0
3580.694783413392,-5.645314698267693e-05,9.533576739449798e-05,0
3580.7151549588934,0.00012179667525084178,9.533108048248955e-05,0
3580.735528568152,1.1919755985430353e-05,9.534947676108626e-05,0
3580.756011708267,8.62661861705426e-05,9.481494028476313e-05,0
3580.7764981097134,0.0001449493424917261,9.533603727046544e-05,0
3580.796865500373,6.16818915041624e-06,9.535758703074203e-05,0
3580.81492423627,4.571559265243249e-06,0.00010845886441748746,0
3615.155452778053,-0.00019162111574846016,9.526441139679391e-05,0
3615.1759377598355,-3.187133940210133e-05,9.58002817649577e-05,0
3615.196309863967,0.00019728333747821259,9.580869404136796e-05,0
3615.2166778552823,-6.002580815565625e-05,9.577523296363379e-05,0
3615.2371640128363,-4.896801400413938e-05,9.522746617308089e-05,0
3615.2576911747906,9.840796925095517e-05,9.631541889536615e-05,0
3615.2780215613875,6.648679257569909e-06,9.57566705453613e-05,0
3615.298391795058,0.00014385000240552275,9.575266251794677e-05,0
3615.318759196223,1.512266555300693e-05,9.574247822340964e-05,0
3615.339248439843,-0.00015113128483722535,9.518370064483973e-05,0
3615.3597321869142,5.805989309335349e-05,9.572297155990249e-05,0
3615.3801033952936,-3.2722158368726684e-06,9.571096287021007e-05,0
3615.4004731275527,2.1103623825597032e-05,9.569823999760128e-05,0
3615.4208421572853,0.00013863714227071536,9.569539602509896e-05,0
3615.4414038694795,-5.506502224705438e-06,9.567000970397766e-05,0
3615.461816168741,0.00017875749481511532,9.566622628998896e-05,0
3615.482185390067,8.003260701212108e-05,9.565452371655243e-05,0
3615.5025556796204,6.382678516628782e-05,9.564774656045197e-05,0
3615.522925044757,-0.00011566833070105208,9.563586406608401e-05,0
3615.543493409197,-3.377079328672886e-05,9.563636510684174e-05,0
3615.5639429227176,-5.337933335016692e-05,9.673168645494754e-05,0
3615.584268137223,6.293553624640452e-05,9.561364977809467e-05,0
3615.604638140703,8.781480047044925e-05,9.560565610030592e-05,0
3615.625007834561,2.733300494325416e-05,9.55922527832906e-05,0
3615.645494325602,0.0002090159684234266,9.505236509921445e-05,0
3615.6659790999247,3.684518280478729e-05,9.55761054023531e-05,0
3615.6863522704925,-0.0003853216658337372,9.554707969376577e-05,0
3615.706721007629,-0.0010750953233763713,9.552016457335957e-05,0
3615.7270901651978,-0.0009716826341210719,9.553011578969385e-05,0
3615.747576264268,-0.0009721551254273,9.49979808140329e-05,0
3615.768060900416,-0.0011316148235204276,9.553059769759934e-05,0
3615.7885233049183,-0.0012140405283474257,9.608256014920369e-05,0
3615.8088003456364,-0.00012852286281542534,9.557841925124106e-05,0
3615.829172668467,3.401250459330755e-05,9.558166879870434e-05,0
3615.8497346633594,0.00012421156528751783,9.558520147501331e-05,0
3615.8701860850106,0.00014253743234073587,9.668535421905055e-05,0
3615.890513907307,-0.00011328909558712317,9.556479960234114e-05,0
3615.9107712402383,5.1058140563717504e-05,9.611855291209553e-05,0
3615.9313391298324,-5.8656532146405705e-05,9.839380488856632e-05,0
3615.9517416110402,8.939954551332517e-05,9.502306467165729e-05,0
3615.9724593117944,-5.552254109705146e-05,9.664998679091385e-05,0
3615.9925982892646,-9.803137257121694e-05,9.552786837991674e-05,0
3616.013039825098,0.00016983272078772307,9.663205119479463e-05,0
3616.033240934808,0.0001389862868683357,9.661743848794493e-05,0
3616.0538872590205,-6.544541479140349e-06,9.603896901139085e-05,0
3616.0744005563524,-7.528383257076937e-05,9.603307083254249e-05,0
3616.094694519431,-0.0001523519704451313,9.601811112044244e-05,0
3616.1151793880495,-2.558573026419815e-05,9.71378291104569e-05,0
3616.1353340215564,5.7320986102793144e-05,9.657434700661363e-05,0
3616.155905921319,0.0001874061661632222,9.546938308972439e-05,0
3616.1763916394552,0.00015804811369496036,9.547178275819067e-05,0
3616.1968504233373,-3.532268563400362e-05,9.711718908919521e-05,0
3616.2170269072476,0.00012734338314880983,9.768745245479608e-05,0
3616.237446536525,1.8061725285647335e-05,9.653101939780263e-05,0
3616.258099665577,-0.00014920511850059263,9.59596239940605e-05,0
3616.27846718819,-3.330166684372877e-05,9.824469705625423e-05,0
3616.298839313305,3.958657272724952e-05,9.65230261979317e-05,0
3616.3191476826332,-8.929819703335572e-05,9.650848785731225e-05,0
3616.3372900651257,0.0002461412924011489,0.00011017355626064175,0
3632.9170477377697,5.846593893796507e-05,9.45996173346785e-05,0
3632.9375340046663,1.8722985895774488e-05,9.513581381894313e-05,0
3632.9579061251925,1.241832675411414e-05,9.514242598405713e-05,0
3632.978274988555,0.00014942492492061573,9.513733146227751e-05,0
3632.998760237694,-7.3602905779234e-05,9.45898850164042e-05,0
3633.0192460032504,2.3252634229566164e-05,9.513665578682327e-05,0
3633.0396160508553,-7.322017274810597e-05,9.512550550881488e-05,0
3633.0599860901543,9.118465381858234e-05,9.513137538817558e-05,0
3633.0803565857145,1.547268137361041e-05,9.513292717276875e-05,0
3633.1008417949656,-2.468732084912201e-05,9.459279407235215e-05,0
3633.1213282794142,0.0001176885199734208,9.512543319193094e-05,0
3633.1416976954474,8.760101172019971e-06,9.5124010874754e-05,0
3633.1620683060705,1.3316303625930299e-05,9.512950450560163e-05,0
3633.182437971255,4.754028719425257e-06,9.512615232388846e-05,0
3633.202923466649,2.9596669547401327e-06,9.46013627685877e-05,0
3633.2234101933245,-3.8722290760106e-05,9.511851760520827e-05,0
3633.2437805022687,9.397692901088253e-05,9.512579515248905e-05,0
3633.2641512371333,0.00030186805625311757,9.513613434787437e-05,0
3633.284521444043,5.0167413709525645e-05,9.512663762163675e-05,0
3633.305069229638,-0.00011167688521419808,9.512254062398853e-05,0
3633.3254918015705,0.00014907300670461652,9.513528526350355e-05,0
3633.3458624116693,5.609644381658458e-05,9.512484455833844e-05,0
3633.366232603747,3.024686596298171e-05,9.512878590341223e-05,0
3633.38660277982,-5.2209458630932996e-05,9.512653169832012e-05,0
3633.4070887303214,-0.00010463959869824172,9.45861984708032e-05,0
3633.427574303999,4.7518377877526654e-05,9.512857871125761e-05,0
3633.44794745339,-0.00042414522156241697,9.51090652524681e-05,0
3633.4683152189577,-0.0010524104000458653,9.507377161357069e-05,0
3633.4886843840322,-0.001512753169327177,9.505607079053731e-05,0
3633.509169388664,-0.0014885682658578034,9.453150090704759e-05,0
3633.5297428773797,-0.001178066919701933,9.56160160416399e-05,0
3633.55002538704,-0.0011253600124895556,9.506994821343093e-05,0
3633.5703926192,-0.0002708477049968636,9.512360928571562e-05,0
3633.59076731749,4.4038681974356373e-07,9.51193329042102e-05,0
3633.6112587439275,0.0001543200730658789,9.47140233149381e-05,0
3633.6317390786744,5.529120816558564e-05,9.512402912426976e-05,0
3633.6521080850844,5.082604256999301e-05,9.512345019331866e-05,0
3633.672594512123,-5.670667242556035e-05,9.566354216444814e-05,0
3633.692849082712,8.667578285407763e-05,9.512055975595705e-05,0
3633.713334662085,2.162536802763209e-05,9.458072630580576e-05,0
3633.7338209317068,-0.00011743654574914911,9.511351149091966e-05,0
3633.754190091697,8.367793554129846e-06,9.511684259531114e-05,0
3633.7745608038313,-2.2201854707925403e-05,9.511853565572642e-05,0
3633.7949303354167,0.00031839794758653826,9.513539474521356e-05,0
3633.8154164265047,-2.260144029202864e-05,9.457838663222282e-05,0
3633.835903238955,-9.085251197268582e-05,9.511630614477697e-05,0
3633.856201922108,3.949551035005425e-05,9.567236194852743e-05,0
3633.876741209742,-2.431167639328197e-05,9.566539893384344e-05,0
3633.897013312294,-7.20368134511685e-05,9.512158226855425e-05,0
3633.917405955949,0.00010960302390856969,9.512084536854646e-05,0
3633.9379847909736,2.873422193444878e-05,9.512122583075797e-05,0
3633.9583543346034,8.794623225955694e-05,9.512033426835237e-05,0
3633.978724882729,7.411685278372689e-05,9.511969561019386e-05,0
3633.9990943914595,-3.2500684592568165e-05,9.511758401507965e-05,0
3634.019581888053,-6.156901516867215e-06,9.457920988915794e-05,0
3634.040065038548,0.00013062388013462616,9.51238788546868e-05,0
3634.0604360290176,-7.304904462427031e-05,9.511289560509358e-05,0
3634.080807412091,0.00010007538711856062,9.511895308377505e-05,0
3634.098861963229,5.9413670963586825e-06,0.00010820368711922928,0
3641.7940338768162,0.00021065786679923888,0.00012867732413467182,0
3641.8156325699597,-3.817787846023398e-05,0.00013808695692713513,0
3641.837609928584,6.875755348263472e-05,0.00013809584205998847,0
3641.8563318493243,0.00016906365615806205,0.00012628174559744124,0
3641.8763058369855,6.910390593822828e-05,0.00012513935967143835,0
3641.8973068629152,-0.0001486342610108905,0.00014278385487743968,0
3641.917388412185,-3.6410927994222474e-05,0.0001273336651876163,0
3641.93571790068,0.00022617365313842288,0.00013511472828339863,0
3641.9589410510116,0.00019063527517896185,0.00014270571251910654,0
3641.977955832302,-4.883156523389453e-05,0.0001160166262225643,0
3641.9995867328616,2.284427783169171e-05,0.00015378235668969475,0
3642.020167670981,-2.34802931109362e-05,0.00013099342493167842,0
3642.038998291915,-3.517358864657977e-05,0.00012180236107382607,0
3642.0596624647555,-6.3914535432859755e-06,0.0001394982077805379,0
3642.080983561486,7.109622282853562e-05,0.00013365732198624027,0
3642.1011728254134,6.95514582315387e-05,0.00013502482981902453,0
3642.122160468328,4.8727592170848133e-05,0.0001335175519145011,0
3642.141308524754,-0.00019783491611058591,0.00015142927076366734,0
3642.16093019904,0.00015981806387653359,0.00013763063230893202,0
3642.1807977830263,-3.150981020577706e-05,0.00012247175118167123,0
3642.203263806713,0.0001733251399802981,0.0001389986235454459,0
3642.2227608957273,-7.41688053106186e-05,0.00012241608150451438,0
3642.2435009969968,9.330482957338205e-05,0.0001331466629446555,0
3642.2640712518382,8.389697743222108e-06,0.00013743186230301914,0
3642.2851884979254,0.0005242447410673619,0.00012693051936762476,0
3642.3055407153156,0.0005878135711688037,0.00012810831156423176,0
3642.325294912687,0.00014388720813468544,0.00012689807405884,0
3642.344705398766,-0.0006981843811729707,0.00013311677357533857,0
3642.3672123629012,-0.0008870320988207702,0.00012793406060226614,0
3642.386226804873,-0.00114587482949452,0.00012116731637021708,0
3642.4070482950233,-0.0010192970693821974,0.00011909764334940172,0
3642.427076766485,-0.0008237126640053684,0.00011442237201724407,0
3642.448020629458,-0.0003299286900336527,0.00012891939116999932,0
3642.4671897090348,7.409277015123977e-05,0.00011898710497457775,0
3642.4880934770977,0.00028601624860910676,0.0001199961317276675,0
3642.508723345872,-4.940868964325898e-05,0.00011438191284544167,0
3642.528382418075,-0.00013986944037575408,0.00011897820701727362,0
3642.5504184555734,-0.00011747307824889099,0.00010952229495576809,0
3642.569761253077,-0.00013704131376286518,0.0001571131315148278,0
3642.59227626977,0.0002539950880216565,0.000140113368147545,0
3642.6118423019966,5.939760969537275e-05,0.00015933574964576778,0
3642.630679653881,0.00012730612225342975,0.00017255858470310143,0
3642.6508939134446,-5.357549777378733e-05,0.00014686740801670602,0
3642.670818400795,2.4157790914473562e-05,0.00015071876243615944,0
3642.6925433117462,5.841952094088225e-05,0.00013553053803442073,0
3642.7121323433253,-7.781024352584261e-05,0.00015938308969220763,0
3642.7332643644863,3.813670599860532e-05,0.00013856545136553831,0
3642.7493327459124,-0.00034883664129017455,0.00017881539681783142,0
3642.9767252215584,0.00036181797086218064,0.00011609646574766992,0
3659.5550003413136,1.7757715313303022e-05,9.602666884763952e-05,0
3659.5754855151386,-1.460830748270037e-05,9.656767255149231e-05,0
3659.595856234945,-0.00020570924160206154,9.656203575878408e-05,0
3659.616226005933,-0.00011571608630419398,9.65675430485036e-05,0
3659.6367111360737,0.00014340806149852067,9.603122089020161e-05,0
3659.657195621273,0.00023661349380038398,9.658737580224124e-05,0
3659.677567153935,0.00021863674479640556,9.658149029533783e-05,0
3659.6979386320622,6.65535959655438e-06,9.656868522393972e-05,0
3659.718307798319,0.0001343389812767129,9.657951668157107e-05,0
3659.7387923582246,-5.436845182971107e-05,9.602468711701671e-05,0
3659.7592791936586,0.0001544261558929393,9.657707136332086e-05,0
3659.779647964255,-0.00012021106447999932,9.656863860539433e-05,0
3659.8000190146627,0.00017615661223762544,9.657881867421175e-05,0
3659.8203885921157,6.168698008079132e-05,9.656752233702851e-05,0
3659.8408754065326,-1.6588895077026706e-05,9.602283296544214e-05,0
3659.8613596344144,-2.7783241113293148e-05,9.656049511680695e-05,0
3659.8817421853923,1.5735558370926133e-05,9.711600384849495e-05,0
3659.902099022821,0.00012315947989534275,9.656816881605722e-05,0
3659.92246946906,-3.248808827058076e-05,9.655820622918666e-05,0
3659.9429562446994,-1.3100392106581963e-05,9.601563693133571e-05,0
3659.963440770424,7.638946095674515e-05,9.656618103178273e-05,0
3659.983810920796,1.9540447560815915e-05,9.656546714242513e-05,0
3660.0041809756985,5.889616416439212e-05,9.656553467487808e-05,0
3660.0245518620754,2.726325357142034e-05,9.656301357105323e-05,0
3660.0450376327917,1.143125824523428e-05,9.60147416332583e-05,0
3660.0655225103046,2.808661149902293e-05,9.65627908355926e-05,0
3660.085894131535,-0.00046653422177991784,9.654477435353496e-05,0
3660.106263978661,-0.0011884339622923008,9.650910055019876e-05,0
3660.1266344317214,-0.0012699902730341352,9.651438126367157e-05,0
3660.1471183840995,-0.001200421805796256,9.59691335021704e-05,0
3660.1676044034416,-0.0010029680217767398,9.652589392702564e-05,0
3660.1879742196465,-0.0011361907784526554,9.651892570766223e-05,0
3660.208342496521,-0.00012465776621545325,9.657135461806185e-05,0
3660.228714195828,4.39802183468064e-05,9.657256702805912e-05,0
3660.2492003513426,-4.0353100449486936e-05,9.601865313649053e-05,0
3660.269685512292,0.00013562864192699406,9.656617137092305e-05,0
3660.290055900494,-2.0252294776991816e-05,9.656524032581708e-05,0
3660.3104258700596,3.363418853962554e-05,9.656737184742861e-05,0
3660.330901050353,-3.9530715597634374e-05,9.711060640168276e-05,0
3660.351281380415,-1.8884975359526968e-05,9.601412263892668e-05,0
3660.3717667030915,0.00019557216388339874,9.656809915168816e-05,0
3660.3921367842536,0.00021328532670450643,9.657233492080979e-05,0
3660.412506660053,-0.00020984350910322608,9.655550933806717e-05,0
3660.4328772360586,0.00016328000951038174,9.656797496475301e-05,0
3660.453363699392,-8.458235063882727e-05,9.601563485864335e-05,0
3660.47384851409,2.7490452077691216e-05,9.656517859825907e-05,0
3660.4942181263636,9.311685323066468e-05,9.657064894039553e-05,0
3660.5145886299306,4.743523261137163e-05,9.656568107547409e-05,0
3660.534959572496,3.772597320330856e-05,9.656939487445574e-05,0
3660.55544513555,4.719023741844207e-05,9.602280554101979e-05,0
3660.575930312319,-0.00024422377621367917,9.655422018232609e-05,0
3660.5963000168995,0.00013572190277461689,9.656766034118492e-05,0
3660.6166703621006,3.481874473500262e-05,9.656328198561021e-05,0
3660.6369783560385,1.4892352101970158e-05,9.711283220194049e-05,0
3660.6575265062893,-0.0001445575735449518,9.601449606724874e-05,0
3660.678011489579,0.00011375099141346433,9.656177454688293e-05,0
3660.6983820637465,8.282976491681358e-05,9.656013214328306e-05,0
3660.718751683478,0.00013800510115247915,9.655801805431575e-05,0
3660.73680736703,-4.4043399897035555e-05,0.00010983013831257188,0
1725.4639972816203,0.00020304548996302724,0.0001146548911414299,0
1725.4851963239578,9.510766599358581e-05,0.0001237816084735335,0
1725.5062607646928,2.511135831911199e-05,0.00011078089977234428,0
1725.5259382045585,6.491498184359075e-05,0.0001238204603041967,0
1725.5469346347793,0.00010641556287553175,0.00011464257051347288,0
1725.5676931723845,7.88980189689182e-05,0.00011899280634865189,0
1725.5875100307294,0.00016101041758239225,0.00011464108529408858,0
1725.6076497644149,0.00026437023740950367,0.00011075473288258894,0
1725.627986953256,-2.6681274763986836e-06,0.0001146372896331981,0
1725.6490684144628,-3.18102175439511e-05,0.00012932094379293632,0
1725.6687602517748,0.00015149925780278523,0.00011076992405076044,0
1725.6895988947067,0.00017509743371741968,0.0001107614669064958,0
1725.710001626795,-6.89680208255684e-05,0.00011893730478637492,0
1725.731155737917,-1.0908289100426107e-06,0.00011897030169236696,0
1725.7507112149322,-0.00011766485653746071,0.00011465372156364045,0
1725.771542109923,3.896313686134596e-05,0.00011075607765088687,0
1725.7916787052272,4.6890511769878815e-05,0.00011465381772851126,0
1725.8113242320867,-7.217260682429055e-05,0.0001146379644695807,0
1725.8327552623643,-8.260467466110668e-05,0.00011466097592198701,0
1725.8527925102992,-1.332889622128392e-05,0.00011464945179351163,0
1725.8729318018347,-0.00013564270000757353,0.00011074553229103238,0
1725.8930710393897,1.8498703706563403e-05,0.0001146411187978655,0
1725.9145009048634,-4.964788241139464e-05,0.00011466653430751402,0
1725.932514407546,-0.0002133971294296221,0.00013565259649369997,0
1725.9548772954079,-4.482494083205811e-05,0.00011078237918907198,0
1725.9757113232529,-0.000674568206444862,0.0001107605634820891,0
1725.9953691445885,-0.0008146649592834579,0.00011898774145208799,0
1726.015987266762,-0.0009520181013332141,0.00011077819563533823,0
1726.0368238311673,-0.0012642028320955173,0.00011080528813532706,0
1726.0569599365456,-0.0012820475664251103,0.00011469873356255661,0
1726.0768031426398,-0.0008657125176541677,0.00011473898853152111,0
1726.0979333615473,-0.0009620210316765621,0.0001108680130260922,0
1726.1187685869422,-0.0008565309282055947,0.00011088803437296349,0
1726.1389039736466,-0.0005169608833339734,0.00011480099506798641,0
1726.1588498337571,-0.0002719825318909154,0.00011483797329118982,0
1726.1802765213174,-0.00011962234459605005,0.00011483810953175189,0
1726.200018875175,4.739534095360422e-05,0.00011487787491826858,0
1726.2201559794341,5.16291493474691e-05,0.0001109785971814294,0
1726.240991744324,-8.686978292751066e-05,0.0001109962276177144,0
1726.2611314903424,-9.7454052268408e-05,0.00011493511077558232,0
1726.2812685642698,-1.3069905541083775e-05,0.0001110144449413058,0
1726.302099291308,0.0001109633922026311,0.00011105579665841155,0
1726.322295850155,0.00021587890391375417,0.0001193114403910234,0
1726.3430771501628,4.683395351003493e-06,0.00011498261315665046,0
1726.3638097958967,0.00012975447647687184,0.00011504343826435542,0
1726.3840483713611,-0.00012157971982537254,0.00011111504824987755,0
1726.4041877200546,-9.654074433726776e-05,0.00011505414036828926,0
1726.42412940274,2.4911304506085073e-05,0.00011507724345084878,0
1726.4451604674903,-0.00024073460718073594,0.00011117843322805529,0
1726.4652990577013,-2.54537863891326e-05,0.00011508948710743542,0
1726.4854375090597,-6.40829469851348e-05,0.00011120066463365201,0
1726.5062722037312,1.573177586032806e-05,0.00011121924770940134,0
1726.5271067981544,8.571189388896818e-06,0.00011124859374996627,0
1726.5472430354534,8.15432744903361e-05,0.00011518158038792956,0
1726.5673823353322,0.0001038030621714341,0.00011130645963276389,0
1726.5880196147393,6.124280292121601e-05,0.00011522937050735866,0
1726.6083558639514,9.127495169310191e-05,0.0001152731767067672,0
1726.6284956244265,8.01612921436069e-05,0.00011135524760897393,0
1726.6465524972405,5.718472824509949e-06,0.0001300408506691216,0
1754.0440034501898,-0.00012173756155795022,0.00011303838984751658,0
1754.0648366125563,-7.826753912364207e-05,0.00011304620017191068,0
1754.0856683824545,0.00010381515350110849,0.00011307716170415801,0
1754.1058079704396,0.0002912000099918996,0.00011702261596856311,0
1754.1259479182672,0.00012047982928669573,0.00011304690222823367,0
1754.1467797737403,0.00026441877557454126,0.00011307087775369307,0
1754.1669205389644,0.00016138755700531457,0.0001170206099038034,0
1754.187059057745,0.0001249843566244626,0.00011303082751339385,0
1754.2078937502852,7.972597425173744e-05,0.00011304139327253877,0
1754.2280318267974,-3.901272231742566e-05,0.00011700726314265372,0
1754.248167753537,0.00012213487720699558,0.0001130342052033681,0
1754.269004272723,8.927691239620166e-05,0.00011303346135593386,0
1754.2898370258204,-4.216284051218759e-05,0.00011302509924568724,0
1754.309976883359,0.00012316682290691646,0.00011701425008035984,0
1754.3301135230706,3.898654102242457e-06,0.00011306033778802641,0
1754.3509509907608,-1.3396709283350906e-05,0.00011304374229860988,0
1754.3710846462207,-0.00010410694397472147,0.00011699859028307904,0
1754.3912261186579,4.549303455106525e-05,0.00011305871432201917,0
1754.4120591240496,8.719187759089466e-06,0.00011302969548338377,0
1754.4321993080646,0.00013316525790424798,0.00011700363803404989,0
1754.4523372824394,-5.922102145704012e-05,0.00011306467800645695,0
1754.4731716986564,0.00020549507960782354,0.00011307308975334989,0
1754.4940039067658,-5.6207480453932985e-05,0.00011303185985704846,0
1754.514142661878,-0.00022244122639336438,0.00011703156390419605,0
1754.534280752379,-0.00031594374925703967,0.00011305340878560555,0
1754.5551122771294,-0.0008426289809928532,0.00011307226101870211,0
1754.5752532332656,-0.001055243927172534,0.00011701550988333337,0
1754.5953927321143,-0.0009854626817764616,0.00011306436371872819,0
1754.6162270775678,-0.001339061809390651,0.00011305137636537987,0
1754.6363642398464,-0.0011823044691550214,0.0001170457711136776,0
1754.656503572858,-0.0010735826304344187,0.00011308006305166375,0
1754.6773386345358,-0.0010390820069713022,0.00011310180828438872,0
1754.698170454042,-0.0011472853822766462,0.00011305653087878556,0
1754.7183085700062,-0.000693803576965838,0.00011705068955264975,0
1754.7384495488614,-1.5707990290092666e-05,0.00011312486291108064,0
1754.7592802514478,2.1194481825565473e-05,0.0001131125149326747,0
1754.77941918795,-4.476560562594032e-05,0.00011711283329884957,0
1754.7995586183254,-0.00016066147058050874,0.00011315427160152868,0
1754.8203936113582,-1.967858042562472e-05,0.0001132011037083056,0
1754.8405314295903,-0.0001366643446353091,0.0001172004960936598,0
1754.8606701513013,0.0001597868137055117,0.00011323209237596231,0
1754.881505879001,0.00022340656615438414,0.00011320670866146142,0
1754.9023384698737,7.031382131313635e-05,0.0001131704906003157,0
1754.922479996152,-4.622841196086767e-05,0.00011712661342225309,0
1754.9426154526218,-2.977175717451646e-05,0.00011314413085981796,0
1754.9634505863721,6.476027329791003e-05,0.00011314334500144134,0
1754.9835880310538,-3.834500394019782e-05,0.00011708591528258031,0
1755.0037263509435,-0.00011584104747898173,0.0001131243525877382,0
1755.0245560974477,1.718050774292132e-05,0.00011312970457000226,0
1755.044698279119,1.7884197624091933e-05,0.00011715887925996816,0
1755.0648383766234,-9.268944792314025e-05,0.00011319298717105124,0
1755.0856699665321,0.00018720177985880946,0.00011320156367352676,0
1755.1065056997656,0.0001278570724356045,0.00011322568089394064,0
1755.1266438095543,-8.269164720256163e-05,0.00011720394891389906,0
1755.1467836269624,6.775799738415009e-05,0.00011322220832115699,0
1755.167617819051,-1.1125632280530134e-05,0.00011319785556575964,0
1755.1877542613004,0.00012385581694966086,0.0001171492932010659,0
1755.2078964625687,0.0001834824193134548,0.00011316238346876397,0
1755.225948588086,-2.926451758818656e-05,0.00013213093088611477,0
1782.6217233436903,-0.00013903226023011839,0.00011476372583797661,0
1782.6425586582682,5.023611807002678e-05,0.00011472388432242332,0
1782.6633881772455,5.584136062740253e-05,0.00011472304276976046,0
1782.683526171725,1.608252841356471e-05,0.00011877039907297066,0
1782.7036666865254,0.00016203661036100762,0.00011474718856006688,0
1782.7245022636307,0.0003523895038838413,0.00011473634772649996,0
1782.7446381709697,0.00011326268167465707,0.00011878517939769044,0
1782.764775484636,-0.0001042082769663915,0.00011473121234830686,0
1782.7856109948273,-7.626945839398583e-06,0.00011477342694921857,0
1782.8066423262526,-0.00011161855621719642,0.00011880136356776894,0
1782.8265825104006,8.717989671537371e-05,0.00011875578385310032,0
1782.8474135520157,-8.12821954465155e-05,0.00011878916094261492,0
1782.8675536060164,-5.071360883353895e-05,0.00011476743591148256,0
1782.887692038277,-0.0002263702199780845,0.00011879801598310317,0
1782.907830920208,1.573022170569791e-05,0.00011477065953644186,0
1782.928664663625,-4.525855297479533e-05,0.00011477147413417612,0
1782.9488031485164,-0.00010399158226006394,0.00011881427403484952,0
1782.9689385706592,6.7418997498243075e-06,0.00011476016973955597,0
1782.9897766684321,-0.0001431819788596551,0.00011478584813299177,0
1783.0106090307725,-8.917348049871202e-05,0.00011478139792071988,0
1783.0305868561386,-0.0001387081439361634,0.00012329630063986853,0
1783.0508880046025,0.00021065341815259465,0.00011481718251985265,0
1783.0717180066356,-1.42185556994482e-05,0.00011479883240926959,0
1783.0918589605794,-3.89326122536324e-05,0.00011882416087659644,0
1783.1119986426756,0.00014302394384301995,0.00011479047645370315,0
1783.1328330311949,-0.0009233467185836659,0.00011475106058377578,0
1783.152970102234,-0.001037492883602143,0.00011882072064519761,0
1783.173107100381,-0.0010393880271431903,0.00011473770486126175,0
1783.1939437993842,-0.0010371360903539872,0.00011473618742751118,0
1783.2147733753686,-0.0010314564258110937,0.00011476694220107552,0
1783.2349114377319,-0.0008320295270037571,0.00011880027023626739,0
1783.2544585682072,-0.0008336760347688214,0.00011880227112146385,0
1783.2758862550318,-0.0011005515790120483,0.00011473887858960469,0
1783.296714664131,-0.0004178261481681238,0.0001233070899190183,0
1783.3161642163896,3.922560191029856e-05,0.00011480229903714368,0
1783.3369952672513,-0.0001297760452455573,0.00011477315388651006,0
1783.3571327422671,2.8971290905739826e-05,0.00011882787766950189,0
1783.377272326517,0.0001568347660712376,0.0001148205881461653,0
1783.3981076872756,-8.062547815253806e-06,0.00011480801983299488,0
1783.4189355776186,-6.481645193856178e-06,0.00011481212746155007,0
1783.4390760098827,-0.0001350386137677283,0.00011881626844010879,0
1783.4592150565866,0.0002228166373979978,0.00011482528573157964,0
1783.4800498354957,0.00016455086603570863,0.00011481057402208114,0
1783.5001880099553,-8.080464516121118e-05,0.00011880953146014004,0
1783.52032653722,0.00042151914675994624,0.00011482356655816708,0
1783.5411579874306,-8.398158837002818e-05,0.00011480323994991986,0
1783.5612992561785,9.031532434596329e-05,0.00011885725701300532,0
1783.5814387423138,0.00023561239462713276,0.00011485581603720158,0
1783.6022721576849,-1.2142564781085931e-05,0.00011480392934150457,0
1783.623102600078,7.490223032615539e-05,0.00011481500731617577,0
1783.643242028411,-0.00012217376854250532,0.00011882098798650701,0
1783.6633797463512,-6.725810823107526e-05,0.00011482385966768328,0
1783.6842151422356,-9.12777805369061e-05,0.00011483539945476414,0
1783.7043558650394,0.00011972119355926944,0.00011886511188725747,0
1783.724492462643,3.876041375044865e-05,0.0001148091772364342,0
1783.7453233279068,-8.128098430023762e-05,0.00011481333840724775,0
1783.7654635809333,6.329092116563243e-05,0.00011887214428870872,0
1783.7856017072195,4.738344782782638e-05,0.00011483869020827438,0
1783.803657216798,-0.0001019813201305394,0.00013411969273758516,0
1811.2102855035102,-5.0687683578148375e-05,0.0001495716344700607,0
1811.2311171457125,2.4030823721936332e-05,0.00014963801547974504,0
1811.2519493519117,-1.8038637324502583e-05,0.00014961426128189017,0
1811.2720932401892,-1.7116733514245434e-05,0.00015496203995415207,0
1811.2922326221892,0.00016841990397496243,0.0001496052475500061,0
1811.3130573126443,-0.00019319796013708294,0.0001495157129176847,0
1811.333199955676,8.936134174594564e-05,0.00015487486983688055,0
1811.3533357511228,0.00011808315572416928,0.00014967370157294033,0
1811.3741708973942,-3.668942242180172e-05,0.00014959599873749592,0
1811.3950018279108,6.367676785728213e-05,0.0001496843723358147,0
1811.4151430154134,9.069333533187035e-05,0.00015486387198400617,0
1811.4352758730972,0.0002628673781391731,0.00014964503541763208,0
1811.4561089944225,0.00013569941857637802,0.00014964936441034412,0
1811.476252163538,-9.82175412182226e-05,0.0001549212843097889,0
1811.4963893707406,-1.0628730126373488e-05,0.00014956107955901176,0
1811.5172229390882,0.0002853160314838438,0.0001497048155221841,0
1811.5373619990876,-8.624504660271611e-06,0.00015487137084479316,0
1811.5575008267758,-8.150286097018658e-05,0.00014974108261071731,0
1811.5783354725693,-2.230338819250311e-05,0.00014965561719474627,0
1811.5991599580657,8.629431815954343e-05,0.00014974290616055882,0
1811.6193116164675,1.351620798304628e-06,0.00015492771436382554,0
1811.6394378445243,-3.499309668917059e-06,0.00014969787621554447,0
1811.6602741438087,-0.0001504122119105344,0.00014964248823221842,0
1811.6804101214418,0.0001717331786493252,0.00015497146670909244,0
1811.7005520311893,-7.880311966219548e-06,0.0001496362497858902,0
1811.7213864733544,-0.0008495375644932295,0.00014966530144649984,0
1811.7415249610594,-0.0009032202416906941,0.00015494011155656575,0
1811.7616659658004,-0.0010259496163906002,0.000149632075777898,0
1811.7825041751387,-0.001300497769284595,0.00014967508574805196,0
1811.8033268780282,-0.0010048642549009277,0.00014958314417172922,0
1811.823467805886,-0.0012428669432600048,0.00015483037938808787,0
1811.8436083359777,-0.0007787917968755806,0.00014971387249722664,0
1811.8644445914924,-0.0008377415074553899,0.00014963649892592187,0
1811.8845782884862,-0.0004984897995864394,0.00015491537436231208,0
1811.9047206895457,-0.00039933205289690503,0.0001497021062748892,0
1811.9255424705275,-0.00016210940884634436,0.0001496267418904793,0
1811.9456888391849,7.141301539771227e-05,0.00015490471224757744,0
1811.9658342612988,3.109282417954728e-05,0.00014978156161684657,0
1811.9866631256027,-2.1656042228537948e-05,0.00014973023799834308,0
1812.0074942997903,8.402212322811414e-05,0.00014970597110579528,0
1812.0276311076916,0.00015563557518631256,0.00015505625862868424,0
1812.047764114957,4.8412039629850355e-05,0.00014985486938311033,0
1812.0686068859209,8.168922464007765e-05,0.0001497724824941332,0
1812.0887369435743,2.832644795826385e-05,0.0001550796949581351,0
1812.1088802544236,4.709885766699204e-05,0.00014982806098800912,0
1812.1297072558182,-0.0001928150041104684,0.00014970853625825373,0
1812.1498528332672,-3.596142474474553e-05,0.00015503726007552596,0
1812.169985152336,3.8125595665191365e-05,0.00014971845162843917,0
1812.190815898762,-7.377985857827247e-05,0.00014973993126576646,0
1812.211649175195,-0.0001173217527827722,0.0001498413404375069,0
1812.2317928623186,0.000127852731810039,0.00015507124435029472,0
1812.2519318006716,1.1741921126056672e-05,0.000149826817633436,0
1812.2727637303894,2.0652199132213816e-05,0.0001497790858198603,0
1812.2929077726685,-1.9987588306236453e-05,0.00015499029226138844,0
1812.3130436771733,-4.467066877959196e-06,0.00014975999849794122,0
1812.333872683096,0.00044018730599167794,0.00014976072531559714,0
1812.3540186350492,4.334583378720059e-06,0.00015515077924839165,0
1812.3741510557788,0.00010415342352056843,0.0001498455612270035,0
1812.392218072582,7.266846646516427e-05,0.00017492116166682397,0
1839.785017098798,-0.0003370942413122348,0.00014354979565081718,0
1839.806957531276,-0.00026054840446565437,0.00011719591173327077,0
1839.8275926874353,-0.00013131714407641664,0.00012134137975256199,0
1839.8479288656404,2.2842245800603486e-05,0.00012135269404712159,0
1839.8680693897513,0.00017193737664184528,0.00011724344731913149,0
1839.8873895864315,-0.0003228094153164971,0.00013689311003178874,0
1839.9101978825695,0.000131952684620977,0.00013108157523045782,0
1839.9291838177746,3.474619320342027e-05,0.00011725329897983999,0
1839.9500145108823,5.958457445965825e-05,0.00011727964618345643,0
1839.9708446944849,-3.985590558145977e-05,0.00011728003049015999,0
1839.9915710458538,-2.1565926269482178e-05,0.00012599143583591447,0
1840.0111210678374,-5.231947026456688e-05,0.00011731747079377174,0
1840.0319564433446,0.00012310353767126933,0.00011735908807430577,0
1840.0520958971942,-2.6565090766200326e-05,0.00012148954245488117,0
1840.0722308721492,-9.662670136214937e-05,0.00012149653541276576,0
1840.0930657805616,-0.00017542977982389776,0.00011739666341079226,0
1840.1132045302259,0.00011011054700712392,0.0001215246300315553,0
1840.133339677643,2.4115275399819003e-05,0.00011741735229837196,0
1840.1540766312658,-5.7191906310593456e-05,0.00012153779221501065,0
1840.1750079002331,-5.3128717315312356e-05,0.00011743510843737902,0
1840.1951453471477,-3.6771104393514806e-05,0.00012158683410053757,0
1840.2152839106866,1.436918106422982e-05,0.00011749718578175817,0
1840.2361170178488,0.00013404991335748287,0.0001175573383843293,0
1840.256256166218,0.000176496746947211,0.00012168926550151307,0
1840.2763936173012,1.5155941341575198e-05,0.00011757374098632957,0
1840.2972293058292,-0.0007288876799619263,0.00011757322495043196,0
1840.317364504076,-0.000900257114122337,0.00012169225564780364,0
1840.3375053718771,-0.0010347792030538602,0.00011761158364959962,0
1840.358337229644,-0.0010356990168034746,0.00011765172743245808,0
1840.379172588159,-0.0008372875419880152,0.00011770674744475563,0
1840.3993072549354,-0.0008546115866670678,0.00012185792873549767,0
1840.4194463135746,-0.0010040414441019568,0.00011773561166480372,0
1840.4396831524195,-0.0008697115248239455,0.00012192558523630043,0
1840.4604152980198,-0.0006396167029752232,0.00012195583944510848,0
1840.4808546255385,0.00014964749870338562,0.00012201947557059038,0
1840.5013885769426,-1.4536379314382939e-05,0.00011796073949864701,0
1840.5215249659075,0.0002733070561001246,0.00012217125560684208,0
1840.5416658281533,0.00038760790860506634,0.00011806543553060744,0
1840.562502668397,0.00020176783107022495,0.00011810631355999825,0
1840.5833330138305,1.4531817821457982e-05,0.00011816061620538355,0
1840.6034717284363,0.0002452169664616421,0.00012240945629808173,0
1840.6236089859528,0.0003052319494650512,0.00011832368928061259,0
1840.644440854717,0.00017756667423467814,0.00011840269833448525,0
1840.6645798102822,0.0003859465372597174,0.00012265219059121783,0
1840.68521383063,8.211350942442184e-05,0.00012270611578589572,0
1840.7055512987117,0.00019880195233676486,0.00011863704721508027,0
1840.7256873816054,-2.2188426820940155e-05,0.0001228742965646351,0
1840.7458272515735,4.317640641827065e-05,0.000118811921732553,0
1840.7666584614753,-4.2214104991787406e-05,0.00011893378355805162,0
1840.787492671665,-0.0004051204038447484,0.0001190188430735421,0
1840.8076320791004,-0.00015959916215389487,0.000123312270695673,0
1840.8277679497835,-0.00021456291935178294,0.00011925416406058709,0
1840.8486040322073,-0.00017238621618445802,0.00011935480544429794,0
1840.8687393755918,7.021282116206892e-05,0.00012362176780171156,0
1840.8888827347328,-0.00018007836380955184,0.0001194942837896389,0
1840.9090195425654,-0.0003302010343178146,0.0001237886760586306,0
1896.946044965647,-0.001119313217221354,0.00011264064961928553,0
1896.9673727376583,-0.0012766666091288236,0.00011655874738195831,0
1896.987710867018,-0.0014372349794356369,0.00011261759789500627,0
1897.0079659920964,-0.0009815488109211651,0.00012590459295956934,0
1897.0279875010337,-0.0008812496572883207,0.00011266948551341253,0
1897.0486239702902,-0.0010694459878243321,0.00011659161830636631,0
1897.068958508407,-0.0005346017027970383,0.00011660968802431006,0
1897.0891012233142,-0.0002610392770712907,0.00011268130034004388,0
1897.1099346561227,-4.279529439646518e-05,0.00011267204108769917,0
1897.1307648650318,5.442646705636588e-06,0.00011269689647887823,0
1897.1509045243047,-0.0002415733788309777,0.00011661738660735882,0
1897.171046227775,-0.0002882111824793652,0.00011267185729448401,0
1897.1918782451955,-9.715232929991954e-06,0.00011268502867905807,0
1897.21201601661,2.1768936793879237e-05,0.00011663375707787915,0
1897.23215246905,-0.00028369618067806274,0.00011266213652720843,0
1897.2529863321327,6.916377965958403e-05,0.00011269519149348115,0
1897.272750560271,-6.633838266069366e-05,0.0001210359328510695,0
1897.2932641148407,5.209717443859541e-05,0.00011267591563740413,0
1897.3140945016125,0.0001567184285345536,0.0001127005759812395,0
1897.3349287754554,0.000247154488066057,0.00011271038279120647,0
1897.3550667131315,0.00017019564368937542,0.00011665592795361252,0
1897.3752043143218,-9.28839600728969e-05,0.00011269113626959668,0
1897.3960405648309,0.00010385924477520187,0.00011270520813158183,0
1897.4161786530797,0.0001824938867345392,0.00011663458651053435,0
1897.4363172867727,-0.00018866051870357862,0.00011268037004514624,0
1897.4571500697032,-0.0006574179678150376,0.00011266079777421699,0
1897.477287087041,-0.0008845723237796977,0.00011660185673489762,0
1897.4974260052509,-0.0009806181301232288,0.00011264220549864251,0
1897.5182613451302,-0.0009301591616505072,0.00011266018428813907,0
1897.5390954707125,-0.0010141898395109406,0.00011264790780544237,0
1897.5592283078586,-0.001099356489204568,0.00011660826619516338,0
1897.5793701027505,-0.0010402499120764164,0.00011264242189746454,0
1897.6002041251647,-0.0009580744222702045,0.00011264318757322613,0
1897.620339293838,-0.000572667486931302,0.00011660940595927387,0
1897.6404813999393,-2.32161641011334e-05,0.00011267434819821128,0
1897.661312147079,-0.00019297726876054035,0.00011267344734207172,0
1897.6814495186072,0.00019083038925495337,0.00011666235833076168,0
1897.7015902988603,-3.1414254850083495e-05,0.00011267137230481841,0
1897.7224221306592,0.0002730335114023214,0.00011269573610511339,0
1897.7432548000363,-8.583585439995459e-05,0.00011269137132384203,0
1897.763394964717,1.5409066866855238e-05,0.00011666193667154842,0
1897.776589277853,0.00013313091790527473,0.00019519567714609959,0
1925.526239629555,5.3569772349066675e-05,0.00011271424454621153,0
1925.5470706397598,-3.846585150764572e-05,0.0001126905650505646,0
1925.5679050872313,3.5046109603493514e-05,0.0001126833568803913,0
1925.5880448258513,-0.00011658169549598998,0.00011662778401339631,0
1925.608182572358,-0.00010929786583460474,0.00011270036468786854,0
1925.6290183965832,-8.355701080377443e-05,0.00011267623858557137,0
1925.6491556947835,0.00026047536632254264,0.0001166612122708104,0
1925.6692945042018,1.6930226014788166e-05,0.0001126807864429858,0
1925.6901296301364,2.363294708565916e-05,0.00011268842984013795,0
1925.710960321693,-2.4710629300749334e-05,0.00011267775547288043,0
1925.7310962748668,4.8056359284806586e-05,0.00011666599049029578,0
1925.7512389747076,-0.00013853931793037985,0.00011267724533924655,0
1925.7720709571618,-2.831605531244526e-06,0.00011269321313323678,0
1925.7922106766334,7.077950336243917e-05,0.00011666160139813495,0
1925.8123499972216,0.00017241856175714563,0.00011269798618723038,0
1925.8331839160408,0.00011834806425570564,0.00011270186834106793,0
1925.8533232658842,6.397802981916411e-05,0.00011664832554544569,0
1925.8734616502654,4.919571354282157e-05,0.00011269563187682132,0
1925.8942938906443,0.0001402943294970052,0.00011269291370717669,0
1925.915124736863,5.27467954491028e-05,0.00011267656096119468,0
1925.9352638717485,2.0819459438398064e-05,0.00011663459000137768,0
1925.955401766383,0.00010638087268588884,0.0001126868361523191,0
1925.9762371049073,-9.486526071697257e-05,0.00011268063515387566,0
1925.9963755242727,-9.426823457631359e-05,0.00011661364863196655,0
1926.016513337703,0.00010687161547137832,0.00011269009649955152,0
1926.0373469423369,-0.000763736439457538,0.00011264463700474393,0
1926.0574864896028,-0.001032042786667607,0.00011658514336747705,0
1926.0776244988067,-0.0012102044016854211,0.00011262100369544597,0
1926.098458349437,-0.0009300432045732959,0.0001126491742981569,0
1926.119292384506,-0.0011221875821935889,0.0001126109358754676,0
1926.1394310392466,-0.0008637817248916775,0.00011657623260371163,0
1926.1595713994138,-0.0009733157588086533,0.00011261822514688564,0
1926.180401150462,-0.0009515310579636512,0.00011265287684831885,0
1926.2005418167528,-0.0006993162919686661,0.00011657739927345674,0
1926.220677853288,-1.3958891649450952e-05,0.00011268074293766656,0
1926.241513443418,3.7182975630111324e-05,0.00011267271798867979,0
1926.261653452076,0.0001566536461500441,0.00011663710454695635,0
1926.2817882512882,4.184094844182537e-05,0.0001126921477107877,0
1926.3026250406263,-7.829322580675416e-05,0.00011267004604133687,0
1926.3234551054425,-9.080123893780044e-05,0.0001126524430536954,0
1926.3435969204081,9.920312837962588e-05,0.00011664011752603125,0
1926.363732302033,5.425838315917668e-05,0.00011265904922767682,0
1926.3845658235723,0.00011965427012298339,0.0001126512910390725,0
1926.4047017562739,0.00019059130759566375,0.00011663933100663579,0
1926.4248448728797,-5.64548489666689e-05,0.0001126757822173506,0
1926.445680378475,-0.00016883213736824197,0.00011271137507822045,0
1926.4658192671504,5.3588906236208806e-05,0.00011664877109360848,0
1926.483872174663,0.00014556427320880716,0.0001260018418939122,0
2439.954647602825,3.120023675048495e-05,0.00010700463208234508,0
2439.975134262534,8.551158371032296e-05,0.00010736828690627014,0
2439.9955040221275,3.956053475429816e-05,0.00010715690811563572,0
2440.0158703043485,-0.00016414313890357197,0.00010703487365869762,0
2440.036238201079,-1.9383082845008483e-05,0.00010704316841272297,0
2440.056707086308,-0.0001727089442413896,0.00010713130185587984,0
2440.077211336222,0.00018256990204213147,0.0001072776122823594,0
2440.097577829806,5.9303059083509215e-05,0.00010740405257135348,0
2440.1174874454864,0.0001538997357187841,0.00011009699155835063,0
2440.142723393187,0.0001763572448135292,0.00014288007260229306,0
2440.158809518042,-0.00024351184729816934,0.00010711646421352515,0
2440.179299549987,-0.0002317131255674774,0.00010769828323060033,0
2440.199672619137,-0.00018438084374582608,0.00010757458748707452,0
2440.220040797308,7.202913185528682e-05,0.00010739105644897256,0
2440.2404213528657,2.9121567134686562e-05,0.00010708161289521071,0
2440.260906919528,6.668672421880571e-05,0.00010613447017105553,0
2440.2813933499087,8.047471812749748e-05,0.00010635458685202134,0
2440.3017625068123,0.00012000921165752951,0.0001060134520675934,0
2440.322132253956,-0.0003194022352701128,0.00010574520383384731,0
2440.342500446976,-4.086246223833075e-06,0.00010553436545906714,0
2440.3629849913495,5.629276264334168e-05,0.00010479972610603969,0
2440.383469477343,0.0001261113009407124,0.000105300033526316,0
2440.4038390151723,0.00010307767946353653,0.00010525130062551659,0
2440.42420654151,0.0002384950051790329,0.00010528764477888855,0
2440.444574933278,6.882311656243272e-05,0.00010539757940440916,0
2440.465059796243,-0.0008270364622387288,0.00010496347761753927,0
2440.485542218219,-0.0011194465787223926,0.00010581870286526405,0
2440.5059128500043,-0.000856356991558662,0.00010615519168124666,0
2440.52627939683,-0.001314158141091662,0.00010655436483434105,0
2440.546648399587,-0.0012690720216859829,0.00010704332175222908,0
2440.5671378769002,-0.0013546156515797515,0.00010682313151772603,0
2440.5876430496132,-0.0008868641048648048,0.00010786943069101117,0
2440.6079981023386,-0.0009514007293112454,0.00010813890039520067,0
2440.6283725832295,-0.0007110512921260105,0.00010842736438720956,0
2440.648747508968,3.1895772147784045e-05,0.00010865920177766091,0
2440.669236289989,0.00017722002931933034,0.00010816532051752034,0
2440.6897211706064,4.18887508756357e-05,0.0001088121460158122,0
2440.7100926303606,5.364879612267133e-05,0.00010885410515039733,0
2440.7304627709054,0.00019463863269447568,0.00010888551401042834,0
2440.750834263978,-8.21490318363559e-05,0.00010889596681177687,0
2440.771320093617,-4.162835519353296e-06,0.0001083115837286573,0
2440.79180732178,3.759563024355627e-05,0.00010891563118456438,0
2440.8121778555383,1.608289372990014e-05,0.00010892706091453273,0
2440.8325499250877,2.2692349485283167e-05,0.00010887707677548108,0
2440.8529213577503,9.083103721259826e-05,0.00010884767759128238,0
2440.8734092670447,0.00014012507864488916,0.00010818149148276437,0
2440.8938975351675,8.692142571687696e-05,0.00010869870516469737,0
2440.914268171629,0.0001705878539024841,0.00010856430441273519,0
2440.9346396111946,-9.471637609634403e-05,0.00010840115603813435,0
2440.955013301514,7.34911457052149e-05,0.00010816075540302774,0
2440.975498008518,5.262915381482206e-05,0.00010733706768311361,0
2440.9959834565843,0.00012101038382508101,0.00010773293206682352,0
2441.0163512785634,3.724655625723237e-05,0.00010757216626966589,0
2441.036720272972,-5.731570909236381e-05,0.00010754147406023793,0
2441.0570875962894,-3.761573185926301e-05,0.00010758316538311432,0
2441.0775724494956,-1.1494283975284553e-06,0.00010707402179729011,0
2441.09805934406,5.5658569622974604e-05,0.00010780100102472404,0
2441.118430300777,-3.4029185465792e-05,0.00010790286462121487,0
2441.136540246407,0.00013425382385547698,0.00012376002505658736,0
2640.317167693154,0.00033422398697026856,9.958617634356667e-05,0
2640.3376551309057,0.00014114336809320613,9.992626210379286e-05,0
2640.3580258984243,4.820713742629887e-05,9.966983843075195e-05,0
2640.37839678369,2.8746766743276264e-05,9.940343546894314e-05,0
2640.3988804911264,-2.4304035210423224e-05,9.859862962029124e-05,0
2640.41936643051,0.00011248339779795332,9.895789492128471e-05,0
2640.4397355453716,0.00010061264509196611,9.87886097065183e-05,0
2640.4601031499965,-0.00021434976178597994,9.865758953992877e-05,0
2640.4804695754233,-0.00012360203680034733,9.860968537473257e-05,0
2640.500955963777,-7.024409109689595e-05,9.803125268869971e-05,0
2640.5214433383903,-0.0005023038524784438,9.85754448507263e-05,0
2640.541809846596,-0.0010921768152590237,9.857516608354791e-05,0
2640.5621785349167,-0.0010334924976594282,9.862719336498178e-05,0
2640.582547772144,-0.0012029689244842075,9.869261383806475e-05,0
2640.6030322422735,-0.0012427584528379035,9.824537710565668e-05,0
2640.6235207582145,-0.0007864511593801711,9.890345180380334e-05,0
2640.643890595937,-0.0009588915772590023,9.895212087390467e-05,0
2640.664260645328,-0.0008922652583996213,9.90041320831613e-05,0
2640.6846330231474,-0.0005496546427900503,9.900141947302414e-05,0
2640.7051197706814,0.00012969955100633135,9.844725194061438e-05,0
2640.725605436722,0.000268095118037709,9.899431026798658e-05,0
2640.745976140605,0.00020316870672792956,9.896897505251227e-05,0
2640.7663472330855,-0.00019176791984491304,9.892612234534315e-05,0
2640.7867167694167,0.0002319850964688584,9.890043669909474e-05,0
2640.807202691879,0.00020409145560123005,9.827982026350992e-05,0
2640.8276885344476,9.904770244080287e-05,9.876929865774958e-05,0
2640.848061577215,0.00020997280496653183,9.868810980228326e-05,0
2640.8684292403987,9.549846810530273e-05,9.859562948376978e-05,0
2640.8886388411383,0.00011065093559085148,9.964473899414983e-05,0
2640.9092844880847,-2.4695686291623e-05,9.787591488220092e-05,0
2640.9297702526924,-0.0001366837166400992,9.83829990264942e-05,0
2640.9501386756124,-8.086518474808652e-05,9.837907627168005e-05,0
2640.970508403377,0.00014981107432815034,9.838766307901448e-05,0
2640.9908798959113,8.300755964339597e-05,9.837967009176231e-05,0
2641.0114802019975,3.64969900632002e-05,9.83973677564877e-05,0
2641.0317594961134,0.00014114310443804037,9.901569994119913e-05,0
2641.0522222987634,-8.959866212017414e-06,9.834239281500095e-05,0
2641.072592671438,9.344156181407032e-05,9.828113061027656e-05,0
2641.092965401934,6.31993804136689e-05,9.820194174361452e-05,0
2641.1134227678876,0.0001604025826566592,9.809231313527404e-05,0
2641.13393598244,5.766835110743943e-05,9.797220282351966e-05,0
2641.154251308427,-5.3637855542000114e-05,9.843012512486894e-05,0
2641.1746737233334,-1.3360813568341416e-05,9.780689312866578e-05,0
2641.195044825729,-0.00013837195691088257,9.77621926107735e-05,0
2641.206038324538,-6.111852078423698e-05,0.0003466485207625686,0
2697.182253062092,6.237008279714002e-05,0.00010206105946785798,0
2697.202739814501,4.098004417287199e-05,0.00010255099917011867,0
2697.2231093817068,-5.0009742906260816e-05,0.00010248593777298399,0
2697.2434803600318,0.00024263827374080408,0.00010241678815648606,0
2697.26384976088,-8.085351291342606e-06,0.00010235740227830033,0
2697.2843378988423,-4.82940935628409e-05,0.00010168426707551517,0
2697.304941674422,3.0167631822153378e-05,0.00010272130409362353,0
2697.32519899283,5.962626914108505e-06,0.00010198096675659383,0
2697.345569430193,0.00012380974521514437,0.00010178338313179117,0
2697.365940064229,-5.185948791887122e-05,0.00010159541168415038,0
2697.3864409940393,8.992312492346587e-05,0.00010138830666459499,0
2697.40678057601,3.8455576556885714e-05,0.00010239431844531178,0
2697.427279650833,2.2369644454660724e-05,0.00010109360843437127,0
2697.447650381735,8.334014681535e-05,0.00010100301797424973,0
2697.4680192364517,0.00020710211734410817,0.00010096084752520026,0
2697.488502589576,-1.3497552988094704e-05,0.00010034741359096103,0
2697.508987272498,7.846370583599876e-05,0.00010093940183225968,0
2697.529358592102,-0.00021721169107373733,0.0001009559333303437,0
2697.549762262424,0.0001483257922649015,0.00010160887510284064,0
2697.570098075257,9.548047339087629e-05,0.00010110025706809781,0
2697.5905830604916,0.00016911322808047397,0.00010062282124877974,0
2697.6110694576596,-7.330106057727453e-05,0.00010129288721201363,0
2697.6314479363336,-6.406604670357472e-05,0.00010198837758091998,0
2697.6518120912897,8.333633072517393e-05,0.00010149564829639736,0
2697.6721838319295,-7.42296079839371e-05,0.00010155414519628449,0
2697.692672120178,-0.0007620998372799266,0.00010095401686668209,0
2697.7131594193106,-0.000913716326812933,0.00010148510742527184,0
2697.7335306148393,-0.001129963253547838,0.00010139950529708179,0
2697.7538998303685,-0.0010139361234538103,0.00010133960875134936,0
2697.7742732208817,-0.00106611337266092,0.00010123816558305308,0
2697.7947575287503,-0.0011684158481621602,0.00010060237928406943,0
2697.815242407522,-0.0008985930161584674,0.00010112097049113801,0
2697.8356133661728,-0.000691431974119414,0.00010106655359953896,0
2697.8559806606136,-0.0006365516853329198,0.00010107227134503274,0
2697.8763511651814,0.00013868650926486415,0.00010111537118081031,0
2697.8968386091287,-2.649014326505198e-05,0.00010052659423178425,0
2697.9173290964745,4.822765416491931e-06,0.00010108596170955334,0
2697.937695024108,6.780420278284964e-05,0.00010107443711695816,0
2697.957951071023,0.00010102409559208657,0.00010162714629769018,0
2697.9784049131813,7.017201091553384e-05,0.00010161528448512905,0
2697.998925041155,3.6572625343504276e-05,0.00010042886951923614,0
2698.019411465026,7.534457858754782e-05,0.00010095536206847673,0
2698.039869442539,2.2010041486109986e-05,0.0001015193226966153,0
2698.0601546324324,-1.117256148507893e-05,0.00010084206150211019,0
2698.080524107431,-4.5690084620938845e-06,0.0001007431426040365,0
2698.1010104485276,1.253708515667774e-05,0.00010009023047014976,0
2698.1214962349495,3.1049899502826465e-05,0.00010058682696049967,0
2698.141867243187,1.2048261456144602e-05,0.00010051558970601794,0
2698.1622372553397,0.0001366527678840316,0.00010046417123031413,0
2698.1826082193916,0.00011784989170962127,0.00010040429864972664,0
2698.2030927824912,-0.00026123836909215697,9.978517514603794e-05,0
2698.2235792217393,0.00020277328221841802,0.00010033358330491749,0
2698.243944170521,2.1014826990590804e-05,0.0001008642323568855,0
2698.2643195015585,0.00013182459547329803,0.00010026074044755633,0
2698.284694645126,2.9653039456233123e-05,0.00010023076101769252,0
2698.3051786666665,-0.00017621202285671335,9.956148775068739e-05,0
2698.3256190071243,-8.452880581932196e-05,0.00010061683969054668,0
2698.3460360936365,0.00019065795659364834,9.994820124056523e-05,0
2698.364091202605,-8.264125677180838e-06,0.00011360288603381938,0
2725.7635902702204,5.655864313808364e-06,9.721825694486593e-05,0
2725.7840759606374,0.00011386268007051752,9.781813733333785e-05,0
2725.804446397117,0.00017744941250449547,9.774626556584538e-05,0
2725.824818712037,0.00014488469142093924,9.77269738902417e-05,0
2725.845189909649,3.610499853640003e-05,9.774513101079909e-05,0
2725.865676116898,2.6897393475925495e-06,9.714955367370056e-05,0
2725.886160860945,-0.00015881381225536957,9.770002554470565e-05,0
2725.9065267162077,-3.2812606047501367e-06,9.827505970540793e-05,0
2725.9267959040167,0.00016166201260320225,9.82678520360994e-05,0
2725.9472734721044,-7.333647142321372e-05,9.768631031472227e-05,0
2725.967756330946,2.1302231241853865e-05,9.71617944500884e-05,0
2725.988246937538,8.573162478883603e-05,9.767301164487235e-05,0
2726.0086181974416,0.00022266445891361725,9.767745139842072e-05,0
2726.028990433437,0.0001716237173610988,9.766655011256405e-05,0
2726.0493610964836,8.918252498578568e-05,9.76513168755044e-05,0
2726.0698469476583,-0.00013093716860626968,9.705821912511384e-05,0
2726.090444482593,-9.47820400185536e-05,9.815140093162596e-05,0
2726.110687575,5.576434227445645e-05,9.769333705700844e-05,0
2726.13107272062,5.671834860277485e-05,9.758019571466229e-05,0
2726.1514423575304,7.072049551471696e-05,9.759088732509143e-05,0
2726.1719303843306,-0.00013456811389862434,9.700879579093048e-05,0
2726.1923176862542,0.00020472850501630324,9.814455035501123e-05,0
2726.2127880268536,4.4213803379120314e-05,9.756408762366337e-05,0
2726.233154055349,-1.9689617530716283e-06,9.757851952560273e-05,0
2726.253530032841,-0.00010210817912202738,9.754337530964373e-05,0
2726.2740184438435,-0.0008746178279621982,9.696827839803359e-05,0
2726.2945029774305,-0.0010963681262034703,9.748489271207786e-05,0
2726.314874695652,-0.0010855606008596072,9.746162387842695e-05,0
2726.3352428118333,-0.0009461160064508426,9.744109110931735e-05,0
2726.3555845104283,-0.0011124734165111861,9.795980273918646e-05,0
2726.376102115704,-0.0011852679960619632,9.682818245829687e-05,0
2726.3965033409154,-0.0011785858731104461,9.792213691594142e-05,0
2726.4169543168473,-0.0009336402010193507,9.736818578520335e-05,0
2726.4373316167,-0.0007421292502673838,9.736946692226197e-05,0
2726.4576706219545,-0.00012923102246136761,9.793091813522892e-05,0
2726.478200166372,-0.00015736714053045714,9.69176968325526e-05,0
2726.498670109649,2.2314978161954938e-05,9.736918554881085e-05,0
2726.5190425598603,5.853024164331451e-05,9.738325424108123e-05,0
2726.539412304275,5.0652436617239124e-05,9.741469622259435e-05,0
2726.5597843031787,9.47818327514784e-05,9.741673317927444e-05,0
2726.5801792250295,0.00019379615040534604,9.743451573253349e-05,0
2726.600755597268,-6.166350909720575e-05,9.746260211573964e-05,0
2726.621126803172,0.00011434320644958209,9.748815321089028e-05,0
2726.6414960754055,-0.00010074432186630578,9.750439629464443e-05,0
2726.6619301463397,0.00015766576513642102,9.810473658386116e-05,0
2726.6823534153573,-1.8193628846603378e-05,9.700187904880189e-05,0
2726.702840581786,0.0001534975636448027,9.75692830935416e-05,0
2726.723331705293,7.313760763311143e-06,9.816260756859136e-05,0
2726.7435827471513,-7.787731424802874e-05,9.755820436291165e-05,0
2726.763954336592,2.350985282901734e-05,9.752592271842985e-05,0
2726.7845476938037,0.0001213371946611616,9.751819913646895e-05,0
2726.804929084144,1.1249076738668597e-05,9.749884900694875e-05,0
2726.8252990799347,2.2659490121625835e-05,9.74843057748873e-05,0
2726.8456687459948,-1.8688323307622937e-05,9.749900464689197e-05,0
2726.8660361845864,0.00013287949959524552,9.807548573975415e-05,0
2726.8865241245826,-5.937770466164934e-05,9.693014883516996e-05,0
2726.9070109525087,9.482515055153112e-05,9.747946199638563e-05,0
2726.9273824517454,8.338835661185814e-07,9.74832221487878e-05,0
2726.9454400703708,-0.00010030840138674963,0.00011088287951545102,0
2811.5071207249644,-1.7244790953667023e-05,9.633268584199824e-05,0
2811.527608066678,-2.913129747952225e-05,9.686913567919682e-05,0
2811.5479781962667,0.00011984161647203362,9.687225896704337e-05,0
2811.5683486129233,-5.232316110180843e-05,9.687755148857806e-05,0
2811.5886884855645,0.00024938193401196935,9.857160929440512e-05,0
2811.6092064698173,0.00016038353154257528,9.634309187725309e-05,0
2811.6296904584137,-0.00016056019889191836,9.68734871387133e-05,0
2811.650061439926,3.078607070393702e-06,9.687869204097254e-05,0
2811.670432927031,1.0627492456169481e-05,9.687773129145113e-05,0
2811.690804464936,-4.387652708123729e-05,9.687361934661053e-05,0
2811.71137988404,0.00012651769419265432,9.688408825840571e-05,0
2811.7317762567,0.0001937245710668236,9.691883215393826e-05,0
2811.752146695019,-8.487450942293268e-05,9.688464942781714e-05,0
2811.7725165532056,9.251662253289158e-05,9.688243708494368e-05,0
2811.7929723004445,-9.730085520831123e-05,9.74299749684323e-05,0
2811.8133741216866,-1.0762202598892716e-05,9.633575720098081e-05,0
2811.8338613927604,-1.777674932992178e-05,9.687989044421191e-05,0
2811.8542330817636,-5.68598716120924e-05,9.688181515571235e-05,0
2811.874599020656,0.00022333652088869004,9.692720352176887e-05,0
2811.8949727225454,-7.796453346320205e-05,9.68699428786305e-05,0
2811.9154585998035,0.00024141050214798027,9.634369869930633e-05,0
2811.9359451976084,1.1312870553944714e-05,9.688017514623671e-05,0
2811.9563168530008,-5.524522157023724e-05,9.686979817937905e-05,0
2811.9766874586353,1.5185763458954382e-05,9.686975442645887e-05,0
2811.997058625564,-0.00014572732567561878,9.686985064154062e-05,0
2812.017544859796,-0.0007522806766085183,9.630371219714986e-05,0
2812.038031494147,-0.0010404845381808338,9.682666404275604e-05,0
2812.058402103388,-0.0008979553465260102,9.683580289564299e-05,0
2812.0787717559497,-0.0009901067412111325,9.68404897199316e-05,0
2812.099143565835,-0.001066065604080179,9.685679825362877e-05,0
2812.1196296510534,-0.0012412318886188259,9.628587407197902e-05,0
2812.1401155309914,-0.0010545642862980233,9.683137630933762e-05,0
2812.160484812267,-0.0006866743680271772,9.684214428471718e-05,0
2812.1808551623503,-0.000598244760864206,9.685623454079958e-05,0
2812.2012262835997,0.00010451811757683988,9.688317133655914e-05,0
2812.22171202834,-5.764840327746607e-05,9.632308406656939e-05,0
2812.242200762954,0.00010573013286428913,9.68943686006088e-05,0
2812.2625714917854,-0.00010230190127219691,9.687892686562863e-05,0
2812.282941006471,-7.820435243777186e-05,9.686540063909436e-05,0
2812.303231046832,9.450806635947716e-05,9.74332540662978e-05,0
2812.323857667046,0.0001191305965901901,9.6879123653457e-05,0
2812.3442853337897,0.00019991505993585424,9.687853168805992e-05,0
2812.3646553813464,-9.218365665453722e-06,9.68757393268893e-05,0
2812.385049534008,9.542788136805455e-05,9.743023366011489e-05,0
2812.405396172415,0.00018209390592681908,9.688299629645004e-05,0
2812.425882727256,-0.0001004636842777044,9.63153469473018e-05,0
2812.446369008859,2.1214047106310108e-05,9.686595086969631e-05,0
2812.4667402165346,-2.6769439403054666e-05,9.686644179775218e-05,0
2812.487109852042,-2.5778816057342226e-06,9.687955330920388e-05,0
2812.5075675592734,-2.128452420607497e-05,9.742873302364352e-05,0
2812.5279672315264,-3.561240680506036e-06,9.632169348840837e-05,0
2812.5483891576096,-6.21672981627562e-05,9.742457077222573e-05,0
2812.5688237935797,0.00016030875019166135,9.687642656902611e-05,0
2812.5891956510136,7.363474082415204e-05,9.686885348507238e-05,0
2812.6096634207256,3.2473215173627755e-05,9.741996745069819e-05,0
2812.6300532960527,2.9727186793339248e-05,9.632494686349722e-05,0
2812.6505397235237,9.644633788353868e-05,9.68751649454608e-05,0
2812.670909116436,3.9503514671804765e-05,9.687364565692582e-05,0
2812.6889670861133,4.3492706877061764e-05,0.00011020252913734555,0
2840.083604646038,-1.5394834137798467e-05,9.452287533917564e-05,0
2840.1040900962334,0.00023017112158340257,9.506889853066806e-05,0
2840.1244600501286,8.919153714338174e-05,9.505811591466579e-05,0
2840.144830035351,-4.253829001415691e-05,9.507195474703876e-05,0
2840.1652010479834,-1.6910105781357207e-05,9.50496044129723e-05,0
2840.1856294629897,-0.00016140547088218407,9.505631785371128e-05,0
2840.206172721437,6.804134116451383e-05,9.506233405605528e-05,0
2840.22654490847,-3.858072794237983e-05,9.504841774171958e-05,0
2840.2469145803475,2.549667983879494e-05,9.505702961976566e-05,0
2840.2672843562577,0.0001653063479351912,9.506147837468775e-05,0
2840.287821238756,0.00013556703913061022,9.505712038705615e-05,0
2840.3082579567117,-0.00010628948119270413,9.505226964733564e-05,0
2840.3286278549313,-2.972585839240954e-06,9.506191772243669e-05,0
2840.3489976831784,5.556638261739938e-07,9.506095791427176e-05,0
2840.3693663166687,8.385684354196039e-06,9.506617832697432e-05,0
2840.3898148416592,4.595960508080844e-05,9.506215485738495e-05,0
2840.410387523453,-4.610383809368229e-06,9.56022765741265e-05,0
2840.43071122175,4.14662004400873e-05,9.505588838555603e-05,0
2840.4511177387126,0.00028882043415592087,9.617099880004173e-05,0
2840.4714536826637,4.132469175756911e-05,9.507227664056423e-05,0
2840.491937978597,1.8016527872566457e-05,9.452641685239659e-05,0
2840.5124261161122,2.4416566728897496e-05,9.505414519892514e-05,0
2840.5327946453153,-5.3533014556370246e-05,9.506596347740227e-05,0
2840.553167862095,4.050836199088102e-05,9.506497549654514e-05,0
2840.5735384269897,0.000182331195345333,9.507015354631299e-05,0
2840.594074393582,-0.0008687501617080813,9.502361442120313e-05,0
2840.6145099692926,-0.000889455312087184,9.501050446595015e-05,0
2840.6348800791375,-0.0009623989412634204,9.502588415148582e-05,0
2840.655249195615,-0.0010104286145385236,9.501081199359586e-05,0
2840.675726438492,-0.0009569243199442898,9.556594638959302e-05,0
2840.6961070550656,-0.0010412682928983038,9.447603787138082e-05,0
2840.7165927468095,-0.0009864747318764225,9.500977604545579e-05,0
2840.736937056939,-0.0008634231627310051,9.555601184094045e-05,0
2840.75733261708,-0.0005911899658492867,9.501955487399544e-05,0
2840.7777047271315,-3.526679581211306e-05,9.5047615448119e-05,0
2840.798190891776,0.00012062693097543259,9.451749759917105e-05,0
2840.8186193679608,-8.048203811120564e-05,9.558529288144734e-05,0
2840.8389527870163,4.16817042767155e-05,9.561098140653952e-05,0
2840.859417765739,8.582581974945588e-05,9.505380958973627e-05,0
2840.879788729264,-9.55596473666307e-07,9.504889369915104e-05,0
2840.9002753695095,0.00017997863865068137,9.45303341573965e-05,0
2840.92075971669,-0.00010400211407259379,9.503837803803067e-05,0
2840.9410949245894,-7.1372752078947995e-06,9.615151253058261e-05,0
2840.9614998599372,0.0001265220982056574,9.505157590059053e-05,0
2840.9818702672405,3.589017567910377e-05,9.50569542466577e-05,0
2841.002358100281,7.09399641626313e-05,9.450484635222955e-05,0
2841.022843483831,-6.941187354718318e-06,9.504226932777651e-05,0
2841.0432141089814,9.286324808339548e-05,9.504330589378364e-05,0
2841.0635837933532,-0.00015788661906110553,9.505702901933053e-05,0
2841.083955727767,0.00010378567040478949,9.504116169945138e-05,0
2841.104440351227,1.9287416975071198e-05,9.451220986371715e-05,0
2841.1249285216336,-1.698245331320964e-05,9.504164540250818e-05,0
2841.1453855514715,8.112643666407345e-05,9.55898462527651e-05,0
2841.1656615624393,9.105660558078994e-06,9.510592644413852e-05,0
2841.18603896603,8.710565166230811e-05,9.507518388352427e-05,0
2841.206526637897,2.5096187608398555e-05,9.450547405486842e-05,0
2841.227013069482,-7.470811112872221e-05,9.503287838667818e-05,0
2841.2473825926586,0.00029412154654008267,9.505160795195616e-05,0
2841.2654372719126,-6.879542945895709e-05,0.00010813172276733204,0
2925.8301649092055,-4.899307407281587e-05,9.899093450312579e-05,0
2925.8506894177226,0.00013391345042538218,0.00010003713890391286,0
2925.8710149886183,-0.00012065948493271135,0.00010052951661599667,0
2925.8913537577496,6.73364824073325e-05,9.988603189311221e-05,0
2925.9118740282306,2.3081383227484202e-05,9.869353793817396e-05,0
2925.932351071496,-0.0001291866053488504,9.976468789125882e-05,0
2925.952731603745,-8.976978295619996e-05,9.910494087231843e-05,0
2925.9731990788073,4.1683390421166954e-05,9.958817377510823e-05,0
2925.993398358952,0.00013286715624220564,9.94909789260971e-05,0
2926.013955826592,0.00012510492812721672,9.829011455530747e-05,0
2926.034440951001,3.081880806186932e-05,9.880288887344144e-05,0
2926.054810575485,-1.1991998315285998e-06,9.878822717447089e-05,0
2926.0751806303983,3.399118076843536e-06,9.877363717803128e-05,0
2926.0955518243013,6.632030075237358e-05,9.876401058800627e-05,0
2926.1160378900563,9.620611950882687e-05,9.813346133907316e-05,0
2926.136523936898,4.5222938218781815e-05,9.859554453570657e-05,0
2926.156855224293,-5.9813128114564196e-05,9.90492648948904e-05,0
2926.1772632876823,1.4656328120639918e-05,9.838564803406924e-05,0
2926.1976338115323,-4.846890420671324e-06,9.829776689213654e-05,0
2926.218117476715,0.00017841484558806154,9.769054048376578e-05,0
2926.2386017497865,0.00010455274183579409,9.82076547960825e-05,0
2926.258971657264,0.00018267355239885325,9.8198963189654e-05,0
2926.2793410343943,-0.00024394033643138606,9.81909010989515e-05,0
2926.2997117904806,6.458600026518402e-06,9.81839109989859e-05,0
2926.320197297727,2.512471036207952e-05,9.762180300361454e-05,0
2926.340684635261,-0.0008837805507067192,9.811343791897182e-05,0
2926.361055640817,-0.0011407501152051074,9.806071489750139e-05,0
2926.3814249483053,-0.0008260094126554576,9.797984019234806e-05,0
2926.4017949711065,-0.0009005367911716676,9.790927089305812e-05,0
2926.422280990271,-0.0009545738080516264,9.728586228118745e-05,0
2926.4427772702556,-0.0008603751277894504,9.836273975195643e-05,0
2926.463135015959,-0.0012578266935718084,9.775208225965889e-05,0
2926.4835049218013,-0.0007170268645421299,9.774165491741386e-05,0
2926.503873042373,-0.0006613876757789878,9.77324492920547e-05,0
2926.5243604507286,1.8953259647414276e-05,9.720156588813405e-05,0
2926.5448461021774,1.5736814626540547e-05,9.773591667848312e-05,0
2926.565175040317,0.00019882942778056472,9.830757304662063e-05,0
2926.585585279806,9.41973307800847e-05,9.774628679165837e-05,0
2926.6059553486907,-6.466581851769917e-05,9.77373535754111e-05,0
2926.6264416225295,-1.4606587726577572e-05,9.718056836377564e-05,0
2926.6469275511436,0.00018806554354236442,9.771914633003962e-05,0
2926.667298629796,9.281341138249672e-05,9.766302343671502e-05,0
2926.6876677892133,-6.908010248826273e-05,9.759015109746347e-05,0
2926.7080382635077,-0.00011223567076741478,9.752120732247047e-05,0
2926.728523607236,0.00011265595327807417,9.69247040370698e-05,0
2926.749009623542,6.048538439647907e-05,9.744002841097776e-05,0
2926.769269477764,6.863454293037032e-05,9.798015325132868e-05,0
2926.789747722492,0.00026264868474186047,9.742576657990826e-05,0
2926.810117467979,-2.8249626069056098e-05,9.739970567079561e-05,0
2926.8306030764816,5.7859966982099065e-06,9.683239756010847e-05,0
2926.851090713717,0.00012485234122881889,9.73480504608925e-05,0
2926.8714584974905,7.18779014337732e-06,9.731016381119729e-05,0
2926.891758344258,0.00011471923697906626,9.784001660998482e-05,0
2926.9122010658466,8.729470820348087e-05,9.725415455175424e-05,0
2926.93268550451,-0.00012092729366228404,9.666984193210087e-05,0
2926.9530908808724,9.38429861248068e-06,9.775614861478258e-05,0
2926.9734692875045,4.847267290052525e-05,9.771842504669458e-05,0
2926.9939119559544,0.00014555231231159558,9.7132286245952e-05,0
2927.011964755628,-8.567792569613678e-05,0.00011042981164756572,0
3297.380565582062,5.9784748971887435e-05,9.609401473044613e-05,0
3297.4010497052773,0.0001333125992106704,9.663706487504525e-05,0
3297.4214215236343,4.417633754619535e-05,9.663771374204121e-05,0
3297.4417902916202,-0.00014927388447430738,9.662310416308422e-05,0
3297.462275210906,-1.0093445926685556e-05,9.609747215463489e-05,0
3297.4827616189823,0.00017169614757753062,9.663947811862792e-05,0
3297.5031309068877,-2.481100420890071e-05,9.66347898547708e-05,0
3297.523458173993,-4.57718621760788e-05,9.718380923708211e-05,0
3297.543869811584,8.791517361820814e-05,9.664807486098239e-05,0
3297.5643566368412,0.00022865171755963955,9.609867519169952e-05,0
3297.584844606483,5.6492914260878485e-05,9.664124587528932e-05,0
3297.6052121688886,-6.874216381203093e-05,9.663928410791674e-05,0
3297.6256321835763,-6.658286000610596e-05,9.71864934755818e-05,0
3297.6460385939836,-6.759390968916212e-05,9.718581719494512e-05,0
3297.6664389591424,-1.685884843475332e-05,9.609371064993221e-05,0
3297.687042077121,-0.00010047052675228271,9.719217785004048e-05,0
3297.707293082778,3.632380549039484e-05,9.664721971981168e-05,0
3297.727664417194,0.0001056526829980089,9.663433336134972e-05,0
3297.748034103532,0.00012067415937999435,9.663984574102114e-05,0
3297.768519652552,-6.67122977067767e-05,9.608754183706242e-05,0
3297.788993405234,6.420848873264973e-05,9.718777843291636e-05,0
3297.8093757019137,-2.2145185441927902e-05,9.663374287127034e-05,0
3297.8297458515067,0.00019573328890678756,9.664251713056534e-05,0
3297.8501155120593,1.0265753580745112e-05,9.662767089882976e-05,0
3297.87060105778,-3.350288737251798e-05,9.608594879807125e-05,0
3297.891098765574,-0.0006857615516385921,9.665568917922132e-05,0
3297.9114571238697,-0.0009680689494787639,9.659130207770413e-05,0
3297.93182653182,-0.0009612012880630049,9.65891496915705e-05,0
3297.9521964353607,-0.0009493352842234162,9.659275011295747e-05,0
3297.972681636047,-0.001098473897993239,9.604064200775292e-05,0
3297.9931684190583,-0.0011252307176595317,9.658909235289323e-05,0
3298.01353762884,-0.0008807198422934691,9.659755007124383e-05,0
3298.0339084784996,-0.0009647196441484277,9.6596304357254e-05,0
3298.054276001763,-0.0006882464250276658,9.661895643934384e-05,0
3298.074763138944,5.7484758369983606e-05,9.609772446026624e-05,0
3298.0952487013406,-0.00012852002592534127,9.663515088112701e-05,0
3298.115620038208,0.00012747832354795773,9.664541008084985e-05,0
3298.1359903536522,1.5793431190339754e-05,9.664038668813875e-05,0
3298.1563594746594,-2.10664725886968e-05,9.664067591784751e-05,0
3298.176845833179,3.546895907756449e-05,9.609682920905187e-05,0
3298.197331091812,-2.28287034234613e-05,9.66383256053334e-05,0
3298.217700737622,-7.823339812124075e-06,9.664177302752234e-05,0
3298.2380708507576,7.919995459538546e-05,9.664246541866471e-05,0
3298.258440035297,0.00018836615524412426,9.664480392523024e-05,0
3298.2789269801833,9.077524901375621e-05,9.609907714311045e-05,0
3298.2994129086296,-0.00021065717940107486,9.663566504472784e-05,0
3298.3197393348587,4.691162802699523e-06,9.71977024583559e-05,0
3298.3401515541846,0.00012071050833012161,9.665911226220474e-05,0
3298.3605215487632,7.4405959811542855e-06,9.664421824568901e-05,0
3298.3810071771436,1.2102993327615542e-05,9.609887601549498e-05,0
3298.401493037638,6.166876418694844e-05,9.664296677247424e-05,0
3298.421863256964,-0.0001160367550918914,9.6642919621197e-05,0
3298.442232018821,8.402576683649024e-05,9.665175390618034e-05,0
3298.46260261911,-3.0427291392088124e-07,9.664152721903011e-05,0
3298.4831104348596,0.00013185123701202334,9.720512578883254e-05,0
3298.5035728172884,-2.0130136441159662e-05,9.665028386230544e-05,0
3298.52394438805,-4.5732126334566935e-05,9.664073740955838e-05,0
3298.544314149383,-5.785052881312176e-05,9.664386294647814e-05,0
3298.5624844582235,-0.00012964746366202372,0.0001091372652148473,0
3354.5397638071527,6.823272538130261e-06,9.65970357712054e-05,0
3354.560249269996,-7.023024411882486e-06,9.715229076799128e-05,0
3354.5806186238583,-2.4030728584909356e-05,9.71514725617272e-05,0
3354.600993072032,0.0002173775126712975,9.719436696032736e-05,0
3354.621475261896,-3.474813118237881e-05,9.661460751004992e-05,0
3354.641960053526,0.0001222258530745327,9.71583247113811e-05,0
3354.6623291356523,-1.4276508335866316e-05,9.716010676123524e-05,0
3354.682699279094,0.00016562516330739427,9.717388484712602e-05,0
3354.703069059669,-6.873182960019978e-05,9.717967471803837e-05,0
3354.7235552549646,-0.00012569354189549193,9.6652301208639e-05,0
3354.74404022891,-8.357599421276997e-05,9.726337724113156e-05,0
3354.764406987954,-2.172846376659666e-05,9.733872898190583e-05,0
3354.7847958155858,0.00021436817605823181,9.798859961800783e-05,0
3354.805147153012,-7.750427789470098e-06,9.752223306941284e-05,0
3354.8256347583538,0.00020440221287021648,9.708350118452864e-05,0
3354.846120648738,3.2023243014667996e-06,9.767728621708082e-05,0
3354.8665142497753,0.00018189328516261363,9.830293202809864e-05,0
3354.8868597546843,-0.00019100482254485814,9.779012073436432e-05,0
3354.9072313812094,3.787105401510537e-05,9.78541640700558e-05,0
3354.9277163466827,7.966376196198935e-05,9.735336103838062e-05,0
3354.948202341175,-5.552190353617156e-06,9.796898429256729e-05,0
3354.9685710102694,-9.554070615291848e-05,9.803138891516267e-05,0
3354.988940973484,0.000170125902173582,9.813252813018111e-05,0
3355.0093102167807,-5.100660802688776e-05,9.820399882109835e-05,0
3355.0298544574084,-0.00012283805606211855,9.829227026528314e-05,0
3355.050284121368,-0.0007735643759898092,9.835441718573007e-05,0
3355.070652716711,-0.0010600253607400928,9.8442527017329e-05,0
3355.091021608682,-0.000980998393353883,9.8530568680123e-05,0
3355.1113929188105,-0.0009512894017953128,9.863305404924882e-05,0
3355.1318792086804,-0.001098161283566394,9.81640490184213e-05,0
3355.15234705751,-0.0010025160796030199,9.893219559137326e-05,0
3355.1727357673444,-0.0010059060290540903,9.886705279322273e-05,0
3355.1931055967157,-0.0008686931340275531,9.892055765292996e-05,0
3355.2134737015726,-0.0004710198326866796,9.89671336117845e-05,0
3355.233961642759,0.00018920748520582394,9.8464523319686e-05,0
3355.254453982652,0.00015845785513087855,9.908196178028819e-05,0
3355.2748176839896,2.6755592919227073e-05,9.904184665472977e-05,0
3355.2951874390606,-0.00010883633329902456,9.903928418251607e-05,0
3355.3155568789807,0.00013876461997248144,9.905906559964295e-05,0
3355.3360430875496,0.0001412776259691304,9.8508240226153e-05,0
3355.35652892737,1.7955846605913056e-05,9.90874616781821e-05,0
3355.3768976798565,5.779552737832157e-05,9.911152377558448e-05,0
3355.397268171748,-2.637643208128979e-05,9.915196921670632e-05,0
3355.4176380877484,8.91450860068411e-05,9.919741586384428e-05,0
3355.438121887242,-0.0002132231064915767,9.867242415058134e-05,0
3355.4586093521966,0.00021160963330579892,9.930815029968462e-05,0
3355.478979071492,0.00012043016738141425,9.934917681221456e-05,0
3355.4993512201418,-5.197201513175174e-05,9.943698227162892e-05,0
3355.5197181180174,-7.742275310689315e-05,9.946214213463864e-05,0
3355.540204541186,0.00012686304162901743,9.89656126452776e-05,0
3355.5606909103635,8.711715819121563e-05,9.955530248894148e-05,0
3355.581061406271,0.0001998285409399644,9.960452262166932e-05,0
3355.6014305699828,-8.492715385510038e-05,9.962647983032894e-05,0
3355.6218003568033,8.868986562623141e-05,9.968488320626113e-05,0
3355.6422859054715,1.0284056938204806e-05,9.915462574641639e-05,0
3355.6627715827353,0.00017534393218809766,9.976980071535952e-05,0
3355.6831412632237,-0.00020924372161709365,9.98304066133685e-05,0
3355.703510858872,-0.00011326847267448661,9.988824173157598e-05,0
3355.7215662442372,-0.00010944027987546752,0.00011369222934173233,0
3383.1215436676252,5.7645786326076254e-05,9.686131721391847e-05,0
3383.1420283467,-0.0001143652081446092,9.74604743599023e-05,0
3383.1624004318305,7.727045611560738e-05,9.748726788430553e-05,0
3383.1827701419675,5.538235388185847e-05,9.752878206652376e-05,0
3383.2032573254664,0.00020297588418272472,9.700683253492627e-05,0
3383.2237428436856,6.196305900096204e-05,9.758223510223434e-05,0
3383.2441126542435,-1.2368029283637802e-05,9.759989666168668e-05,0
3383.264483164632,4.245555353555935e-05,9.761325844960151e-05,0
3383.2848529799603,-9.693819458338895e-06,9.76377317303366e-05,0
3383.3053385498392,4.185618385890076e-06,9.713548646861027e-05,0
3383.325824343434,-3.445980029317542e-06,9.769697994516343e-05,0
3383.3461940131533,0.00015663738151883424,9.774232144583664e-05,0
3383.36656481592,-4.30715995820083e-05,9.77936715129296e-05,0
3383.386933941181,-5.4315774380065996e-05,9.78211699989437e-05,0
3383.4074237369223,4.4063912801547355e-05,9.734967908327904e-05,0
3383.4279054914678,1.9948802236162245e-05,9.796293019688051e-05,0
3383.448275815911,-1.903180212317542e-05,9.799951650492609e-05,0
3383.468646230495,-0.00013784870787927848,9.806483365983e-05,0
3383.4890156778933,7.313085766921047e-05,9.814575204883269e-05,0
3383.50949999428,0.000184260223124385,9.767019795635872e-05,0
3383.5299880549774,0.00011531947632097768,9.826998240350141e-05,0
3383.5503597889647,-7.514548578926443e-05,9.82778632509185e-05,0
3383.570730899803,7.04695708348996e-05,9.830313913597616e-05,0
3383.5911012711645,-0.0002360920633139944,9.828518852014482e-05,0
3383.6115876113977,-0.0003053042137617735,9.77130178622852e-05,0
3383.632073560588,-0.0008680350796556487,9.82087304891366e-05,0
3383.6524442507443,-0.001096548838533411,9.817008603850399e-05,0
3383.6728131888813,-0.0012584305768016562,9.814038457949465e-05,0
3383.693182987543,-0.0010253810478945992,9.814559536095822e-05,0
3383.71367350937,-0.0012452983735702459,9.762472659947239e-05,0
3383.7341568800293,-0.0011583039352012318,9.818083976176571e-05,0
3383.754524163052,-0.0011525158315128772,9.819030586035514e-05,0
3383.774892911172,-0.0009418536891773857,9.824705675324609e-05,0
3383.7952613860925,-0.0005927673431131864,9.831948918430768e-05,0
3383.815750059104,0.00015673863865445724,9.786356495732144e-05,0
3383.8362353311054,-1.2495469736924078e-05,9.845358239069983e-05,0
3383.856605612781,0.00013451557679782108,9.851635407252534e-05,0
3383.8769767118433,0.00019848090744953794,9.856219334507336e-05,0
3383.8973444778067,-8.42744451030058e-05,9.857917402453323e-05,0
3383.917766858538,-4.022556594840875e-05,9.860551616093135e-05,0
3383.938319428535,4.1016237593118684e-05,9.860816235449347e-05,0
3383.958688193459,-0.0001196104350784179,9.862292672090416e-05,0
3383.9790596081525,5.666214056499104e-05,9.863521243437839e-05,0
3383.999430289538,0.0001951176370786812,9.866232586320767e-05,0
3384.019914421826,-0.00013112375565246055,9.80871432027623e-05,0
3384.040399602701,2.67732653608755e-05,9.869044953228755e-05,0
3384.0607686055723,8.389048269068951e-05,9.871568377917837e-05,0
3384.0811411094314,3.327596726884933e-05,9.874575130549174e-05,0
3384.1015098519815,0.000179457534661466,9.879210860852763e-05,0
3384.121942344299,-7.936067695327966e-06,9.884663481848044e-05,0
3384.142482558262,0.00012760400889136835,9.890599838591345e-05,0
3384.162847913992,-0.00012841387639669178,9.900716894547112e-05,0
3384.183224412708,1.7223715909698603e-05,9.903611974594174e-05,0
3384.203592193148,1.0810628839386363e-05,9.902897596775506e-05,0
3384.2240799845663,2.0933455784412976e-05,9.847249828121687e-05,0
3384.244566814106,6.972208253016142e-05,9.902480468974002e-05,0
3384.2649364487474,0.00016206133499036278,9.900288197714113e-05,0
3384.2853066379325,9.168392771054099e-05,9.897873990100613e-05,0
3384.303474633935,-0.0001287365384227783,0.0001117944660877786,0
3440.2880517558265,0.00014232126840547482,9.609451338508529e-05,0
3440.3085367088506,6.469106840307052e-05,9.665898504446198e-05,0
3440.328907901573,0.00021087902479106666,9.670018749643112e-05,0
3440.349278044837,-7.004191050426604e-06,9.672782867925984e-05,0
3440.369538509213,6.916309354044044e-06,9.734243811246156e-05,0
3440.3901342341983,-0.00010475232188983869,9.628775737484468e-05,0
3440.4106209672823,-0.00022143419692690383,9.687714690697653e-05,0
3440.4309957644778,-4.960222992816105e-05,9.694012416323891e-05,0
3440.451434185119,0.00013825454272162966,9.752430659894833e-05,0
3440.4716978272445,0.0001466434019630045,9.74936284878376e-05,0
3440.4922185195933,0.00016393777063430673,9.640954218713765e-05,0
3440.512704787945,-8.601063225454459e-05,9.696082266312852e-05,0
3440.533074757017,0.0002832174300532548,9.701464746311923e-05,0
3440.55344743809,5.2756816530822666e-05,9.701347481321822e-05,0
3440.573907627497,-7.359205009205054e-05,9.759486131108044e-05,0
3440.5943034119437,6.870672273050225e-05,9.652734291196815e-05,0
3440.614788333587,-0.00017470171432858663,9.709886791314021e-05,0
3440.635160293054,6.452523264704334e-05,9.714023963738801e-05,0
3440.6554745619223,9.658148211894228e-05,9.77154308457932e-05,0
3440.675901178581,-0.0001486810535572092,9.719359109636538e-05,0
3440.696386587909,0.00019137628601571813,9.670037390666363e-05,0
3440.71693961402,7.495838955895219e-05,9.788463718518003e-05,0
3440.7372420341017,-0.0001403063429315592,9.73947132937978e-05,0
3440.757612303774,0.0002146450709637253,9.748376816829945e-05,0
3440.7779843511375,0.0001144636678708946,9.755536456668818e-05,0
3440.798472242715,-0.0006561234669613327,9.700388308659045e-05,0
3440.818957564575,-0.0009716634825302241,9.753116810482014e-05,0
3440.839328963893,-0.0009755468637810073,9.756990440027775e-05,0
3440.8596979995264,-0.0008402142642209918,9.761119299178295e-05,0
3440.8800684395633,-0.0010677777787290053,9.765622788302682e-05,0
3440.900556035089,-0.001273344581713397,9.714822453385228e-05,0
3440.9210408250597,-0.001197686965757886,9.773845464280351e-05,0
3440.9414118207637,-0.000956209042445668,9.780197256446835e-05,0
3440.9617786448553,-0.0005544004108380123,9.790827818505985e-05,0
3440.9821525936677,6.200379945983444e-05,9.804816448863526e-05,0
3441.002637558662,3.129436810711414e-05,9.758880475344828e-05,0
3441.0231245208965,5.675460497282005e-05,9.822012971172554e-05,0
3441.0434962449976,5.913347943586375e-05,9.82922980340368e-05,0
3441.063867215231,3.8421701819455975e-05,9.832809069339898e-05,0
3441.0842382635383,4.326037720501165e-05,9.83933169352625e-05,0
3441.1047224544764,-5.72488079707762e-05,9.786455123363716e-05,0
3441.1252100895967,5.557008098151913e-05,9.84503883474417e-05,0
3441.145581614675,0.00014695567048612684,9.846723395947448e-05,0
3441.165953049676,0.00016058612439803451,9.846012706430666e-05,0
3441.1863240817966,-9.483898917901767e-06,9.842946369787779e-05,0
3441.206863457208,-2.1260500901916736e-05,9.840750115630604e-05,0
3441.2273330962867,-9.153388943523802e-05,9.899436396121865e-05,0
3441.2476651577012,4.019017145146784e-05,9.849049686200236e-05,0
3441.2680357304907,2.9567158377437734e-06,9.852549552751423e-05,0
3441.288405457628,-1.5957894354344594e-05,9.857188333849838e-05,0
3441.308891867827,0.00015247722934611115,9.807486048180461e-05,0
3441.329378626306,4.670373670092757e-05,9.867168655893578e-05,0
3441.349590005987,9.052574996718984e-05,9.985865889243035e-05,0
3441.3701181421266,-6.101600705592169e-05,9.878029478207246e-05,0
3441.3904890925824,1.5082421029123216e-05,9.886012145000405e-05,0
3441.4110072512435,0.00011658162585730549,9.893148541328267e-05,0
3441.4314618473463,5.010745770410847e-05,9.896996009521215e-05,0
3441.451834303994,-7.041471920738262e-05,9.90156767395188e-05,0
3441.4698910953166,-8.231315103235216e-05,0.00011268653294352758,0
3554.6055752293078,9.21772830920768e-05,9.744401794297952e-05,0
3554.6260625350915,-0.00018136044059428955,9.797059632893565e-05,0
3554.6463243204007,0.0002308839956727147,9.85293774225377e-05,0
3554.666802558789,-0.00020505844871818502,9.794592605184665e-05,0
3554.687173402262,-0.00010423123435927238,9.797742951763764e-05,0
3554.7076605945867,5.374843689731481e-05,9.746591852112776e-05,0
3554.728145535448,5.386184963957946e-05,9.802068785775147e-05,0
3554.7485178070406,-7.461672482117865e-05,9.802006143987505e-05,0
3554.76888725844,0.00011475627460150378,9.8026468002399e-05,0
3554.7892581254077,0.00015345792049016292,9.804273387148079e-05,0
3554.80974479323,0.00010314719064549652,9.74931003483348e-05,0
3554.8302741865264,0.00011403734235957838,9.861297927286973e-05,0
3554.8506356407383,1.8033462172126882e-05,9.860874912180386e-05,0
3554.8709711682895,-0.00011013462882164178,9.804332340037417e-05,0
3554.891344048963,8.649832010436494e-05,9.803258689062917e-05,0
3554.9118307641556,-5.928951660584918e-06,9.743834840332286e-05,0
3554.932315876743,3.176688485311941e-05,9.797443464182235e-05,0
3554.9526864810823,2.0656783067633292e-05,9.795068373855919e-05,0
3554.9730569411913,-8.679771413464304e-05,9.794234091250434e-05,0
3554.993427453019,3.969568238670422e-05,9.796509922583011e-05,0
3555.013912913727,6.646496877643561e-05,9.744376816642117e-05,0
3555.0343981006627,4.6223541512138835e-05,9.804030698119821e-05,0
3555.0547693581175,-3.8947226660073595e-05,9.806572631341546e-05,0
3555.0751404772013,4.3886023081876084e-05,9.808651688849355e-05,0
3555.095514018847,0.00021343489645503084,9.809642838882119e-05,0
3555.1159992581966,-0.0007710835124347404,9.749057284493214e-05,0
3555.1364867615134,-0.0009605363238348516,9.8025770003547e-05,0
3555.156856932141,-0.0011484159157373226,9.799009672618047e-05,0
3555.177226111101,-0.0012717311235178404,9.797297920844992e-05,0
3555.1975968996103,-0.0012204650451737421,9.797118794302897e-05,0
3555.2180835893873,-0.0010642507461519673,9.742394340392118e-05,0
3555.238570035621,-0.00108835461871264,9.795790133453916e-05,0
3555.258939316205,-0.0010382593606625941,9.795372391674246e-05,0
3555.279309832503,-0.0006024498639580725,9.797129195845233e-05,0
3555.2996810675713,-0.00019342957465630128,9.797632064147181e-05,0
3555.320168320694,1.8215666001073844e-05,9.741154501093121e-05,0
3555.3406548775365,-3.53871056776573e-05,9.796045867921672e-05,0
3555.3610256123343,-6.67530847888768e-05,9.794529648445497e-05,0
3555.3813950493022,3.60755960233786e-05,9.794380438328102e-05,0
3555.4017662548786,0.00026035722746037856,9.797029938880362e-05,0
3555.4222519725417,1.8901124544912107e-05,9.741248199977237e-05,0
3555.4427383611264,7.332287927623651e-05,9.798109686221158e-05,0
3555.463110845521,1.6848234598161925e-06,9.799202856990356e-05,0
3555.483479484361,-6.071675618567901e-05,9.80011659580284e-05,0
3555.5038499894063,3.8603148978065794e-05,9.803797729381689e-05,0
3555.524336184401,-4.407774029093328e-05,9.751663574356991e-05,0
3555.5448234893006,-0.00015746721525192696,9.809454028197993e-05,0
3555.5651939701224,0.00010254961663606409,9.81230548224703e-05,0
3555.5855653457893,9.766394464747894e-05,9.812917553660929e-05,0
3555.6059372287004,5.9333144081976347e-05,9.811331972060474e-05,0
3555.6264237393125,4.16133201761248e-05,9.75328721987039e-05,0
3555.6469102173937,-2.3010190279930616e-06,9.80570804829717e-05,0
3555.66727863414,-5.909558202315886e-05,9.804904398920296e-05,0
3555.6876489924484,0.00013533591339662582,9.805269036613618e-05,0
3555.708017312974,0.0001241311151200293,9.808317044193295e-05,0
3555.72850740942,-1.0305912214161002e-05,9.75314903188732e-05,0
3555.748991303709,7.185811372936202e-05,9.810272621659182e-05,0
3555.7693627822296,-0.00018501115727613646,9.811252545965121e-05,0
3555.787419022349,0.0002562686985027929,0.00011165473722197804,0
3583.1826448303614,0.00011153604383319327,9.47331242143699e-05,0
3583.2031307328207,7.362721077873094e-05,9.52522167387166e-05,0
3583.2235016587188,-1.5124841741414107e-05,9.524765357415406e-05,0
3583.243871767579,0.00013882677667922328,9.525530153464978e-05,0
3583.2641689003963,-2.3639350362752772e-05,9.579733686013102e-05,0
3583.2847294788303,-1.9180425414696382e-05,9.471068645352853e-05,0
3583.3052145970246,2.5229110133668192e-05,9.525184664738812e-05,0
3583.3255870503654,0.00019495983788886027,9.527669877753552e-05,0
3583.345955778666,2.4323766648437006e-05,9.525830758983743e-05,0
3583.3663259537752,-0.00011165238793380314,9.526090878255243e-05,0
3583.386812444666,-1.934310935737069e-05,9.471678419454642e-05,0
3583.4072964872735,0.00019025113741171396,9.527377370038442e-05,0
3583.4276675445676,3.718603655943009e-05,9.525279002746286e-05,0
3583.4480394804464,9.194276486076345e-05,9.525258396656686e-05,0
3583.468409042084,9.422780466083994e-05,9.524772140207983e-05,0
3583.488896137966,3.475809116139589e-05,9.471564014282135e-05,0
3583.5093819372087,-0.00012727435390585696,9.523890786632546e-05,0
3583.529752253307,-0.00011118491311092438,9.52478302854461e-05,0
3583.55012329784,5.186602754431758e-05,9.524507975100684e-05,0
3583.5704938622043,-4.1689062497945756e-05,9.524726689391588e-05,0
3583.590979516292,8.786637764372762e-05,9.472138726161387e-05,0
3583.611467962629,5.33389738958576e-05,9.526708594995144e-05,0
3583.6318909472593,9.05954314548013e-05,9.579760047828887e-05,0
3583.652207073669,4.516446379672382e-06,9.525459298848647e-05,0
3583.6725780667985,0.00015778261449126451,9.525916695497603e-05,0
3583.693064318922,-0.0006814367070867075,9.469184825840115e-05,0
3583.7135494932145,-0.0008265161357490362,9.522506182912356e-05,0
3583.7338048831384,-0.0008971028288131247,9.576683996952738e-05,0
3583.7542870950174,-0.0007805998738016132,9.525297667011726e-05,0
3583.7746618532997,-0.0010000077685761721,9.522496016230324e-05,0
3583.795147511803,-0.0010030733938345008,9.468812762485598e-05,0
3583.815635211101,-0.0008837114090984431,9.523371496713976e-05,0
3583.8360047720357,-0.0008308710474637546,9.52350906535121e-05,0
3583.856373068245,-0.0003956021140452867,9.52541945359056e-05,0
3583.876745573086,0.0001823018382915955,9.528065274518696e-05,0
3583.897319990352,0.00020428240129989237,9.528270196214301e-05,0
3583.9177161073017,0.00026923922045800363,9.529152795625214e-05,0
3583.938088394273,0.00018724272196973235,9.529069489699854e-05,0
3583.9584585003777,0.00020745927656765193,9.52865362989061e-05,0
3583.9789100501,-5.652291615045106e-05,9.58283952073421e-05,0
3583.9993131822716,9.550241464895158e-05,9.476028654177114e-05,0
3584.0198241536405,-9.266954316903823e-05,9.58273654223254e-05,0
3584.0401720709483,0.00020495909485609336,9.529341524933754e-05,0
3584.0605426190386,8.989595141779686e-05,9.529303694839254e-05,0
3584.080929162721,-9.260946380877153e-05,9.638516702719547e-05,0
3584.1013990057395,-6.754272458953748e-05,9.475118463358379e-05,0
3584.1218846175484,5.4721693332988785e-06,9.529053313740185e-05,0
3584.1422527228983,-5.02442230535725e-06,9.529963224397259e-05,0
3584.1626281261956,-0.00015634914863955852,9.529307007297911e-05,0
3584.182997682056,-2.0612833716511523e-05,9.530519487587563e-05,0
3584.2034814837953,-0.00042518968533492463,9.474612329504483e-05,0
3584.223968193375,-0.00041512830414336757,9.527931962495895e-05,0
3584.244291625082,-0.00037903020749878365,9.582822414070291e-05,0
3584.2647095432803,-0.00031417995914205255,9.529284238497133e-05,0
3584.285079787923,-0.000317588405752768,9.528840492219217e-05,0
3584.3055673485937,-0.0005921996792022314,9.474613639503245e-05,0
3584.3260530554617,-0.0011599970294927612,9.527615514790669e-05,0
3584.346423022343,-0.0012904655399839774,9.524903527557925e-05,0
3584.364478638919,-0.0016227913023671417,0.00010835484706352985,0
3612.220302513964,0.00011027084668325745,0.00010039038853401485,0
3612.240785158752,-7.487787234105078e-05,0.00010083886321971733,0
3612.2611561017643,-0.00030192311026927977,0.00010075517240508029,0
3612.2815263075777,-0.0007574002029903031,0.000100660687453537,0
3612.302009894137,-0.0008065547612220736,0.00010000827699530279,0
3612.322498972828,-0.0008350535445384426,0.00010046710870657046,0
3612.342869735055,-0.0010092323690074354,0.00010035519638954473,0
3612.3633345220533,-0.0009200125676209876,0.00010075063176469736,0
3612.383611182921,-0.0009140523536841146,0.0001000015583761117,0
3612.404096132403,-0.000875372891493309,9.928110673536814e-05,0
3612.4245821951895,-0.0008514669054482183,9.96699142618709e-05,0
3612.4449514053367,-0.00014851690984942235,9.954757355718977e-05,0
3612.465321190576,-4.864256548415231e-05,9.942745172047858e-05,0
3612.485690044487,6.87247590101608e-05,9.934347985383064e-05,0
3612.506174831529,-2.4883439751908406e-05,9.870280462642809e-05,0
3612.5266607240865,2.3748088472382232e-05,9.919749493312643e-05,0
3612.54703098187,-6.12044110885163e-05,9.914334783867247e-05,0
3612.567400494995,0.00019174998289622555,9.909637574096216e-05,0
3612.5877708627395,7.166704597682009e-05,9.903268728492949e-05,0
3612.608256637031,0.00010412640404489249,9.842500501385718e-05,0
3612.6287422763967,5.4711039138179566e-05,9.894553118643004e-05,0
3612.649112632407,-0.00013416539440980796,9.888244118164443e-05,0
3612.669482602197,6.868444532759398e-05,9.886262566536041e-05,0
3612.6898503363113,6.505399694149916e-05,9.88566320990588e-05,0
3612.710337354064,-6.725620430038894e-05,9.827684127710454e-05,0
3612.730822062894,0.00012024889147352115,9.885055695100275e-05,0
3612.7511941019357,5.608616335775696e-06,9.881542443748315e-05,0
3612.7715644789123,-1.606745025990484e-05,9.879715333097843e-05,0
3612.7919346568287,-7.719274151887128e-05,9.878098961493874e-05,0
3612.812423097858,-9.898762938245958e-05,9.815324971516901e-05,0
3612.832908115618,8.085624024084229e-05,9.864012994410972e-05,0
3612.8532777319087,8.2639496102278e-05,9.856917927874215e-05,0
3612.8736478262967,0.00014762677225000256,9.852338937809917e-05,0
3612.89401660919,-1.3130767448472776e-05,9.849601148970714e-05,0
3612.9145018583404,-8.178027605596102e-05,9.793078846738595e-05,0
3612.9349865717095,-6.537587449958319e-06,9.849895128491433e-05,0
3612.947487474068,0.0002328781933368836,0.00020663214990699775,0
3640.3405489218176,0.0001317282907910613,9.93676821523252e-05,0
3640.3610346478895,0.0001248441877788655,9.982296795872043e-05,0
3640.38139940521,7.456190248035719e-05,0.00010029982062465874,0
3640.401773476558,-6.0064595144086336e-06,9.964126671194263e-05,0
3640.422257815984,-7.016542329111391e-05,9.902691889324193e-05,0
3640.4427417806432,9.190411256501236e-05,9.958727296744825e-05,0
3640.4631125946435,-0.00017828909111528905,9.958464852858199e-05,0
3640.48348169189,4.4217006260077126e-05,9.962521159547417e-05,0
3640.5038523088347,6.034989106096988e-05,9.96384835661584e-05,0
3640.524337881811,-1.2181358336415429e-06,9.910542073227765e-05,0
3640.5448230708375,6.550460682452473e-05,9.969351812598417e-05,0
3640.5651927622157,-6.758379353116947e-06,9.971319618584053e-05,0
3640.585562192505,0.0001457363781706987,9.975282658276083e-05,0
3640.6060347033817,7.2158406597448475e-06,0.00010036955922289966,0
3640.6264182473474,0.00011621893328428483,9.928070846430369e-05,0
3640.6469033104813,3.5893784608615603e-05,9.989300215252416e-05,0
3640.667335538427,0.00012115526748707359,0.000100525702841188,0
3640.687646845183,9.810730213023522e-06,0.00010006477740014512,0
3640.708013978574,-0.00010213718069685447,0.00010006774761569606,0
3640.7284995238115,-6.286769951652669e-05,9.95489742340672e-05,0
3640.7489794299026,-0.00014688425852469561,0.00010072458706989463,0
3640.769356460234,0.00023284975773404942,0.00010019925975167764,0
3640.7897270518815,7.052844135272405e-05,0.00010020725522711178,0
3640.8100974398417,-5.843654024049195e-05,0.00010020242553320091,0
3640.830583302382,4.0763923764854604e-05,9.963228575757296e-05,0
3640.851069829215,-0.0008335400306363809,0.0001001470841336696,0
3640.8714394678223,-0.0008843218351456033,0.0001001271558280815,0
3640.8918099799143,-0.0010678098031726131,0.00010010865621870924,0
3640.912179045987,-0.001164693886041405,0.0001000894344318451,0
3640.9326648733263,-0.0012178899046872995,9.951098721107987e-05,0
3640.9531501547635,-0.0010936656536508196,0.00010007354042057335,0
3640.973519140143,-0.0011095435278713258,0.00010007865909345681,0
3640.9938885099937,-0.0010904858996362505,0.00010010708464865665,0
3641.0142568998604,-0.0007279819317212916,0.00010016898829760552,0
3641.0346989926834,1.0701702582166888e-05,0.00010024371672886229,0
3641.055230042114,-2.3328654696316204e-05,0.0001002778749779923,0
3641.0756005258936,-0.00019784990912130316,0.00010029252672156946,0
3641.0959737756366,-2.559284395928979e-05,0.0001003012489167506,0
3641.1163474475534,-4.725994427826075e-05,0.00010082787355418258,0
3641.136726835091,-2.658465417981731e-05,0.00010077247198377006,0
3641.1572505881923,-6.241006844603621e-05,0.00010188530602911855,0
3641.1777343410877,3.755177516507255e-05,0.00010242593493114546,0
3641.1979330748923,-0.00016503116053461885,0.00010175737091637426,0
3641.2187024695727,2.283301315166393e-05,0.00010234319285747358,0
3641.2389919718657,6.606175690851937e-05,9.995186041821318e-05,0
3641.2594787451294,0.0002956638563556409,0.00010169381463547262,0
3641.279731757203,1.8244148124684528e-06,0.00010287099189645102,0
3641.3001197534586,6.661134096933904e-05,0.00010102982586531473,0
3641.3205435214254,0.00012329606145563643,0.00010219415770907253,0
3641.340973039695,0.00018183851218631046,9.980477872746231e-05,0
3641.3613205855413,-5.2544932236154995e-05,0.00010331486293481132,0
3641.3817487897536,-6.927328069248179e-05,0.00010261901210085165,0
3641.402758155174,5.324263235603027e-05,0.0001038054222543455,0
3641.4228385987317,-7.919306623000775e-05,0.0001092730268637287,0
3641.4428019540946,-1.953024295612261e-06,0.00010243447346421139,0
3641.4634956927543,0.00017712392253684914,0.00010367966474444653,0
3641.484420825211,1.0995020099033708e-05,0.00011076462831969289,0
3641.5042502039414,4.149973593316563e-06,0.00010181846833620004,0
3641.5223138570914,-0.00020394019259128494,0.00012361838469961042,0
1742.9633817651948,5.147450756217763e-05,0.00011360492419389344,0
1742.9842139235145,-9.881321607674962e-05,0.00011357295032982359,0
1743.0050463845046,2.3581943701603763e-05,0.00011358892735041794,0
1743.0251875429888,2.124811989407183e-05,0.00011758986954025171,0
1743.0453259417427,0.00017349335780704345,0.00011364328033477251,0
1743.0661615005959,-1.0041178779893483e-05,0.00011363994589192661,0
1743.0862994920064,8.701315751281257e-05,0.00011765070059085197,0
1743.1064367130816,2.0230485404409675e-05,0.00011367200330409363,0
1743.127270490388,-0.00013858870262301994,0.00011368263933516566,0
1743.1474104635058,1.3567698085423629e-05,0.00011765603592863717,0
1743.1675482931726,0.00020927701482284205,0.00011364334282887496,0
1743.1883843061587,6.967740668821626e-05,0.00011360709195691234,0
1743.2092189711511,0.0001317221268946201,0.00011358062279483569,0
1743.2293550476809,1.9119304501822524e-05,0.00011753983479680204,0
1743.2494946350346,0.00013925186012817313,0.00011354764587471859,0
1743.2703292499273,0.00011480870571149536,0.00011351372861897196,0
1743.2904657954189,0.00010388620828536735,0.00011750433105885111,0
1743.310606675039,-9.032759991938997e-06,0.00011351592462830408,0
1743.3314375080854,7.615480692975558e-05,0.00011354084835428163,0
1743.3515774288885,8.618515406044275e-05,0.00011754101829499152,0
1743.3717176064285,-0.00010863263129311463,0.00011355783856585698,0
1743.392549393049,-0.00019520712401392668,0.00011358087728637605,0
1743.4133812446319,-0.00010157865621744905,0.00011358698408740781,0
1743.4335241130682,-1.0976097765930046e-05,0.00011762380095696377,0
1743.4536623666938,-0.0007169286300080696,0.0001136088752848016,0
1743.474494766902,-0.0008602925828668651,0.00011360170919049,0
1743.4946340368244,-0.0011265455464869237,0.00011763009085468579,0
1743.5147709882733,-0.0009412299971122882,0.00011369151285166804,0
1743.5356063315187,-0.0012817091208319063,0.0001136856572951112,0
1743.5557462514992,-0.0010177569086265747,0.00011771469162319027,0
1743.5758822004368,-0.0010211335466971743,0.00011376745843665518,0
1743.5967174661623,-0.0007775470126999109,0.00011379134165290143,0
1743.617551063735,-0.000933591392072814,0.00011378154992060581,0
1743.6376911065913,-0.0008861360662680422,0.000117768077207085,0
1743.6578299610467,-0.0005900511791923866,0.00011378545361509757,0
1743.6786627300803,-7.62383872239577e-05,0.00011381654011122339,0
1743.69880288901,0.0001542544824418255,0.00011783945748686132,0
1743.7189408356817,-0.00018253923160518006,0.00011379022492426889,0
1743.739773773822,6.013799623786058e-06,0.00011382574174034165,0
1743.7599126441678,-6.2161778115334e-05,0.0001178621571101558,0
1743.7800509352596,0.00015039920137808636,0.00011391305374356338,0
1743.8008834125615,-1.1749905587473619e-07,0.00011394610831847537,0
1743.8217166791987,8.68827060132611e-05,0.00011401474901229898,0
1743.8418561215315,4.64895569909558e-05,0.00011806314837411417,0
1743.861996009993,-7.37599971522486e-05,0.00011409656134517247,0
1743.8828311013272,-0.00016757363612191858,0.00011410436769524333,0
1743.9029712543988,9.675916373161228e-05,0.00011810382695362326,0
1743.9231102501428,0.00016164527209115768,0.00011405180235972632,0
1743.9439484194738,6.743868548634569e-05,0.00011402845689704089,0
1743.9640805714034,0.00024144477830690536,0.00011799092808817012,0
1743.984219950606,0.00016618549157398237,0.00011399490542964457,0
1744.005056144357,0.0002290498625638672,0.00011396886672542047,0
1744.02588770512,0.00031954491491484967,0.00011397022666617058,0
1744.0460250109081,0.00020488648963712988,0.00011800081709247438,0
1744.0661633245443,0.0001842947957671549,0.00011403212051386913,0
1744.0869987878834,0.00016702523071378074,0.00011407524192376502,0
1744.1071382356558,0.0002068385843597233,0.00011810709188730114,0
1744.127277920857,0.00013376728600552498,0.0001141179168555814,0
1744.1453352571568,5.621234344068083e-05,0.0001332471422564959,0
1781.31478663929,-3.832172818677514e-05,0.00011478415523628375,0
1781.3356236538812,9.76806094150271e-05,0.00011475578546244026,0
1781.3564542549816,9.019253029628856e-05,0.00011476963408266297,0
1781.3765942939385,6.772536865383973e-05,0.00011881076126983777,0
1781.3967319764904,-3.119673875759058e-05,0.00011475884673221355,0
1781.4175676670493,4.144733679747013e-05,0.00011474660434959333,0
1781.4377020183551,-8.569133473515737e-05,0.00011877304196316486,0
1781.4578416631784,7.025757055996982e-05,0.00011477083050042764,0
1781.4786745841104,-7.258875020914298e-05,0.0001147660682858307,0
1781.499509809898,4.5301476403725306e-05,0.00011474284095061021,0
1781.5196494461713,-5.1216906701463604e-05,0.00011879435756795983,0
1781.539787474399,0.00019301266039431454,0.00011473600979327843,0
1781.5606182915028,-5.950543055902054e-05,0.00011474999862883764,0
1781.580758879224,-6.531355672095317e-05,0.00011877583722350211,0
1781.600898038566,-4.807028455568623e-05,0.00011474920699230206,0
1781.6217278183788,4.084696068453884e-05,0.00011476862127534653,0
1781.6418669975544,0.00011251874992662358,0.00011880287449315873,0
1781.6620085382767,-6.269736342381029e-05,0.00011474661832658182,0
1781.6828396974543,1.1120462069334955e-05,0.0001147450049360225,0
1781.7036755453662,-6.060903549933343e-05,0.00011473578171258082,0
1781.7238121094942,8.788528258861314e-05,0.00011880198900365115,0
1781.7439506811309,-1.189579965786698e-05,0.00011475502920678098,0
1781.764091265133,-8.624278835041981e-05,0.00011877660280946793,0
1781.7890917239113,2.145842668802749e-05,0.00015711019541175955,0
1781.8050647141038,-0.0009378960467437591,0.0001147012971265034,0
1781.826589730529,-0.001035530507644558,0.00011869861254448395,0
1781.8453403135723,-0.0009209373260071489,0.00012319538632995757,0
1781.8659743530784,-0.0009408852388123165,0.00011869201157263149,0
1781.8870045005606,-0.0010361719104941085,0.0001146998124128702,0
1781.9078387386894,-0.0011353126212116454,0.00011470301891661914,0
1781.9276019250128,-0.0011068754978787695,0.00012318806203133367,0
1781.9481166658077,-0.0011352519888342542,0.00011469394550635972,0
1781.9689529195389,-0.0010625142910746228,0.0001146925669268909,0
1781.9887151272978,-0.0009977390714320442,0.00012320847692081846,0
1782.0092220895133,-0.00041744550439493414,0.00011470401558864656,0
1782.030060469592,9.947193994146469e-05,0.00011475724348412898,0
1782.0501993021753,-0.00010231171895722732,0.00011876433058986515,0
1782.0703382455706,9.714257315164133e-05,0.0001147338509794102,0
1782.0911703047734,0.00024761296123895044,0.00011474638520071088,0
1782.111408347943,7.563070335662265e-05,0.00011875362574708945,0
1782.1321431477936,0.00018635574983791545,0.0001282369433062043,0
1782.152281663251,-0.0001402270588115603,0.00011472172550659492,0
1782.1731154517229,6.631155084353448e-07,0.00011474856638290923,0
1782.1932556425409,0.00013139274322983746,0.00011880213932151422,0
1782.2133917627505,9.797520622874435e-05,0.00011473565942992483,0
1782.2342250408917,5.052834517835145e-05,0.00011474560491929666,0
1782.254365027198,5.742635497789071e-05,0.0001187724333281008,0
1782.2745066798611,-2.361979096688392e-06,0.00011477553024268987,0
1782.2953349883269,-0.00019348349048824875,0.00011471576828178292,0
1782.3161696947107,0.00010345496165120946,0.00011475791225473504,0
1782.3363098630184,2.876195585569243e-05,0.00011872519424625887,0
1782.3564494990705,-1.0825552357892226e-05,0.00011473425680322219,0
1782.376881953,-7.904853807807542e-05,0.00011874235406908978,0
1782.3974186113985,1.027242706060073e-05,0.00011875712624516801,0
1782.4175602776163,-7.319336005654788e-06,0.00011472612562817182,0
1782.4383913833642,3.938436699749636e-06,0.00011471199135083354,0
1782.4583699983234,5.628169365100202e-05,0.00012320570154229792,0
1782.4786695298928,0.00013468025725303716,0.00011473516607614504,0
1782.4967260676851,-6.0992411460554865e-05,0.00013396050054542257,0
1819.6754188748164,0.00013787740589134447,0.00011704450294942165,0
1819.6962575978444,-1.419929063478884e-05,0.00011705272663426177,0
1819.7170863611384,-2.5761398250944144e-05,0.00011704764666544151,0
1819.7372221123917,0.00011592644882530601,0.0001211477847102691,0
1819.7573620957098,0.00010822330179932087,0.00011701287242755613,0
1819.778198862577,0.0001015505556708112,0.00011703547141462677,0
1819.7983360349708,7.604991784046894e-05,0.00012112896115611756,0
1819.8184737975473,-0.00012615916735153975,0.00011703502669896912,0
1819.839305585526,7.267432278427388e-05,0.00011700908104348763,0
1819.860137694961,-0.0001215024553960316,0.00011702591327950871,0
1819.8802762362031,0.00016837609624867575,0.00012114965280007031,0
1819.9004157590966,8.054392065917374e-05,0.00011701478878375118,0
1819.9212477344681,0.00018091778650047895,0.00011703749656957337,0
1819.9413879069998,1.2659559328775336e-05,0.0001211522919859148,0
1819.9615261016702,2.58543316792501e-05,0.00011703437513106668,0
1819.9823588147342,3.4918298349313835e-05,0.00011701771202954326,0
1820.0024983421274,0.00010784959912277506,0.00012112568138484574,0
1820.0226371596787,0.00013727558648607803,0.00011705441323914803,0
1820.043465969038,6.978219000637443e-06,0.0001170225799498528,0
1820.064303673096,1.9600585434234235e-05,0.00011700346297522488,0
1820.0844403600822,-0.00018478044473826672,0.0001211665126396629,0
1820.1045780643099,-1.518949639240829e-05,0.00011701939748072559,0
1820.1254094719502,1.3475135714416693e-05,0.00011701760490819386,0
1820.1455494377058,-0.0001486277491244758,0.00012113239220660342,0
1820.1656890444565,-0.0007479730159238303,0.0001169899727883185,0
1820.1865221081896,-0.0010814397760571747,0.00011698193158429889,0
1820.2066606803903,-0.0010846464449395504,0.0001210838754122965,0
1820.226794839666,-0.0008258504414690913,0.00011699463310338082,0
1820.2476325759476,-0.001054718113025337,0.00011697039375090119,0
1820.2684630522824,-0.0009415720177514865,0.00011699699312921195,0
1820.2886004994973,-0.0010631085225109409,0.0001210786394851615,0
1820.308740296196,-0.001203119800363996,0.0001169599090850166,0
1820.3295731870514,-0.0008915707553260676,0.00011697928471953037,0
1820.3497107499677,-0.0011519513490811507,0.000121101057855192,0
1820.369850271446,-0.0007024490770463112,0.00011698699148896236,0
1820.3906833899027,3.6237692968421136e-05,0.00011701973199553412,0
1820.4108229207543,-8.038944101016504e-05,0.0001211154575107455,0
1820.4309608333867,4.3101585899602014e-05,0.0001170251425447475,0
1820.4517928249284,0.00015696529633524273,0.00011699942240266623,0
1820.4726252524686,7.885407464547056e-05,0.00011702917011294337,0
1820.4927657836447,-4.2955501728917776e-05,0.0001211153356723613,0
1820.5129039478725,0.00017631955191811888,0.00011701432864567948,0
1820.5337359779576,0.0002801202768518203,0.0001170402486289287,0
1820.5538764380028,0.00015457274861877,0.00012113190152594536,0
1820.5733166133693,-0.0001019154484754675,0.00012112767647433181,0
1820.5948476212836,0.00010486379855205077,0.00011701404749334987,0
1820.6149845853208,-0.0005104683722103382,0.00012107880531135252,0
1820.6351273343773,5.4162504705271886e-05,0.00011700562034099081,0
1820.655956751334,-6.0089112169437076e-05,0.0001170081143415401,0
1820.6767895756554,0.0001328764440589905,0.00011700488869135093,0
1820.6969276156663,2.9354017442522182e-05,0.00012114444779218127,0
1820.7170667238827,9.61636178512897e-05,0.00011700129857561882,0
1820.7378992756294,0.00016943027596908708,0.00011701515241984093,0
1820.7580378851426,0.00010343091310002652,0.00012113372925366934,0
1820.7781765375553,3.725624729345396e-05,0.00011703887761337168,0
1820.7990108574747,3.055132713936949e-05,0.00011698343569361303,0
1820.8191497448308,8.058803331750176e-06,0.00012111691987518026,0
1820.8392858477393,-0.00017395535588914508,0.00011704397197794989,0
1820.857342445697,2.638660450181227e-05,0.00013664432203899131,0
1896.3710523287145,0.00011123554736271711,0.00011269017757174279,0
1896.3918872687696,-5.5834694958828604e-05,0.00011270566106830821,0
1896.4127193148024,0.00014223169777192128,0.00011269243452927659,0
1896.4328577632314,8.89527476273014e-05,0.00011665028494082587,0
1896.45299718408,7.051793477300686e-05,0.00011268866676285218,0
1896.4738300833073,9.435355543379173e-05,0.00011270502810507413,0
1896.493967221941,9.11935597938679e-05,0.00011666576314184436,0
1896.5141067721886,-0.00011251299946888265,0.0001126787683088235,0
1896.5349411930601,9.411619268815004e-05,0.00011269439773918492,0
1896.5557751457366,-0.00012836596968000434,0.00011267044709841378,0
1896.5759117918599,-3.501849562686435e-05,0.00011665169881945089,0
1896.5960495748195,0.00020092098281111276,0.00011270199353990392,0
1896.6168806446567,-5.055836636016691e-05,0.00011266850027809933,0
1896.6370218141521,8.665612287639038e-05,0.0001166541084094457,0
1896.6571596643141,3.00267586462307e-05,0.00011269949295826005,0
1896.677994149696,-2.4252288680235e-06,0.0001126844325618501,0
1896.6981322336533,0.00020398169942342645,0.0001166358719835206,0
1896.718271155696,-0.0002793342828220694,0.00011266913677562318,0
1896.739106425324,0.0001395025308048179,0.00011269794236749192,0
1896.759936166521,0.0001962477465578044,0.00011270176737612653,0
1896.7800745103893,-2.540524819459096e-05,0.00011663824746792979,0
1896.8006401394994,-6.000892663570455e-05,0.00012103433153420595,0
1896.8210436183965,-0.0002375570520729181,0.00011268794839293776,0
1896.8411866483752,6.212238970166354e-05,0.00011665170688412527,0
1896.861322308084,-0.0007848466715221263,0.00011266090859973023,0
1896.8821599753992,-0.0007845253930819667,0.00011264321830281375,0
1896.901812050354,-0.0008882066266431544,0.00012099490100652782,0
1896.9224358160297,-0.0010263323694832671,0.00011265023295204299,0
1896.9432670550007,-0.0010445556332218076,0.000112648336166013,0
1896.9643977371272,-0.0013184569554710714,0.0001165545803120133,0
1896.984238579565,-0.0013512078937257602,0.00011657622174863595,0
1897.0039506233795,-0.001183149996239218,0.0001209629512001908,0
1897.0252095285807,-0.000841682816491054,0.00011265840919126951,0
1897.0448694287143,-0.0010444674402907265,0.00012101063433392004,0
1897.0654861109267,-0.0006595305941846896,0.00011264026065558397,0
1897.0863220342098,-0.00021630349784101154,0.00011269231672601576,0
1897.1064600008535,-7.078603767911976e-05,0.00011662528530035242,0
1897.1265962284865,-0.0001171236410707109,0.00011268735092633363,0
1897.1474330269766,-9.734584133565522e-05,0.00011266813998316663,0
1897.1682671094982,-0.00036341412589446613,0.00011267734493623835,0
1897.188403265713,4.974914118441921e-05,0.00011663813888403409,0
1897.208542118537,-9.137699199971932e-05,0.00011267780257944586,0
1897.2293744666695,-0.00017377637766472891,0.00011265957925113898,0
1897.24951253098,-6.975971981569593e-05,0.00011665131755527584,0
1897.2690576998355,9.26909322367858e-06,0.00011662849605561593,0
1897.2904860960411,3.251430446207331e-05,0.00011268281092567313,0
1897.31062267988,7.514938526921467e-05,0.00011664220643764294,0
1897.3307612895342,0.0003252112314966729,0.000112720419789861,0
1897.3515929614628,0.00019850286324224074,0.0001127004751605988,0
1897.3724267795499,-3.002942833344963e-05,0.00011268484419978314,0
1897.3925677389514,-3.132345353324282e-05,0.00011666679990405139,0
1897.4127062592468,0.00021715847270470801,0.00011268276408914164,0
1897.433539412338,-7.701489071444767e-05,0.00011267730265214882,0
1897.4536786930983,-0.0006469169413158541,0.00011661879648914761,0
1897.4738149090117,-0.0009045857153227124,0.0001126527886829712,0
1897.494648010327,-0.0008726535563942195,0.00011264187391447125,0
1897.5147877882387,-0.0009378574796163312,0.00011661511602727356,0
1897.5349266981777,-0.0009892368437076505,0.00011265531037259343,0
1897.552980664646,-0.0012311709478291923,0.00013151489827645067,0
1973.0748767894777,0.00014000354821910142,0.00011431245610159514,0
1973.0960069758453,8.557279883518706e-05,0.00011831663901974396,0
1973.116545254732,9.918174551887115e-05,0.00011429870780974867,0
1973.136684163158,3.3163692308899716e-05,0.00011829422342649359,0
1973.156821038005,-3.0513489594575474e-05,0.00011424952848588634,0
1973.1773554478118,9.147925324343326e-05,0.000118255560610065,0
1973.1977933528192,-9.137610873798972e-05,0.0001182373098011652,0
1973.217934192159,-9.350667622693814e-05,0.00011419426291046064,0
1973.2387673450971,-5.3342889495043694e-05,0.00011421747702849065,0
1973.2589064026718,0.00022223733071129572,0.0001182113330363194,0
1973.2790447906054,0.0001998886233598639,0.00011419196552444927,0
1973.2998784303877,-0.0001081524618826667,0.00011413587954127559,0
1973.320713598313,-1.8092326918718695e-05,0.00011411038754804966,0
1973.3408515037547,7.884679724129399e-05,0.00011809536204950951,0
1973.3614864851052,0.00014033554088615973,0.00011805285775114679,0
1973.381825097028,2.1378928815622014e-05,0.00011402252363817023,0
1973.4019635070888,6.1030685498841376e-05,0.00011797464307801394,0
1973.4221015756887,-4.37693827589426e-06,0.00011396207064066712,0
1973.4429352845455,-0.00018218654931029436,0.00011393488948692903,0
1973.463075459738,-9.9405279457282e-05,0.00011793454922712423,0
1973.4832117589403,-2.3687744300980514e-05,0.00011392855795503695,0
1973.5040440366959,-4.336914611110017e-05,0.00011394588169743068,0
1973.5248778284363,-4.7333150332881406e-05,0.00011395045339439158,0
1973.545018380242,1.3635456666284151e-05,0.0001179481693995608,0
1973.5651589003953,-0.0008848028442173306,0.00011394215182275746,0
1973.5859888187724,-0.0008762340366217967,0.00011396028602163308,0
1973.606129055224,-0.0009119289969447213,0.00011798225855861871,0
1973.6262713727501,-0.0009075938657624056,0.0001139847119272204,0
1973.6471010109667,-0.0008542878738483725,0.0001140294016240474,0
1973.6672429291161,-0.0010456296017190363,0.00011802347438537018,0
1973.6873808861703,-0.001382892928133225,0.00011401523971349397,0
1973.7082138925846,-0.0011540831043535718,0.0001140222470594559,0
1973.7290490711005,-0.0008504139659741734,0.0001140509617854559,0
1973.7491883277617,-0.0010101307740057906,0.00011801287091245802,0
1973.7693238315426,-0.0006582616812591649,0.00011402170593243726,0
1973.790162725986,8.788884506648235e-05,0.00011403286156748594,0
1973.8102967246027,0.0001924344151445738,0.00011803449162564651,0
1973.8304387647418,-0.00010192718453351048,0.00011402155519300604,0
1973.8512728154292,2.2042313344133006e-05,0.00011402555474605532,0
1973.8714080844009,9.915994464067858e-05,0.00011805628862153398,0
1973.8915497232765,-0.00015019822154915377,0.00011404167513377542,0
1973.9123828644636,-1.9054267637084398e-05,0.0001140785682947469,0
1973.9332185081535,-8.499157401780734e-05,0.0001140509419740342,0
1973.9533534808977,-0.00022333676037389122,0.00011805066700488838,0
1973.973495486768,5.376236814823967e-05,0.0001140286230484398,0
1973.994827302837,2.0419416354781407e-05,0.00011803839156395536,0
1974.0144673059099,0.00017487233329821833,0.00011804518321342796,0
1974.0346057612305,-2.037358058772451e-05,0.00011401718638746977,0
1974.0554408787127,-7.183215210431136e-05,0.00011396607558852613,0
1974.0755781430184,6.037764216143879e-05,0.00011794353959202341,0
1974.095717714519,8.863058745509863e-05,0.0001139398742232437,0
1974.116552083919,2.785943715462744e-05,0.00011391726396206079,0
1974.1373853238917,-2.963608803162704e-05,0.00011388169276375867,0
1974.156827012614,3.9485257950900066e-05,0.0001223221087867279,0
1974.178358454189,0.0002711919091828983,0.00011789238758630261,0
1974.1984958300702,-1.7306313399028774e-05,0.00011387964333403897,0
1974.2186407893828,0.00013061333086416077,0.00011791035431648785,0
1974.2382785943698,4.6422095732142994e-05,0.0001178449665345681,0
1974.256829692955,0.00021943482355978698,0.0001329727275419629,0
2433.72900099899,-1.0461426097508657e-07,9.862950592332677e-05,0
2433.74956067615,-9.970283964618666e-05,9.863763575760169e-05,0
2433.769929239686,-9.266155967934895e-05,9.865029029229893e-05,0
2433.790302055277,-0.00014167178047983187,9.867967877797471e-05,0
2433.810672117273,-0.0006728173635040032,9.869701101965824e-05,0
2433.8311571808526,-0.001059345252425725,9.819383583079089e-05,0
2433.8516472170018,-0.0012261269229420918,9.88257137795161e-05,0
2433.872013359718,-0.0009851561953040692,9.887551125859509e-05,0
2433.8923839639688,-0.0013051417315468482,9.892574093015528e-05,0
2433.9127559828225,-0.0010368403136396711,9.898048364034917e-05,0
2433.9332438824326,-0.0010709733030627284,9.846148373278041e-05,0
2433.953730608607,-0.0009501192282173795,9.904108076193755e-05,0
2433.9741012624904,-0.0010884325796627389,9.901253135897024e-05,0
2433.994469843898,-0.0009303545636954313,9.904794134547613e-05,0
2434.0148427562426,-0.0006233290929914326,9.915166727142591e-05,0
2434.035324103915,-8.520821644310534e-05,9.864384922517665e-05,0
2434.055812867789,-0.00011674102220459367,9.928306173239475e-05,0
2434.076183128091,0.00011627496154890726,9.936434113316537e-05,0
2434.0965527517646,-0.00018314006371357436,9.944488467040687e-05,0
2434.11692581603,0.00022363857594607015,9.952756188418004e-05,0
2434.1374114986666,0.0002930674822147576,9.903545438084201e-05,0
2434.157898608265,-7.075866782688654e-05,9.961714160496718e-05,0
2434.178271655971,-4.23252569154128e-05,9.960221517877524e-05,0
2434.198639178037,4.31117272807274e-05,9.961293039539856e-05,0
2434.2190634080184,0.00019021221550000688,0.00010018833903565225,0
2434.2394995108275,-9.123437067667734e-05,9.904523170992123e-05,0
2434.25998642966,-1.8486223359261448e-05,9.958894158003745e-05,0
2434.280358486092,-7.1449420085299e-05,9.960489452507942e-05,0
2434.300723288735,0.0002193356110363218,9.960609226009322e-05,0
2434.3210954952287,1.1713495638651023e-06,9.961574589296682e-05,0
2434.341583286864,8.192677790693215e-05,9.910165528811198e-05,0
2434.36206897433,1.607108167332216e-05,9.966840072746764e-05,0
2434.3824382168496,-0.00014667608339348628,9.969040222662416e-05,0
2434.4027179984078,3.109946092037029e-05,0.0001003060282119037,0
2434.4231816214533,7.854913451457032e-05,9.977707700916462e-05,0
2434.4436662711037,-1.1986040423504725e-05,9.923546773767892e-05,0
2434.4642006425274,-1.1702862462024506e-05,0.0001003764517729185,0
2434.484524179358,0.00019206852297497002,9.986707063099085e-05,0
2434.5048943853676,-2.1731794388550023e-05,9.988460541210075e-05,0
2434.5157762599797,-0.0007036133523923773,0.0003824706549096609,0
2625.469474147816,0.00019182497890647882,9.912553568288281e-05,0
2625.489959492924,2.8882258466616767e-05,9.96659061462079e-05,0
2625.510326788978,0.0001215113965011823,9.968491537289676e-05,0
2625.530698314994,-0.0001252121086027605,9.966723182680528e-05,0
2625.5511837312547,3.102269365004876e-05,9.911243512703515e-05,0
2625.571671486814,-0.0006978415524486701,9.96142118762638e-05,0
2625.5920397647205,-0.0011038298752537978,9.960562934598317e-05,0
2625.6124092508926,-0.0009463074537316468,9.961836007192347e-05,0
2625.6328776375735,-0.0007817418854653777,0.00010023140240210972,0
2625.653267533274,-0.0009603777109374731,9.910134660728225e-05,0
2625.673705106657,-0.0009346114844003762,0.00010024214324985864,0
2625.6941214841727,-0.0010167820110998274,9.968260955345991e-05,0
2625.714491011378,-0.0008627373008538727,9.969751652462978e-05,0
2625.7348611565953,-0.0007970443344046904,9.97097971697718e-05,0
2625.7553473720495,-0.000815160049889735,9.915774503385304e-05,0
2625.775831744841,-0.0005278850770530783,9.976776614933021e-05,0
2625.7962562671773,-0.00016178631864608705,0.00010037726585063935,0
2625.8165767375863,7.660427432522366e-05,9.975044225089712e-05,0
2625.83691337345,3.640475754189692e-05,0.00010024713286957086,0
2625.8576175557255,0.00019395750376123702,0.00010014064259102553,0
2625.877918122828,5.743662084614843e-05,9.947869685832042e-05,0
2625.8983283415996,-2.111899226927019e-05,9.990838419383229e-05,0
2625.9186594020994,2.5681636390687974e-05,9.925595117567647e-05,0
2625.9390263697196,0.00017700266236928488,9.916554649063785e-05,0
2625.959513065744,9.296801258958524e-05,9.85579180841646e-05,0
2625.9799989636203,8.66666819889998e-05,9.906921243558399e-05,0
2626.0003670477113,-0.0001040833202388849,9.903825645588714e-05,0
2626.020737514222,-8.18452615315583e-05,9.90335659195689e-05,0
2626.0411085442724,-0.0001645466814494879,9.9013046185901e-05,0
2626.061594012938,2.0499870447774133e-05,9.844204774227673e-05,0
2626.0820241987294,6.298840360797244e-05,9.952426348799656e-05,0
2626.1024494707226,0.0001510010363064971,9.89031213762641e-05,0
2626.1228218100478,7.419704119215855e-05,9.883313804340888e-05,0
2626.143191759837,0.0001951056871067773,9.875561649773089e-05,0
2626.163713444244,7.835188152770756e-05,9.921137997751871e-05,0
2626.1841612248973,-2.79030616758802e-05,9.855441740450035e-05,0
2626.204530515776,0.0002345564177733868,9.853122641637772e-05,0
2626.224876069393,-9.616559878711619e-05,9.907289761981587e-05,0
2626.2452691169265,-1.644688695320266e-05,9.850724658936276e-05,0
2626.264019228646,-2.8211494880708364e-05,0.00010742493726363185,0
2663.4352365465093,-7.658302689491022e-05,9.501119080194762e-05,0
2663.4557226847996,8.35013905095356e-05,9.555643981036447e-05,0
2663.476093530469,1.554999956849811e-05,9.55758111829071e-05,0
2663.4964642050522,6.501227192675205e-05,9.556033441302918e-05,0
2663.5169492844693,-0.00011796979955155136,9.501614954553809e-05,0
2663.537329580506,0.00011240817641441073,9.611347386628064e-05,0
2663.5578051582484,-4.974048466690512e-05,9.555404263032299e-05,0
2663.57817604476,-0.0001043582486706046,9.555605279747862e-05,0
2663.598546372228,9.015342556535198e-05,9.556687766946509e-05,0
2663.619028638305,0.00013350980219714,9.508876122876253e-05,0
2663.6395238244886,5.2949848126277404e-05,9.560672585762222e-05,0
2663.659919232604,7.117608040391829e-05,9.610757680349886e-05,0
2663.6802588053997,7.183254860626376e-05,9.5570484478502e-05,0
2663.70062924418,-4.631491722498662e-05,9.55598181798866e-05,0
2663.7211147809257,0.00020990560187489533,9.50341443429804e-05,0
2663.7416006864228,8.526219756387853e-05,9.557636790497608e-05,0
2663.7619706163773,7.798629063357745e-05,9.557333645825365e-05,0
2663.78234197265,0.00013985076676798733,9.558760356377054e-05,0
2663.8027119199533,-6.823877953484715e-05,9.557418430994054e-05,0
2663.823200147221,1.498231945972948e-05,9.504936578967435e-05,0
2663.843684384638,-4.3607203629958935e-05,9.55834590450634e-05,0
2663.86404229217,-0.00019554338655179582,9.612883440435853e-05,0
2663.8844208408677,2.3016375789837966e-05,9.561837351178098e-05,0
2663.9047957294097,7.365962844239554e-07,9.559911967254578e-05,0
2663.9252795762263,-0.0006745010899100538,9.502958837678223e-05,0
2663.9457667231113,-0.0007114438813765591,9.556804194938787e-05,0
2663.966216384305,-0.0008446686105904332,9.610719254464309e-05,0
2663.9865069933035,-0.0010216649314010527,9.555818937422719e-05,0
2664.0068769533646,-0.0011492538903724976,9.556493856074514e-05,0
2664.027362925191,-0.0008333365910858125,9.503145994900283e-05,0
2664.047848950362,-0.0008885064463739204,9.559056899463323e-05,0
2664.06821928129,-0.0008522703086211007,9.559584745149758e-05,0
2664.0885894345524,-0.0009627276641668518,9.558224420315368e-05,0
2664.108959924338,-0.000795790453268167,9.558976445015347e-05,0
2664.129447457241,-0.00042989143769787546,9.507574472606712e-05,0
2664.1499255679123,5.6806159183457754e-05,9.617524131804306e-05,0
2664.1703028287866,2.979853539686265e-05,9.564070360646732e-05,0
2664.1906732749185,-8.35846099026563e-06,9.563884300297471e-05,0
2664.2110446801316,0.00013199647532672143,9.563978981822656e-05,0
2664.231530210239,0.00010067161406959457,9.51119918391989e-05,0
2664.2520155141706,6.00632049320372e-05,9.566172942442576e-05,0
2664.2723856330554,-6.792625926079965e-05,9.564411399890224e-05,0
2664.2927562580217,-0.00022701101599532326,9.563263704395792e-05,0
2664.3090771544266,-0.00017983809079913818,0.00012323615907486267,0
2701.7635405779715,5.892254196004322e-05,9.754286074809119e-05,0
2701.7840260352973,4.144229799454921e-05,9.809520890343244e-05,0
2701.804394282884,0.00013337059134947574,9.810194329610722e-05,0
2701.8247646067493,0.00012085368686725573,9.81167722930469e-05,0
2701.8451376909757,0.000125749653324841,9.809370731622779e-05,0
2701.8656234474743,2.2271804999306945e-06,9.751559466285924e-05,0
2701.8861104218463,-9.022912936083688e-05,9.805021813670375e-05,0
2701.906480559204,6.433649818110726e-05,9.805258317195101e-05,0
2701.9268507655797,-5.713427922570399e-05,9.803458287327753e-05,0
2701.947221223953,0.00012326274859525616,9.804394948406685e-05,0
2701.967707117667,-0.00022798604618097602,9.748560916662205e-05,0
2701.988193320147,6.851075382801658e-05,9.805257790168934e-05,0
2702.008498964104,0.0001535995255116911,9.860999592034899e-05,0
2702.028886417259,3.092744786156067e-05,9.859696500472618e-05,0
2702.0493058267866,0.0003223644095079569,9.802026617839892e-05,0
2702.069792440941,-0.0001287904822604105,9.743023398443212e-05,0
2702.0902812677514,7.192925909765314e-05,9.79526096166286e-05,0
2702.110534355773,5.647815826052202e-05,9.845103923155306e-05,0
2702.131020597436,-7.557975884730996e-05,9.784196488702209e-05,0
2702.1513905321995,7.438855389315426e-05,9.7824071707968e-05,0
2702.1718757537296,-1.538402805815814e-05,9.725942774940909e-05,0
2702.192362303197,0.00010162723673242934,9.780703015714731e-05,0
2702.2127466519764,-6.187414325367326e-05,9.836503551018512e-05,0
2702.23310741778,-9.825472292144064e-05,9.787722458307047e-05,0
2702.2534746891756,-0.0006736431049300029,9.77994416168668e-05,0
2702.273961295934,-0.0007983727657822634,9.72515125726814e-05,0
2702.2944474948576,-0.000840949100954056,9.779126371182255e-05,0
2702.314817198811,-0.000778742906121277,9.779730341416196e-05,0
2702.3351888716993,-0.000916509870277872,9.777051498607709e-05,0
2702.3555609156,-0.0009581271199354815,9.77515678372838e-05,0
2702.3760467492866,-0.001084429316703434,9.715350929562063e-05,0
2702.3965325954227,-0.0010742872562285299,9.767413543231424e-05,0
2702.4169005152185,-0.0010214467302135466,9.76636480005528e-05,0
2702.43727345367,-0.0008748536428960242,9.762577171167197e-05,0
2702.457642459314,-0.0005387792168735171,9.762118165397904e-05,0
2702.4781290560063,-0.00013706429853281417,9.708071521810875e-05,0
2702.498617233383,0.00019830058372313317,9.76255398564259e-05,0
2702.5189869269666,-3.12889251915971e-05,9.75786762962179e-05,0
2702.5393574110612,5.997237511438909e-05,9.757073791755549e-05,0
2702.55972815091,0.00011355508807792061,9.75590293677673e-05,0
2702.5802140309343,-7.848379662322901e-05,9.697465212411318e-05,0
2702.600699810717,0.00029080298119358526,9.752370869746114e-05,0
2702.6210955394126,6.73169302160059e-05,9.80600812007221e-05,0
2702.641500738638,-4.483377235990676e-05,9.806728598848957e-05,0
2702.661810745985,1.3650266893876738e-05,9.748929117227087e-05,0
2702.682303268698,-3.3530935630270464e-05,9.695652512616693e-05,0
2702.7027874544306,-2.376620344440683e-05,9.74860935435468e-05,0
2702.723198457738,8.293717431216972e-05,9.804231322844311e-05,0
2702.7435267539827,2.2261233316372986e-05,9.746320340759785e-05,0
2702.7638983249753,-1.992543076423469e-05,9.747692620900524e-05,0
2702.7843817592707,1.647696890274134e-05,9.69001070151873e-05,0
2702.804781616706,-1.717594113047098e-05,9.799769284231168e-05,0
2702.8252391643746,0.00019277470150010567,9.742919331827766e-05,0
2702.8456101425872,0.00012361035702556614,9.741128122713254e-05,0
2702.8659827870547,-8.114395680810958e-05,9.739258028746137e-05,0
2702.886466829848,9.7244547130283e-05,9.681450868077099e-05,0
2702.906957359786,-4.330826975910888e-05,9.78922904856254e-05,0
2702.927322692869,0.00014253995584672218,9.731545169852217e-05,0
2702.9453785481296,0.00020232515358687935,0.00011069287524210402,0
2740.127956291184,1.8071233923475507e-05,9.681641125915945e-05,0
2740.1483705258183,-0.00012493842490186361,9.79207189396427e-05,0
2740.1688122891087,0.00010045326748096115,9.734894236123473e-05,0
2740.1891840992557,1.5488589829295548e-05,9.735733629744417e-05,0
2740.2095532056283,-6.357715631072262e-05,9.735562319509201e-05,0
2740.2299976882596,-2.605662265417737e-05,9.737126455814586e-05,0
2740.2505069493886,9.064221391162003e-05,9.79444738861812e-05,0
2740.270897787877,9.768663817739563e-05,9.73804877344349e-05,0
2740.2912697528277,-3.8895962544016335e-06,9.733318861081671e-05,0
2740.31164714563,0.00012871409195712026,9.736667943464798e-05,0
2740.3321212070014,0.00012594831770821707,9.684097152551732e-05,0
2740.3526138753027,0.00012652725369225983,9.729421002541918e-05,0
2740.3729841130357,-0.00018128714117323375,9.7244744099631e-05,0
2740.393355462199,6.768918690579556e-05,9.723286655285547e-05,0
2740.413723230874,2.70677507772723e-05,9.721782200360752e-05,0
2740.4342120737733,6.260435914312209e-06,9.66636246911735e-05,0
2740.4546972591475,9.110904052007598e-06,9.716733432732719e-05,0
2740.475061439295,3.762817477161533e-05,9.720377860374509e-05,0
2740.4954414587455,7.525372402702622e-05,9.717869933748928e-05,0
2740.51580998895,5.65262750925736e-05,9.714336460075219e-05,0
2740.5362977523437,8.667634349061735e-05,9.6616452749885e-05,0
2740.5567825506937,7.89422399149373e-05,9.715425420469951e-05,0
2740.577153694389,3.1701460723894994e-06,9.716474843212375e-05,0
2740.597523579908,-4.401957735068738e-05,9.717480125008055e-05,0
2740.617894647407,-0.0006943679456533885,9.71736247159152e-05,0
2740.638380352015,-0.0009664679925463998,9.662816860650882e-05,0
2740.658869791861,-0.0007611141027080752,9.720373489937075e-05,0
2740.67924002053,-0.0008423781211930225,9.71944270783285e-05,0
2740.699609157493,-0.0008418909981859187,9.720097565493285e-05,0
2740.719981216168,-0.0009190509295493677,9.72124294734756e-05,0
2740.740469735,-0.0007889112740625491,9.666297253385349e-05,0
2740.760952778561,-0.0010178436009894954,9.717750257300677e-05,0
2740.781323736603,-0.0009301033222322537,9.718069685823992e-05,0
2740.8016944610026,-0.0007803426524027032,9.7176955045194e-05,0
2740.8219686069488,-0.0005500421259768951,9.828941311907555e-05,0
2740.842554510445,0.00010419749744406332,9.663205573499794e-05,0
2740.863039252145,0.00014126025507062246,9.715936524909931e-05,0
2740.8834088791555,5.3184007598122324e-05,9.715340268839964e-05,0
2740.9037812798506,0.00010126347122613074,9.713436074590328e-05,0
2740.9241526897163,1.3664786906063492e-05,9.71034910651184e-05,0
2740.9446376441433,-8.894869644321899e-05,9.653048223693798e-05,0
2740.9651246822004,0.0001575845709032321,9.707457177941777e-05,0
2740.9854954162106,9.767151850158603e-05,9.705061496020989e-05,0
2741.0058806929474,-3.904104785935733e-05,9.814620095849372e-05,0
2741.026238527223,-2.927853045773435e-05,9.699743822954839e-05,0
2741.046730027112,0.00014246569698707337,9.70518386967691e-05,0
2741.06721019864,0.00011927968959664049,9.698145984110053e-05,0
2741.0875808986493,0.00017898277222873213,9.694307591338574e-05,0
2741.1079518618903,-2.3494220955368564e-05,9.693191931937151e-05,0
2741.1283247860024,0.00023051787525753996,9.69638591824495e-05,0
2741.14880894106,0.00012754566079509834,9.638061859214717e-05,0
2741.169385619138,-0.0002032778984142572,9.745787919056716e-05,0
2741.189667064167,-3.678120917888996e-06,9.745687721008675e-05,0
2741.210034415642,6.179160329289221e-05,9.691593866890948e-05,0
2741.2304148555827,3.948876138279657e-06,9.692991234341873e-05,0
2741.2508945920863,0.0002270519014798446,9.63437091665778e-05,0
2741.271381724511,-0.0001342908763223757,9.686221352144817e-05,0
2741.2917507984307,-2.1700783560674e-05,9.68616354752914e-05,0
2741.309777492992,0.0002152843826335044,0.00011099596704204975,0
2816.821778311314,7.230706885642944e-05,9.77275682917923e-05,0
2816.8422649174836,6.070266820327208e-05,9.832487299472026e-05,0
2816.862635799113,0.00019473487367492026,9.835242873030848e-05,0
2816.8830075943442,4.0281229797339383e-05,9.835078640149054e-05,0
2816.903379623621,-0.00010727787491684802,9.829688526031636e-05,0
2816.923868709732,3.400648337359165e-05,9.769401680547085e-05,0
2816.9443529754953,5.948984130553685e-05,9.816134664539862e-05,0
2816.964723568995,-2.223361008720468e-06,9.807678476655763e-05,0
2816.9850925588717,-5.666546243796702e-05,9.803429143699696e-05,0
2817.005462789733,3.741227960360271e-05,9.800304391544922e-05,0
2817.025947531249,-8.110182463615863e-05,9.7458795494e-05,0
2817.0464332655015,0.0001302664069031395,9.802871997433478e-05,0
2817.0668057045687,1.965502180648222e-05,9.805811021517621e-05,0
2817.087175061094,0.00018397256503118798,9.811108875117294e-05,0
2817.1075459445847,0.00011273152634143413,9.814904128753131e-05,0
2817.1280356275256,-3.82607602250691e-05,9.763555250625808e-05,0
2817.1485199206672,-2.3602814233836857e-05,9.818283787240435e-05,0
2817.1688917461956,4.76392749862002e-05,9.816296819726132e-05,0
2817.1893200120544,0.00010965124806075373,9.868638500803553e-05,0
2817.2096336001878,-1.4858287465801296e-05,9.807012691018633e-05,0
2817.2301219782535,5.844063625945018e-05,9.746556788738465e-05,0
2817.250619749709,5.0567621952367936e-05,9.852356553788939e-05,0
2817.270978236874,-0.00012072215661083434,9.788813453208864e-05,0
2817.291318453678,-0.00023159897048504718,9.840640656809516e-05,0
2817.3117190441203,-0.0007671955791808759,9.777974877940176e-05,0
2817.3322041601277,-0.0009784181301074244,9.718894797790165e-05,0
2817.3526903210795,-0.0011870906128469156,9.771089903471508e-05,0
2817.3730615369977,-0.0008949742589598366,9.773378692833973e-05,0
2817.393429534729,-0.0011457864029502899,9.77302072742841e-05,0
2817.4137998367714,-0.0011562067838792836,9.776276988439371e-05,0
2817.4342857834968,-0.0010400811861267577,9.726030297063049e-05,0
2817.454771123886,-0.0009330108009242316,9.784115483990849e-05,0
2817.475143337219,-0.0008979390244405465,9.78795083450756e-05,0
2817.495514114384,-0.0010517245595095665,9.79411778275258e-05,0
2817.5158119450707,-0.0007222019586997013,9.857281188799438e-05,0
2817.53636962912,-2.110906107771954e-05,9.75643645072379e-05,0
2817.552923877423,2.701396561842837e-05,0.00012532792926429616,0
2817.578850628774,-2.5155014829208562e-05,0.00010713193317978245,0
2817.5975991206833,7.871738141542518e-05,9.829332522627507e-05,0
2817.618004743422,2.625768655682736e-05,9.885837718728147e-05,0
2817.6384580015656,6.003933084182614e-05,9.7752521407012e-05,0
2817.6589430020367,4.211373643542097e-05,9.830606267455552e-05,0
2817.679316352059,7.531935054647983e-05,9.829898448676941e-05,0
2817.69968607129,8.880040827015667e-05,9.828298026666029e-05,0
2817.7200561002733,4.079027134397247e-05,9.825979343261665e-05,0
2817.7405436989648,9.12499902941369e-05,9.773110096060296e-05,0
2817.7609377341987,-1.7353520828504e-05,9.879196871913355e-05,0
2817.7813982623716,0.00016085654866524414,9.825078132208861e-05,0
2817.8017681440324,-8.65237532014883e-05,9.825281342491043e-05,0
2817.82214061053,6.794551685596704e-05,9.827088010938348e-05,0
2817.842626131311,-0.00013677955569845113,9.773632371232306e-05,0
2817.8631145073987,-5.2089500265001295e-05,9.831329508851793e-05,0
2817.8834982256994,5.089180925797498e-05,9.888234295475703e-05,0
2817.9038502907083,0.0001760725439641282,9.833016762494058e-05,0
2817.924227858811,6.939264483680757e-05,9.823235287355484e-05,0
2817.9447160909185,2.4028789240064285e-05,9.76190515045195e-05,0
2817.96520057544,-1.3173918878605686e-05,9.810755541318392e-05,0
2817.985571516619,0.00021530601856921232,9.80813171144676e-05,0
2818.0036266890356,-9.463083580534082e-05,0.00011153209698044526,0
2931.8728614290035,-2.044650100695648e-05,9.586463067224096e-05,0
2931.8934516704717,-0.00014943007085926606,9.695973401152171e-05,0
2931.913716326172,-0.0010035499485356793,9.637533608791298e-05,0
2931.9340877351665,-0.001171856212073205,9.637193699256744e-05,0
2931.9546418184773,-0.0013461455463651777,9.635337711847435e-05,0
2931.975058153423,-0.0012734186196325964,9.635739839828471e-05,0
2931.995428287777,-0.0011932334781799272,9.63595258096785e-05,0
2932.0158555802022,-0.0006671107463627542,9.693664106490259e-05,0
2932.036167330524,4.046358089682148e-05,9.641295569698728e-05,0
2932.0566538707776,-4.295904564888969e-05,9.586544466426574e-05,0
2932.0771401142692,6.799329179834613e-05,9.641609955422303e-05,0
2932.097625430128,-2.4325134852028864e-05,9.696004526391171e-05,0
2932.117880096697,-1.950919673084487e-05,9.641038279193389e-05,0
2932.1382492056996,-0.00010410862273165438,9.641380836527466e-05,0
2932.1587349819106,-0.00013878799416880536,9.586471646791821e-05,0
2932.1792209398154,1.0136279470343015e-05,9.641017573170194e-05,0
2932.199659600377,0.00011499013600775593,9.697741883210277e-05,0
2932.2199611549886,9.296119284900974e-05,9.641601762903408e-05,0
2932.2403310809586,-0.00016259224726390795,9.64282668632378e-05,0
2932.2608151523395,0.0001232077007785323,9.589038606541719e-05,0
2932.281303251447,0.00013176041553763745,9.642566308171802e-05,0
2932.301679913347,-6.264310599446073e-05,9.65173929023036e-05,0
2932.3220420289845,-0.00014901628893654285,9.641170285768228e-05,0
2932.342412068076,1.3032864540296794e-05,9.642877900262951e-05,0
2932.3628983177964,-0.0010126623003519982,9.584038841281218e-05,0
2932.383383143014,-0.0008614410849256088,9.639488527761466e-05,0
2932.403753591525,-0.0010207001201703488,9.638983014132976e-05,0
2932.424124277997,-0.000831781398909383,9.6387176419838e-05,0
2932.4444927044706,-0.0009151626661100213,9.639502993549407e-05,0
2932.464978339157,-0.0011910126940994701,9.583805141386122e-05,0
2932.4854652087975,-0.0011812655249354472,9.637867039329202e-05,0
2932.5059285948964,-0.0010486548241633506,9.694390100336409e-05,0
2932.5262048768896,-0.0009448773223836928,9.639054946897317e-05,0
2932.5466402764278,-0.0007782662907588451,9.695673297169217e-05,0
2932.5670582476905,-0.0005827063435490183,9.587685668740601e-05,0
2932.5876026561377,-5.251787447260005e-05,9.699071066609572e-05,0
2932.607915550611,0.0001799685761907374,9.645982001525465e-05,0
2932.6282852790205,3.3924427367494274e-05,9.645969283517216e-05,0
2932.6486558084944,7.134871293242023e-05,9.645021344839337e-05,0
2932.669140718485,0.0002866151302928121,9.591681406946906e-05,0
2932.68962732971,9.657044409386356e-05,9.644480685143723e-05,0
2932.7099967606964,0.00012056958851491152,9.644696409490393e-05,0
2932.7303674147483,-4.9024962876692675e-05,9.644090153520819e-05,0
2932.75075384823,-7.402675487558607e-05,9.700236705727833e-05,0
2932.7712222026366,4.410351971801968e-05,9.590029789920423e-05,0
2932.7917086157763,4.2405173723758216e-05,9.645116952660188e-05,0
2932.812077222344,-6.446262846448825e-05,9.644374860313482e-05,0
2932.832449335884,0.00014811248887337296,9.644256035941453e-05,0
2932.8528195914055,-1.2940534493532416e-06,9.644295405774307e-05,0
2932.873303769578,-0.00010403418296955059,9.588844995346835e-05,0
2932.893789955789,0.00022226645953929148,9.64426657025554e-05,0
2932.91416034691,0.00019889963156861213,9.644625224926404e-05,0
2932.9345302845177,9.493088634259398e-05,9.649023809750751e-05,0
2932.954899305065,8.351928393174701e-05,9.64336901026195e-05,0
2932.9753857283945,-0.0001349493028536319,9.588703073150762e-05,0
2932.9958691804577,-7.866733277427524e-05,9.64337514455858e-05,0
2933.016241789909,-3.376797689821632e-05,9.642583281536685e-05,0
2933.0366120982785,7.149004495996604e-06,9.643288266197556e-05,0
2933.054781208472,-0.00013213203889003936,0.00010889039241380983,0
3353.780055087019,0.00010698663962683417,9.660764076033278e-05,0
3353.800560343716,7.748522667395487e-05,9.770761705634689e-05,0
3353.8208846096177,-8.770814554460844e-05,9.769253425939493e-05,0
3353.8412835186273,-3.7832950028693524e-05,9.713620452845449e-05,0
3353.861766220005,0.00013915063028006986,9.660651214834388e-05,0
3353.8822532584927,-5.6079612097715825e-05,9.71357165965981e-05,0
3353.902624717557,-1.4149803012683705e-05,9.715089177617273e-05,0
3353.922926035692,0.00011344679813959873,9.769890921041895e-05,0
3353.94336293776,6.274770646631978e-05,9.713844998174133e-05,0
3353.9638494712995,0.0001963678566674803,9.660188874898953e-05,0
3353.9843346389803,0.00014201377804956038,9.713826719477832e-05,0
3354.0047026176776,2.065801685213375e-05,9.71384897558763e-05,0
3354.0250750092355,0.00015529257299173722,9.714795369316233e-05,0
3354.0454446769086,0.00013434957492069346,9.716836116262043e-05,0
3354.065930952905,0.00012020385350036423,9.659779711647441e-05,0
3354.086415668423,1.6260000659739916e-05,9.714093977124007e-05,0
3354.1067860817525,0.00013445005855770972,9.713659048614005e-05,0
3354.1271554308073,-1.0068728913550445e-05,9.714004000488564e-05,0
3354.1475236754145,-2.25014848242432e-05,9.715317272570671e-05,0
3354.168012096241,0.00020961585291663764,9.660146410432147e-05,0
3354.1885023506447,-1.9917025573503072e-05,9.720766621797744e-05,0
3354.20886810719,-0.0007857937896250653,9.711565827223835e-05,0
3354.229235830636,-0.0009952222872554924,9.710390024264429e-05,0
3354.249606551481,-0.0008659859053411275,9.711103528341534e-05,0
3354.270092971736,-0.0008782646552134718,9.65510501737994e-05,0
3354.2905775344034,-0.0009378269623240935,9.7113022760435e-05,0
3354.310947853151,-0.0010312406569718453,9.709554909414372e-05,0
3354.3313119712448,-0.000834327924382363,9.71884313767335e-05,0
3354.3516892336215,-0.0010852481116625148,9.708890980803174e-05,0
3354.3721751205517,-0.0011045331532304637,9.654359795065309e-05,0
3354.3926598147423,-0.001054642736065252,9.709130361697058e-05,0
3354.4130294992055,-0.0003124736872902213,9.712909524662772e-05,0
3354.4333996407336,-0.00011245744894458203,9.713397223306102e-05,0
3354.453769670729,-9.506103723489906e-05,9.713236974643962e-05,0
3354.474255343122,7.103374488935485e-05,9.660596977983977e-05,0
3354.4947407984873,-1.2006752208624256e-05,9.715179896592665e-05,0
3354.515106403419,0.00011561542804333192,9.71803563286817e-05,0
3354.535481318382,-4.5076625808978755e-05,9.714305954669467e-05,0
3354.5558519702354,-8.355461055735144e-05,9.714684111505302e-05,0
3354.5763369506626,2.0655056749725312e-05,9.660885890980409e-05,0
3354.596822893351,0.0002644938847621101,9.719261804414982e-05,0
3354.6171928111435,-4.921847579040605e-05,9.716102513972673e-05,0
3354.637562316989,5.9781880504258754e-05,9.715811832908784e-05,0
3354.6579323735086,-4.2508029752965825e-05,9.715622235535291e-05,0
3354.6784179078413,0.00019391774989475845,9.662516281576684e-05,0
3354.6989036544423,-4.0768133394298015e-05,9.717715306323149e-05,0
3354.719273508439,-4.063620836629473e-05,9.719773517972749e-05,0
3354.7396421028184,-0.0001949273681376502,9.724491594479892e-05,0
3354.7600108155093,1.0212225946536258e-05,9.73156674080618e-05,0
3354.7804649352975,0.0001999042306455676,9.741931718420644e-05,0
3354.800980447972,-1.744328816015852e-05,9.74991919679015e-05,0
3354.8213505845642,0.00023037133849942035,9.761851367720701e-05,0
3354.8417224368936,1.5965452417222382e-05,9.766474026836898e-05,0
3354.86206486597,0.0001767343629369821,9.828977975816833e-05,0
3354.882577639637,-0.00012453150153128906,9.722646926363687e-05,0
3354.8975105862905,-6.838869971233114e-05,0.0001451025828226625,0
3392.0707844710296,0.00016951056856484605,9.74526522451237e-05,0
3392.0912684420655,7.480270262597927e-05,9.794794826085832e-05,0
3392.111641515117,0.0001009202119278875,9.786855584599897e-05,0
3392.132009933282,8.93368782473442e-05,9.781806423722461e-05,0
3392.1524977666354,-2.8037026569338126e-05,9.719294262601541e-05,0
3392.172983231393,-8.337248713341993e-05,9.768842656046069e-05,0
3392.1933524416318,0.00012653829439714296,9.76487384379162e-05,0
3392.2137222836877,3.376192009419635e-05,9.762990817581092e-05,0
3392.2340930775863,-0.00010988915884277931,9.760927175989166e-05,0
3392.2545791920397,0.00010662515710453773,9.704613826960473e-05,0
3392.275064908956,7.584352714505524e-05,9.758335333336115e-05,0
3392.2954357014787,-8.985128881721535e-05,9.755120567915834e-05,0
3392.315806260908,0.00013433101214814367,9.751965493792089e-05,0
3392.33617683109,0.00023106683576608922,9.748851005944597e-05,0
3392.356662499451,-2.2571949013976596e-05,9.688495921941748e-05,0
3392.377149135793,0.00019251940720454698,9.739425056352012e-05,0
3392.3976136454235,1.7496820700265044e-05,9.791182728566603e-05,0
3392.4178892709615,0.00016901804661891462,9.73200484973919e-05,0
3392.4382602882984,-1.3793503117478504e-05,9.73031719868212e-05,0
3392.4587423666208,-1.6281444736092495e-05,9.670831328716648e-05,0
3392.4792312487357,-4.4839256256337346e-05,9.721128449222046e-05,0
3392.499601007018,-3.787603073591303e-05,9.719420487838581e-05,0
3392.5199714921446,0.00018972941732585288,9.718834029283278e-05,0
3392.5403426606904,5.630012549684983e-05,9.715859611772253e-05,0
3392.560828676726,-0.0006919265933056012,9.65497718987902e-05,0
3392.581315011178,-0.0009151680134927541,9.706004980611467e-05,0
3392.6016838380897,-0.0008226765023926859,9.702754043834705e-05,0
3392.6220566551133,-0.0011898834440744524,9.70706363026819e-05,0
3392.642425936434,-0.0012166402810038863,9.697582627692417e-05,0
3392.6629087791753,-0.0010295205079280556,9.641246721977988e-05,0
3392.68339724109,-0.0010241508774110225,9.693271957916657e-05,0
3392.703766673135,-0.0010729179072459028,9.691338603946359e-05,0
3392.724138198261,-0.0008282065165682062,9.692346009027086e-05,0
3392.744507349414,-0.0008484645057043341,9.68847947114746e-05,0
3392.7649947966233,-0.0006258519103001824,9.635668373665978e-05,0
3392.7854811769,-1.9918383360791243e-05,9.69032177603944e-05,0
3392.805849446435,-4.0510462833911635e-05,9.686730991093366e-05,0
3392.8262202503183,-7.811303758899564e-07,9.685767278762306e-05,0
3392.8465893844823,5.217064275209267e-05,9.684175956838915e-05,0
3392.8670757279,4.102562703066202e-05,9.627598980571868e-05,0
3392.8875616306013,8.800306627524849e-05,9.679798013900829e-05,0
3392.9079330112463,9.673066686138273e-05,9.680521308071837e-05,0
3392.9283027711754,-0.00012611547089774467,9.67666566585254e-05,0
3392.94867417929,-5.8018607743679884e-05,9.674381253205517e-05,0
3392.9691442585936,0.00015036433087694054,9.631908573436401e-05,0
3392.9896461334943,6.135601381740116e-05,9.67236917863222e-05,0
3393.0100170303167,0.00013975921627803475,9.673110362248611e-05,0
3393.030384152797,-9.904061708706389e-05,9.673582894985596e-05,0
3393.0507567915706,0.00020456454236222738,9.673031207886979e-05,0
3393.0712406760053,4.141581567846083e-05,9.624473975917148e-05,0
3393.0917277111225,-9.52426489300286e-05,9.669994009401425e-05,0
3393.112089711564,7.754019974161372e-05,9.677764380311063e-05,0
3393.132470313395,0.0001389249619701679,9.670001903435216e-05,0
3393.152845397303,-5.18742837374532e-05,9.78176628191728e-05,0
3393.173325035588,9.075773988129848e-05,9.615545232556056e-05,0
3393.1938145370145,0.00010400641289503005,9.673173719889952e-05,0
3393.214180106605,-9.259894780326111e-05,9.670367729689366e-05,0
3393.2345515260854,0.00018292971261818898,9.669981584064521e-05,0
3393.252606893211,7.036498501721155e-05,0.00010999324213061584,0
3545.6881116409513,0.00024145067649757808,9.725955482240065e-05,0
3545.7085882949086,8.47519823868872e-05,9.725293545312578e-05,0
3545.7289584446794,0.00021607256905606365,9.725535695322942e-05,0
3545.749283049374,7.701429727556133e-06,9.780089523329291e-05,0
3545.7697000132266,6.435227193545412e-06,9.725031768383194e-05,0
3545.7901878880043,-0.00015025943331635068,9.669888449708902e-05,0
3545.810673227487,-3.323018391178816e-05,9.724784984506944e-05,0
3545.8310436228203,-0.00012569413922476985,9.724924807180823e-05,0
3545.851412430347,2.083351553528723e-05,9.726171378290322e-05,0
3545.871785701964,5.900431397499997e-05,9.725616628381584e-05,0
3545.8921549321485,-0.00017034772807313008,9.724741394787543e-05,0
3545.91272837303,-0.00026806894027564234,9.779777962288203e-05,0
3545.933126794975,-0.0001144441798809948,9.726001493667976e-05,0
3545.9534969903175,1.068222673963795e-05,9.727790199414566e-05,0
3545.9738691563466,-0.000984635658606454,9.721043240520526e-05,0
3545.9943557347933,-0.000969815744117775,9.666769590657198e-05,0
3546.0148416830903,-0.0010744831237315196,9.720387737956966e-05,0
3546.035212872038,-0.0010197513979688074,9.720838225337096e-05,0
3546.055583062503,-0.0010763576607993079,9.72108944467716e-05,0
3546.0759534971044,-0.0011483535885412222,9.720621571131707e-05,0
3546.096440396703,-0.001068777485663519,9.666566647106982e-05,0
3546.1169269177185,-0.0009772695803933094,9.721550606285103e-05,0
3546.1372981894915,-0.0009837379571852056,9.722259851014105e-05,0
3546.157667816201,-0.0008015918477307236,9.722903887317691e-05,0
3546.178041886602,-0.0004501827800769527,9.73228304006787e-05,0
3546.1985255383306,-4.710060732926872e-05,9.671148563312791e-05,0
3546.21901222258,4.533277216036895e-05,9.72592411454674e-05,0
3546.239381887422,9.276614370376929e-05,9.725762785318812e-05,0
3546.2597530243793,7.926460653066717e-06,9.725036434722275e-05,0
3546.2801233836813,-6.883333243666067e-05,9.726419290121334e-05,0
3546.30061074249,0.00014401411115256665,9.671451140147136e-05,0
3546.3210966303727,-1.6081601634398192e-05,9.724822343282826e-05,0
3546.341466389026,6.538256677908577e-05,9.724851663195399e-05,0
3546.3618371497205,5.2810224156949056e-05,9.724780749162622e-05,0
3546.382209371848,3.168861080256087e-05,9.72467460949524e-05,0
3546.4026954960377,-4.545194514877639e-07,9.669413237746234e-05,0
3546.4231820225546,2.561049249084967e-05,9.724703024970385e-05,0
3546.4435512060318,9.530964065864964e-05,9.72466732061499e-05,0
3546.4639220744243,-6.564611277909547e-05,9.723950908178566e-05,0
3546.484284067001,-0.00013723106627119375,9.78010563990083e-05,0
3546.504778825913,0.00017423996090663402,9.671360044644732e-05,0
3546.5252645395653,0.00019464384048013383,9.725550251376797e-05,0
3546.5456367615798,-0.0002940898864575467,9.722741585684426e-05,0
3546.566007208538,0.00011847843743924181,9.724642777879055e-05,0
3546.5863777893046,0.0001966224017625177,9.725126592393425e-05,0
3546.6068636390623,-1.732080424470956e-05,9.669045810981503e-05,0
3546.627348566638,2.8253946238054608e-05,9.72428114579849e-05,0
3546.6477283001623,-0.00011206910542624419,9.72633770201469e-05,0
3546.6660080121965,4.593395470376428e-06,0.00010902757328581338,0
3622.1801833068944,2.30589514180399e-05,9.559281632627253e-05,0
3622.2006432417916,8.540456598773453e-05,9.504736298682739e-05,0
3622.2210127907592,-4.022346681653844e-05,9.504439825087044e-05,0
3622.2413832191005,3.828072396120573e-05,9.505190166133587e-05,0
3622.2618690788363,6.898880059959073e-05,9.451699465871553e-05,0
3622.2823555441832,-4.689960458232679e-05,9.505909103192833e-05,0
3622.3027326934553,6.603714440927744e-05,9.559719662660625e-05,0
3622.3230955645263,-2.7339742371800616e-05,9.505271445120857e-05,0
3622.3434667909,-5.8395060857779176e-05,9.504579228322845e-05,0
3622.364045509859,8.873566175161524e-05,9.506968422468244e-05,0
3622.384457979375,-3.2309952016896975e-05,9.559399615438547e-05,0
3622.4048072735836,1.804226637130634e-05,9.50620396558508e-05,0
3622.425176476021,0.00010993579384518544,9.505999843466003e-05,0
3622.445548316765,0.00022074900583995096,9.505894300766284e-05,0
3622.4660339888355,4.06999386585717e-05,9.451948177589238e-05,0
3622.486615876838,3.901846126308341e-05,9.614793392277829e-05,0
3622.5068911177627,-0.0002950345365967914,9.503659973651505e-05,0
3622.5272610208226,0.00011444220074615356,9.505634526373788e-05,0
3622.547631053749,3.0934712802431485e-05,9.504792839068432e-05,0
3622.568116701658,6.388924444030442e-05,9.451374917319407e-05,0
3622.5886018196534,-5.396696973361638e-05,9.50480991060452e-05,0
3622.608972390971,8.274173183576153e-05,9.505243371700522e-05,0
3622.629342984969,-6.417176491386354e-05,9.505380320524063e-05,0
3622.6497134862907,2.723499594080076e-05,9.504894047671186e-05,0
3622.67019881674,-0.0007244617520398154,9.448201403170212e-05,0
3622.6906848352864,-0.0006690210021074758,9.501383848754823e-05,0
3622.711054572538,-0.000886788418357831,9.501489837067324e-05,0
3622.7314245400803,-0.0010282799669908231,9.50068640388524e-05,0
3622.751795403812,-0.0011052948878914322,9.50002430666745e-05,0
3622.7722812798843,-0.0008917581625880789,9.446637052984308e-05,0
3622.7927671728103,-0.0011073691992695975,9.499616268746896e-05,0
3622.8131376939627,-0.0009670543853170303,9.500006540312553e-05,0
3622.8335099108967,-0.0009330336245638835,9.502312023008195e-05,0
3622.8538769414504,-0.0008371710416145072,9.500522546004498e-05,0
3622.874363130443,-0.00048418995607155623,9.449765759344573e-05,0
3622.894845745757,-1.739898374208053e-05,9.50598120584278e-05,0
3622.9152196664377,-0.00016518340273335614,9.503901799182894e-05,0
3622.935589640972,0.00017930192259985457,9.504713740879054e-05,0
3622.9559584709173,-9.639237024428088e-06,9.507233998006103e-05,0
3622.976444496959,0.00010007923134601605,9.451074228521527e-05,0
3622.9969314309424,-1.4539937988398595e-05,9.505059530725329e-05,0
3623.017302003144,1.840153783157308e-05,9.50442708969596e-05,0
3623.037672367108,-8.176393741031859e-06,9.504501321623233e-05,0
3623.0580421997424,-3.4449442683581336e-05,9.504766758673101e-05,0
3623.0785282025563,1.573405792804544e-05,9.451908179207769e-05,0
3623.099013578836,-3.727892527642116e-05,9.504233625541879e-05,0
3623.1193839085117,-1.807599989238558e-05,9.504692647732647e-05,0
3623.139754694633,-2.5474311637061416e-05,9.504858903177496e-05,0
3623.1601242367883,-1.6928497654499374e-05,9.504784670809116e-05,0
3623.180609362018,-4.023038228430051e-05,9.451047512700794e-05,0
3623.200911887347,0.00012294873395159454,9.615946437149227e-05,0
3623.2214659981537,-0.00010639358034317889,9.504653239539155e-05,0
3623.232924032914,-2.5266999943528376e-06,0.0002688462814734982,0
3660.537621086191,3.798339489570196e-05,9.602371880510308e-05,0
3660.5581072813957,-2.0175696347283603e-05,9.656421927432178e-05,0
3660.578476375692,-0.00017467458444098198,9.655631233074935e-05,0
3660.5988464494562,0.00011576565188138537,9.656671494311786e-05,0
3660.6193322808094,7.336186547660124e-05,9.602048644066876e-05,0
3660.6397884110843,-0.0001052108982037135,9.710746278713761e-05,0
3660.660189596093,-4.1602936810763294e-05,9.656152153407438e-05,0
3660.680557941139,9.079657600800794e-05,9.656307217982462e-05,0
3660.7009281339842,8.582553501321557e-05,9.656029163752469e-05,0
3660.721413891091,9.770384848708296e-05,9.601118414709192e-05,0
3660.7418990047736,5.289616643419612e-05,9.655174752062373e-05,0
3660.762205390084,0.0002503086620427902,9.71098631508843e-05,0
3660.782656242748,-3.374955391180492e-05,9.709421157765259e-05,0
3660.803008784806,2.6761753866415087e-05,9.654323948127139e-05,0
3660.8234945622394,-2.8818226886991048e-05,9.599708077875598e-05,0
3660.843981070378,3.8814104777694657e-05,9.653809039975507e-05,0
3660.8643500762128,-0.0002283380785944828,9.65284811514229e-05,0
3660.88471879686,4.175127657869475e-05,9.655875995354986e-05,0
3660.905091385588,0.00018530539382936734,9.654065660146148e-05,0
3660.9255765018625,0.00010448212875537199,9.598862181314259e-05,0
3660.9460619018423,-9.145032060548603e-05,9.652343756323179e-05,0
3660.9664323338657,4.835871498211942e-05,9.653488985927857e-05,0
3660.9868033075577,5.071791982817141e-05,9.652580732936288e-05,0
3661.0071721814156,-0.0001481227567824018,9.651844864183089e-05,0
3661.0276578427915,-0.0008846294550190184,9.595835398956026e-05,0
3661.0481446687977,-0.00088241433477475,9.647783375901284e-05,0
3661.0685137909113,-0.0010522962121236198,9.647237595109151e-05,0
3661.0888836362274,-0.0009403535976063691,9.646719367786457e-05,0
3661.1092535682997,-0.0008529674723465714,9.646907680539566e-05,0
3661.129739175755,-0.0011459587208948192,9.591451431391203e-05,0
3661.1502256406216,-0.0009594388069187951,9.645825883065137e-05,0
3661.1705952180287,-0.0010212412591436718,9.64625205967922e-05,0
3661.1909656301045,-0.0007719669901162342,9.645841387349017e-05,0
3661.2113355688534,-0.0007710916323500412,9.646560949015627e-05,0
3661.231818696118,-0.0006160905140552282,9.592028917210394e-05,0
3661.2523063906388,0.0002098147363926754,9.649484810202623e-05,0
3661.272676886838,2.228610798824405e-05,9.648757027401497e-05,0
3661.293047163025,-3.7494702188505404e-05,9.64818488744688e-05,0
3661.313414833599,-1.780210711077247e-05,9.649074773449226e-05,0
3661.3339020865933,0.0002542249210094721,9.594403217732854e-05,0
3661.35438764982,0.00013833133620387632,9.648450576429959e-05,0
3661.3747567212345,-0.0001069756553478483,9.647377044134429e-05,0
3661.3951278154354,-5.254309770305227e-05,9.648041704816313e-05,0
3661.415499026556,5.536368099405166e-05,9.64751642377296e-05,0
3661.435950135184,-0.00011853206769525782,9.702079984996584e-05,0
3661.456469821024,0.00016449200537071065,9.647678091388949e-05,0
3661.4768398882097,2.843113900833437e-05,9.646822680194437e-05,0
3661.4972728622815,3.322873212810235e-05,9.704033862953092e-05,0
3661.5175793877206,-3.8709325455378174e-05,9.646460829602648e-05,0
3661.5380655567515,2.6325118918118306e-05,9.59163662047394e-05,0
3661.558551709457,9.686602801701382e-05,9.646436091966559e-05,0
3661.578921067969,-1.8355754896969153e-05,9.646142737335598e-05,0
3661.599385173426,-0.0001250070776107979,9.700573815333999e-05,0
3661.6196608167556,0.00015733174545287914,9.646806180065093e-05,0
3661.640100780225,9.18123244771953e-05,9.646328268699878e-05,0
3661.6606043329066,4.3697099734898514e-05,9.701606613916972e-05,0
3661.6810028401287,0.0001245702365692642,9.646396809591692e-05,0
3661.7013722852744,8.062708293740602e-05,9.646192503457139e-05,0
3661.7194278310285,-6.45760061569992e-05,0.00010972727584311188,0
